Customer_ID,Full_Name,Email,Phone,City,Region,Registration_Date,Gender,Age,Customer_Segment,Account_Status,Year
CUST-000001,Raj Al-Ahmari,raj.alahmari@gmail.com,9.66544E+12,Abha,Eastern Province,2/23/2021,Male,55,Loyal,Active,2021
CUST-000002,Mohammed Al-Qahtani,mohammed.alqahtani@yahoo.com,9.66538E+12,Sakaka,Riyadh Region,3/25/2022,Female,32,Loyal,Inactive,2022
CUST-000003,Maha Al-Rashid,maha.alrashid@yahoo.com,9.66566E+12,Taif,Eastern Province,5/31/2022,Female,24,New,Active,2022
CUST-000004,Saad Patel,saad.patel@hotmail.com,9.66595E+12,Jeddah,Al-Bahah Region,2/24/2025,Male,42,New,Inactive,2025
CUST-000005,Reem Al-Saud,reem.alsaud@icloud.com,9.66559E+12,Tabuk,Al-Bahah Region,10/11/2020,Male,60,Regular,Active,2020
CUST-000006,Fahad Jones,fahad.jones@gmail.com,9.66565E+12,Al-Ahsa,Al-Jawf Region,2/3/2024,Male,41,VIP,Active,2024
CUST-000007,Arjun Davis,arjun.davis@gmail.com,9.666E+12,Khobar,Najran Region,9/29/2022,Male,47,Loyal,Active,2022
CUST-000008,Wu Al-Saud,wu.alsaud@icloud.com,9.66535E+12,Jeddah,Asir Region,5/11/2020,Female,43,VIP,Active,2020
CUST-000009,Noura Huang,noura.huang@hotmail.com,9.6654E+12,Jubail,Northern Borders,2/22/2025,Male,34,Regular,Active,2025
CUST-000010,Sanjay Yang,sanjay.yang@icloud.com,9.66549E+12,Yanbu,Al-Qassim Region,6/23/2024,Female,32,Regular,Inactive,2024
CUST-000011,Olivia Al-Qahtani,olivia.alqahtani@gmail.com,9.66513E+12,Khobar,Al-Jawf Region,9/25/2024,Male,42,Loyal,Inactive,2024
CUST-000012,Matthew Liu,matthew.liu@hotmail.com,9.66581E+12,Medina,Al-Jawf Region,12/28/2022,Female,25,VIP,Active,2022
CUST-000013,Sara Mehta,sara.mehta@gmail.com,9.66548E+12,Khobar,Najran Region,3/11/2021,Female,58,Regular,Active,2021
CUST-000014,James Al-Nasser,james.alnasser@yahoo.com,9.66588E+12,Riyadh,Al-Qassim Region,8/20/2023,Female,19,New,Active,2023
CUST-000015,Yang Martinez,yang.martinez@yahoo.com,9.66504E+12,Al-Kharj,Makkah Region,12/16/2020,Female,22,Regular,Active,2020
CUST-000016,Arjun Wang,arjun.wang@icloud.com,9.66525E+12,Khamis Mushait,Al-Qassim Region,9/29/2024,Male,52,Regular,Active,2024
CUST-000017,William Al-Turki,william.alturki@hotmail.com,9.66578E+12,Al-Ahsa,Makkah Region,10/12/2022,Male,22,VIP,Active,2022
CUST-000018,Harper Yang,harper.yang@yahoo.com,9.66594E+12,Riyadh,Makkah Region,8/29/2020,Male,22,New,Active,2020
CUST-000019,Khalid Zhang,khalid.zhang@yahoo.com,9.6655E+12,Jubail,Asir Region,6/25/2021,Female,33,Loyal,Active,2021
CUST-000020,Aisha Al-Zahrani,aisha.alzahrani@gmail.com,9.66566E+12,Yanbu,Northern Borders,3/27/2025,Male,61,New,Active,2025
CUST-000021,William Al-Mahmoud,william.almahmoud@hotmail.com,9.66514E+12,Tabuk,Asir Region,1/11/2025,Male,45,Regular,Active,2025
CUST-000022,Matthew Garcia,matthew.garcia@gmail.com,9.66578E+12,Medina,Riyadh Region,3/1/2020,Male,33,Regular,Active,2020
CUST-000023,Olivia Wang,olivia.wang@yahoo.com,9.66562E+12,Khobar,Northern Borders,1/9/2020,Female,34,Loyal,Active,2020
CUST-000024,Thomas Al-Mutairi,thomas.almutairi@icloud.com,9.66573E+12,Tabuk,Tabuk Region,6/10/2022,Male,55,New,Active,2022
CUST-000025,Omar Al-Ghamdi,omar.alghamdi@icloud.com,9.66578E+12,Khamis Mushait,Eastern Province,8/20/2020,Male,29,New,Inactive,2020
CUST-000026,Khalid Al-Dosari,khalid.aldosari@yahoo.com,9.66563E+12,Al-Kharj,Asir Region,6/11/2020,Male,44,VIP,Active,2020
CUST-000027,Noura Al-Turki,noura.alturki@hotmail.com,9.66535E+12,Jizan,Eastern Province,5/13/2023,Female,38,New,Active,2023
CUST-000028,Matthew Zhou,matthew.zhou@icloud.com,9.66512E+12,Qassim,Asir Region,9/3/2025,Female,26,VIP,Active,2025
CUST-000029,Yang Garcia,yang.garcia@hotmail.com,9.66543E+12,Al-Ahsa,Najran Region,5/24/2023,Male,60,VIP,Active,2023
CUST-000030,Yang Al-Malki,yang.almalki@hotmail.com,9.66512E+12,Qassim,Eastern Province,1/20/2023,Female,56,Regular,Active,2023
CUST-000031,Noura Al-Dosari,noura.aldosari@hotmail.com,9.66588E+12,Taif,Riyadh Region,1/13/2021,Female,35,New,Active,2021
CUST-000032,Michael Al-Jaber,michael.aljaber@yahoo.com,9.66543E+12,Al-Ahsa,Najran Region,10/17/2024,Male,25,New,Active,2024
CUST-000033,Mia Al-Harbi,mia.alharbi@hotmail.com,9.66598E+12,Dammam,Northern Borders,6/6/2021,Male,37,VIP,Active,2021
CUST-000034,Huang Patel,huang.patel@yahoo.com,9.6654E+12,Medina,Hail Region,7/22/2024,Male,33,Regular,Active,2024
CUST-000035,Yang Nair,yang.nair@gmail.com,9.66525E+12,Yanbu,Al-Jawf Region,10/13/2022,Female,28,New,Active,2022
CUST-000036,Liu Al-Harbi,liu.alharbi@outlook.com,9.66534E+12,Al-Ahsa,Hail Region,6/4/2023,Male,32,New,Active,2023
CUST-000037,William Singh,william.singh@hotmail.com,9.66515E+12,Najran,Al-Jawf Region,9/17/2025,Female,61,VIP,Active,2025
CUST-000038,Abdullah Miller,abdullah.miller@yahoo.com,9.66595E+12,Jeddah,Makkah Region,11/14/2024,Female,64,VIP,Active,2024
CUST-000039,Evelyn Zhang,evelyn.zhang@gmail.com,9.66569E+12,Tabuk,Tabuk Region,6/30/2020,Female,18,Regular,Active,2020
CUST-000040,Thomas Al-Shehri,thomas.alshehri@hotmail.com,9.66595E+12,Medina,Al-Bahah Region,5/15/2023,Female,60,Loyal,Active,2023
CUST-000041,William Al-Mutairi,william.almutairi@hotmail.com,9.66583E+12,Tabuk,Northern Borders,4/1/2024,Male,57,VIP,Active,2024
CUST-000042,Charlotte Al-Rashid,charlotte.alrashid@hotmail.com,9.66544E+12,Yanbu,Al-Qassim Region,8/12/2023,Female,46,Loyal,Active,2023
CUST-000043,Sophia Wang,sophia.wang@yahoo.com,9.66515E+12,Khamis Mushait,Al-Jawf Region,10/4/2023,Male,33,VIP,Active,2023
CUST-000044,Li Williams,li.williams@yahoo.com,9.66502E+12,Abha,Jazan Region,10/25/2020,Female,44,Regular,Active,2020
CUST-000045,Olivia Reddy,olivia.reddy@yahoo.com,9.6653E+12,Riyadh,Makkah Region,10/7/2024,Male,29,Loyal,Active,2024
CUST-000046,Charlotte Garcia,charlotte.garcia@gmail.com,9.66573E+12,Al-Ahsa,Al-Jawf Region,12/15/2025,Female,46,Loyal,Inactive,2025
CUST-000047,Daniel Smith,daniel.smith@outlook.com,9.66574E+12,Abha,Al-Jawf Region,2/9/2023,Female,58,Regular,Active,2023
CUST-000048,Daniel Al-Shehri,daniel.alshehri@hotmail.com,9.66535E+12,Hail,Hail Region,11/26/2020,Male,27,Regular,Active,2020
CUST-000049,Ravi Al-Farsi,ravi.alfarsi@yahoo.com,9.66517E+12,Yanbu,Hail Region,3/23/2025,Female,21,Regular,Active,2025
CUST-000050,Robert Al-Jaber,robert.aljaber@icloud.com,9.66509E+12,Jizan,Jazan Region,1/25/2020,Female,37,Loyal,Active,2020
CUST-000051,Mia Al-Khalifa,mia.alkhalifa@icloud.com,9.66594E+12,Jubail,Asir Region,1/22/2023,Female,49,New,Active,2023
CUST-000052,Michael Al-Turki,michael.alturki@outlook.com,9.66527E+12,Dammam,Al-Qassim Region,12/27/2025,Male,43,New,Active,2025
CUST-000053,Vikram Iyer,vikram.iyer@yahoo.com,9.66573E+12,Jeddah,Tabuk Region,4/1/2024,Female,31,Loyal,Active,2024
CUST-000054,Michael Al-Nasser,michael.alnasser@outlook.com,9.66547E+12,Taif,Makkah Region,4/10/2025,Male,65,New,Active,2025
CUST-000055,Lina Al-Faisal,lina.alfaisal@gmail.com,9.66501E+12,Abha,Asir Region,3/24/2020,Male,33,Regular,Active,2020
CUST-000056,Arjun Al-Ahmari,arjun.alahmari@icloud.com,9.66537E+12,Taif,Hail Region,11/18/2021,Male,28,VIP,Active,2021
CUST-000057,Harper Al-Otaibi,harper.alotaibi@hotmail.com,9.66596E+12,Jizan,Al-Bahah Region,3/23/2022,Male,55,Regular,Active,2022
CUST-000058,Ravi Al-Jaber,ravi.aljaber@hotmail.com,9.66593E+12,Al-Kharj,Riyadh Region,11/23/2023,Female,60,VIP,Active,2023
CUST-000059,Sophia Al-Faisal,sophia.alfaisal@hotmail.com,9.66507E+12,Jubail,Makkah Region,11/10/2024,Female,58,Loyal,Active,2024
CUST-000060,Thomas Johnson,thomas.johnson@icloud.com,9.66549E+12,Qassim,Jazan Region,3/19/2025,Female,64,VIP,Active,2025
CUST-000061,Zhang Garcia,zhang.garcia@gmail.com,9.66547E+12,Abha,Jazan Region,4/1/2024,Female,19,Loyal,Active,2024
CUST-000062,Fatima Li,fatima.li@yahoo.com,9.66554E+12,Hail,Tabuk Region,2/5/2023,Male,51,Regular,Active,2023
CUST-000063,Huda Al-Mahmoud,huda.almahmoud@outlook.com,9.66578E+12,Abha,Al-Bahah Region,5/4/2025,Female,46,New,Active,2025
CUST-000064,Reem Jones,reem.jones@outlook.com,9.66535E+12,Al-Kharj,Hail Region,4/22/2025,Female,45,VIP,Active,2025
CUST-000065,Ravi Mehta,ravi.mehta@hotmail.com,9.66544E+12,Abha,Makkah Region,2/27/2022,Female,25,Regular,Active,2022
CUST-000066,Noura Al-Khalifa,noura.alkhalifa@outlook.com,9.66549E+12,Khamis Mushait,Al-Qassim Region,3/5/2023,Male,30,VIP,Active,2023
CUST-000067,James Johnson,james.johnson@hotmail.com,9.66508E+12,Dammam,Tabuk Region,7/5/2020,Male,53,VIP,Active,2020
CUST-000068,Raj Al-Nasser,raj.alnasser@outlook.com,9.66511E+12,Al-Kharj,Tabuk Region,4/6/2025,Female,46,VIP,Active,2025
CUST-000069,Omar Miller,omar.miller@outlook.com,9.66512E+12,Jizan,Jazan Region,10/30/2020,Male,27,Regular,Inactive,2020
CUST-000070,Dana Al-Qahtani,dana.alqahtani@yahoo.com,9.66518E+12,Yanbu,Al-Qassim Region,7/13/2022,Female,46,Loyal,Active,2022
CUST-000071,Liu Zhao,liu.zhao@outlook.com,9.66549E+12,Sakaka,Riyadh Region,2/10/2021,Male,58,Regular,Active,2021
CUST-000072,Arjun Al-Qahtani,arjun.alqahtani@yahoo.com,9.66533E+12,Qassim,Makkah Region,10/3/2021,Male,44,Loyal,Inactive,2021
CUST-000073,Emma Rodriguez,emma.rodriguez@gmail.com,9.66535E+12,Buraidah,Al-Bahah Region,2/2/2025,Male,61,Regular,Active,2025
CUST-000074,Wei Al-Saud,wei.alsaud@icloud.com,9.66537E+12,Medina,Najran Region,7/9/2022,Male,35,Regular,Active,2022
CUST-000075,Omar Smith,omar.smith@hotmail.com,9.66599E+12,Buraidah,Jazan Region,5/24/2021,Female,62,VIP,Active,2021
CUST-000076,Maha Zhang,maha.zhang@icloud.com,9.66577E+12,Mecca,Al-Qassim Region,6/12/2020,Female,65,VIP,Inactive,2020
CUST-000077,Rana Al-Otaibi,rana.alotaibi@gmail.com,9.66539E+12,Al-Kharj,Riyadh Region,1/8/2023,Male,29,Loyal,Inactive,2023
CUST-000078,Vikram Rao,vikram.rao@hotmail.com,9.66529E+12,Yanbu,Al-Jawf Region,7/7/2025,Male,48,VIP,Active,2025
CUST-000079,Michael Kumar,michael.kumar@gmail.com,9.66525E+12,Yanbu,Al-Bahah Region,7/22/2025,Female,60,Loyal,Inactive,2025
CUST-000080,Ali Mehta,ali.mehta@gmail.com,9.66554E+12,Hail,Makkah Region,7/13/2024,Male,60,Loyal,Active,2024
CUST-000081,Omar Williams,omar.williams@icloud.com,9.66559E+12,Jubail,Al-Jawf Region,12/15/2024,Male,31,VIP,Inactive,2024
CUST-000082,Yousef Rodriguez,yousef.rodriguez@outlook.com,9.66573E+12,Riyadh,Al-Jawf Region,9/7/2022,Male,37,New,Inactive,2022
CUST-000083,Richard Al-Qahtani,richard.alqahtani@yahoo.com,9.66517E+12,Medina,Al-Jawf Region,9/22/2021,Female,63,VIP,Inactive,2021
CUST-000084,Sunil Davis,sunil.davis@outlook.com,9.66577E+12,Abha,Jazan Region,8/15/2021,Female,30,Regular,Active,2021
CUST-000085,Maha Al-Jaber,maha.aljaber@outlook.com,9.66558E+12,Taif,Riyadh Region,3/4/2023,Female,55,Loyal,Active,2023
CUST-000086,Daniel Chen,daniel.chen@outlook.com,9.66555E+12,Qassim,Najran Region,3/25/2024,Female,38,Regular,Active,2024
CUST-000087,Amelia Gupta,amelia.gupta@yahoo.com,9.66562E+12,Hail,Al-Bahah Region,4/21/2025,Female,42,Regular,Active,2025
CUST-000088,Ali Al-Malki,ali.almalki@icloud.com,9.66595E+12,Medina,Jazan Region,2/12/2021,Female,18,Regular,Active,2021
CUST-000089,Liu Al-Faisal,liu.alfaisal@yahoo.com,9.66517E+12,Taif,Hail Region,6/16/2024,Male,39,Loyal,Active,2024
CUST-000090,Raj Al-Hassan,raj.alhassan@outlook.com,9.66581E+12,Sakaka,Makkah Region,8/19/2022,Female,32,New,Active,2022
CUST-000091,Saad Al-Nasser,saad.alnasser@gmail.com,9.66573E+12,Buraidah,Riyadh Region,7/7/2020,Female,21,VIP,Active,2020
CUST-000092,James Iyer,james.iyer@yahoo.com,9.66538E+12,Yanbu,Al-Qassim Region,1/7/2022,Male,29,New,Inactive,2022
CUST-000093,Liu Gupta,liu.gupta@icloud.com,9.66538E+12,Al-Kharj,Eastern Province,8/9/2022,Female,58,VIP,Active,2022
CUST-000094,Rana Al-Turki,rana.alturki@gmail.com,9.66575E+12,Qassim,Eastern Province,10/29/2020,Female,40,VIP,Active,2020
CUST-000095,Ravi Miller,ravi.miller@outlook.com,9.66544E+12,Jizan,Jazan Region,3/12/2021,Male,42,VIP,Inactive,2021
CUST-000096,Reem Al-Mutairi,reem.almutairi@hotmail.com,9.6651E+12,Jizan,Tabuk Region,2/3/2020,Male,56,Loyal,Active,2020
CUST-000097,Nikhil Jones,nikhil.jones@icloud.com,9.66554E+12,Tabuk,Al-Qassim Region,10/23/2022,Male,58,New,Active,2022
CUST-000098,Dana Rao,dana.rao@gmail.com,9.66596E+12,Dammam,Makkah Region,4/23/2023,Female,65,Loyal,Active,2023
CUST-000099,Aisha Al-Malki,aisha.almalki@icloud.com,9.66558E+12,Khamis Mushait,Tabuk Region,11/4/2021,Female,48,VIP,Active,2021
CUST-000100,Li Al-Ahmari,li.alahmari@outlook.com,9.66513E+12,Abha,Al-Jawf Region,6/15/2024,Female,23,Loyal,Active,2024
CUST-000101,Rana Chen,rana.chen@gmail.com,9.66576E+12,Taif,Al-Qassim Region,4/9/2024,Female,24,Regular,Active,2024
CUST-000102,Mohammed Zhou,mohammed.zhou@icloud.com,9.66559E+12,Abha,Al-Jawf Region,9/15/2020,Female,62,VIP,Active,2020
CUST-000103,Abdullah Al-Malki,abdullah.almalki@gmail.com,9.66505E+12,Jubail,Makkah Region,2/2/2021,Male,52,Regular,Active,2021
CUST-000104,Matthew Sharma,matthew.sharma@icloud.com,9.66569E+12,Dammam,Northern Borders,2/9/2021,Female,57,Loyal,Active,2021
CUST-000105,Ali Al-Mutairi,ali.almutairi@hotmail.com,9.66537E+12,Al-Ahsa,Asir Region,1/25/2024,Male,61,VIP,Inactive,2024
CUST-000106,Huang Al-Faisal,huang.alfaisal@hotmail.com,9.66506E+12,Taif,Asir Region,5/15/2021,Female,23,Regular,Inactive,2021
CUST-000107,Mohammed Al-Ghamdi,mohammed.alghamdi@hotmail.com,9.66533E+12,Al-Kharj,Asir Region,10/8/2020,Male,55,Regular,Active,2020
CUST-000108,Michael Al-Jaber,michael.aljaber@yahoo.com,9.66591E+12,Taif,Eastern Province,6/16/2021,Female,29,New,Active,2021
CUST-000109,Yousef Al-Rashid,yousef.alrashid@hotmail.com,9.66539E+12,Hail,Riyadh Region,12/14/2021,Female,21,Regular,Active,2021
CUST-000110,Isabella Al-Ahmari,isabella.alahmari@gmail.com,9.66577E+12,Najran,Najran Region,3/22/2021,Female,50,Regular,Inactive,2021
CUST-000111,Ali Al-Mahmoud,ali.almahmoud@icloud.com,9.66547E+12,Riyadh,Riyadh Region,5/15/2025,Female,45,New,Active,2025
CUST-000112,Sunil Rao,sunil.rao@gmail.com,9.66515E+12,Sakaka,Eastern Province,9/26/2020,Male,35,VIP,Active,2020
CUST-000113,Evelyn Liu,evelyn.liu@hotmail.com,9.66578E+12,Sakaka,Northern Borders,2/10/2021,Male,59,Regular,Active,2021
CUST-000114,Daniel Jones,daniel.jones@outlook.com,9.66557E+12,Jizan,Northern Borders,1/24/2021,Female,45,VIP,Active,2021
CUST-000115,James Al-Farsi,james.alfarsi@outlook.com,9.66512E+12,Mecca,Makkah Region,11/3/2024,Male,65,VIP,Active,2024
CUST-000116,Charlotte Al-Ghamdi,charlotte.alghamdi@icloud.com,9.66589E+12,Hail,Al-Jawf Region,5/15/2021,Female,40,Loyal,Active,2021
CUST-000117,Reem Wu,reem.wu@hotmail.com,9.66552E+12,Al-Kharj,Najran Region,5/21/2022,Male,60,Loyal,Active,2022
CUST-000118,Zhang Al-Zahrani,zhang.alzahrani@hotmail.com,9.66586E+12,Medina,Tabuk Region,7/15/2022,Female,53,New,Inactive,2022
CUST-000119,Wu Al-Turki,wu.alturki@hotmail.com,9.66503E+12,Taif,Al-Bahah Region,6/19/2023,Female,40,New,Active,2023
CUST-000120,Liu Al-Farsi,liu.alfarsi@icloud.com,9.66562E+12,Dammam,Al-Bahah Region,5/5/2020,Male,65,Regular,Active,2020
CUST-000121,Richard Mehta,richard.mehta@hotmail.com,9.66526E+12,Buraidah,Al-Bahah Region,8/21/2023,Male,21,Regular,Active,2023
CUST-000122,Pavan Zhou,pavan.zhou@gmail.com,9.66515E+12,Al-Ahsa,Al-Jawf Region,10/2/2024,Female,56,Loyal,Active,2024
CUST-000123,Maha Brown,maha.brown@icloud.com,9.66516E+12,Yanbu,Makkah Region,3/6/2023,Female,51,VIP,Active,2023
CUST-000124,Lina Reddy,lina.reddy@icloud.com,9.66501E+12,Tabuk,Tabuk Region,5/15/2022,Male,34,VIP,Active,2022
CUST-000125,Abdullah Al-Rashid,abdullah.alrashid@outlook.com,9.66563E+12,Dammam,Northern Borders,12/21/2025,Male,50,VIP,Active,2025
CUST-000126,William Al-Khalifa,william.alkhalifa@gmail.com,9.66561E+12,Al-Ahsa,Makkah Region,7/6/2023,Female,54,Loyal,Active,2023
CUST-000127,Reem Al-Ahmari,reem.alahmari@outlook.com,9.66505E+12,Khobar,Al-Qassim Region,2/27/2025,Female,23,Loyal,Active,2025
CUST-000128,Huda Iyer,huda.iyer@icloud.com,9.66568E+12,Mecca,Northern Borders,6/24/2023,Female,32,VIP,Active,2023
CUST-000129,Khalid Zhang,khalid.zhang@gmail.com,9.66588E+12,Tabuk,Hail Region,12/9/2023,Male,33,New,Active,2023
CUST-000130,Rana Williams,rana.williams@yahoo.com,9.66593E+12,Mecca,Eastern Province,7/16/2025,Female,54,Loyal,Inactive,2025
CUST-000131,Vikram Al-Saud,vikram.alsaud@icloud.com,9.66559E+12,Hail,Eastern Province,12/6/2024,Male,48,Loyal,Active,2024
CUST-000132,Wei Davis,wei.davis@icloud.com,9.66506E+12,Khamis Mushait,Makkah Region,6/25/2023,Female,46,New,Active,2023
CUST-000133,James Rodriguez,james.rodriguez@gmail.com,9.66519E+12,Sakaka,Najran Region,4/23/2024,Female,55,New,Active,2024
CUST-000134,Zhao Huang,zhao.huang@yahoo.com,9.66559E+12,Jubail,Najran Region,9/9/2021,Male,46,New,Active,2021
CUST-000135,Sunil Al-Qahtani,sunil.alqahtani@icloud.com,9.66522E+12,Abha,Al-Bahah Region,11/28/2024,Female,51,Regular,Active,2024
CUST-000136,James Rodriguez,james.rodriguez@outlook.com,9.66566E+12,Sakaka,Riyadh Region,10/2/2023,Male,39,New,Inactive,2023
CUST-000137,Karan Gupta,karan.gupta@hotmail.com,9.6655E+12,Sakaka,Eastern Province,9/27/2023,Male,55,Regular,Active,2023
CUST-000138,Dana Al-Faisal,dana.alfaisal@outlook.com,9.66529E+12,Mecca,Tabuk Region,3/22/2024,Female,26,New,Active,2024
CUST-000139,Sophia Sharma,sophia.sharma@gmail.com,9.66555E+12,Khobar,Asir Region,10/31/2023,Female,30,Regular,Active,2023
CUST-000140,Ibrahim Al-Shehri,ibrahim.alshehri@hotmail.com,9.66518E+12,Qassim,Al-Bahah Region,11/26/2025,Male,60,VIP,Inactive,2025
CUST-000141,Yousef Wu,yousef.wu@outlook.com,9.66523E+12,Khobar,Al-Bahah Region,11/9/2021,Female,20,Loyal,Active,2021
CUST-000142,Karan Al-Mahmoud,karan.almahmoud@yahoo.com,9.66579E+12,Buraidah,Al-Bahah Region,1/12/2025,Male,52,Regular,Active,2025
CUST-000143,Li Wang,li.wang@yahoo.com,9.66559E+12,Al-Ahsa,Jazan Region,2/28/2023,Female,50,Loyal,Active,2023
CUST-000144,Chen Williams,chen.williams@icloud.com,9.66524E+12,Jeddah,Al-Jawf Region,5/22/2025,Female,53,New,Inactive,2025
CUST-000145,Zhang Al-Ahmari,zhang.alahmari@hotmail.com,9.66513E+12,Taif,Jazan Region,10/3/2025,Male,45,New,Active,2025
CUST-000146,Chen Rao,chen.rao@hotmail.com,9.66507E+12,Jeddah,Northern Borders,8/18/2025,Female,33,Loyal,Active,2025
CUST-000147,James Jones,james.jones@gmail.com,9.66552E+12,Hail,Eastern Province,7/17/2021,Male,36,Loyal,Active,2021
CUST-000148,Pavan Al-Hassan,pavan.alhassan@outlook.com,9.66579E+12,Riyadh,Makkah Region,3/18/2020,Female,31,Regular,Inactive,2020
CUST-000149,Amit Wu,amit.wu@icloud.com,9.66562E+12,Buraidah,Asir Region,5/18/2023,Male,21,Regular,Active,2023
CUST-000150,Raj Zhou,raj.zhou@outlook.com,9.66512E+12,Jubail,Al-Qassim Region,3/8/2020,Male,63,Regular,Active,2020
CUST-000151,Thomas Al-Rashid,thomas.alrashid@icloud.com,9.66554E+12,Al-Kharj,Northern Borders,2/6/2022,Male,51,VIP,Active,2022
CUST-000152,Isabella Chen,isabella.chen@icloud.com,9.66588E+12,Riyadh,Northern Borders,4/9/2025,Male,58,Loyal,Active,2025
CUST-000153,Rana Al-Khalifa,rana.alkhalifa@gmail.com,9.66552E+12,Najran,Asir Region,2/28/2021,Female,26,New,Active,2021
CUST-000154,Mia Singh,mia.singh@yahoo.com,9.66577E+12,Khobar,Eastern Province,9/15/2020,Female,20,VIP,Active,2020
CUST-000155,Ali Williams,ali.williams@gmail.com,9.66555E+12,Khamis Mushait,Northern Borders,4/23/2025,Female,20,Regular,Active,2025
CUST-000156,David Al-Jaber,david.aljaber@gmail.com,9.66555E+12,Medina,Hail Region,11/24/2024,Female,65,Loyal,Active,2024
CUST-000157,Michael Johnson,michael.johnson@outlook.com,9.66576E+12,Khamis Mushait,Tabuk Region,12/4/2020,Female,23,Loyal,Inactive,2020
CUST-000158,Chen Johnson,chen.johnson@icloud.com,9.66545E+12,Medina,Makkah Region,9/5/2023,Female,37,Loyal,Inactive,2023
CUST-000159,Sunil Iyer,sunil.iyer@yahoo.com,9.66576E+12,Al-Ahsa,Riyadh Region,12/15/2023,Female,35,New,Active,2023
CUST-000160,Arjun Al-Saud,arjun.alsaud@outlook.com,9.66558E+12,Khobar,Riyadh Region,8/7/2021,Female,20,Regular,Active,2021
CUST-000161,Huda Al-Jaber,huda.aljaber@hotmail.com,9.66556E+12,Al-Kharj,Riyadh Region,9/20/2021,Female,41,VIP,Active,2021
CUST-000162,Pavan Al-Shehri,pavan.alshehri@icloud.com,9.66528E+12,Najran,Northern Borders,7/11/2023,Female,33,New,Active,2023
CUST-000163,Sanjay Johnson,sanjay.johnson@outlook.com,9.66586E+12,Qassim,Makkah Region,12/8/2022,Female,63,Loyal,Active,2022
CUST-000164,Abigail Rodriguez,abigail.rodriguez@outlook.com,9.66533E+12,Dammam,Makkah Region,1/25/2025,Male,63,Loyal,Active,2025
CUST-000165,Li Al-Dosari,li.aldosari@hotmail.com,9.66552E+12,Qassim,Najran Region,4/4/2023,Female,28,Regular,Active,2023
CUST-000166,Sophia Jones,sophia.jones@gmail.com,9.66533E+12,Abha,Jazan Region,4/17/2020,Female,53,VIP,Active,2020
CUST-000167,Li Yang,li.yang@yahoo.com,9.66592E+12,Mecca,Tabuk Region,6/18/2024,Female,51,Loyal,Active,2024
CUST-000168,Chen Huang,chen.huang@gmail.com,9.66525E+12,Mecca,Jazan Region,3/23/2025,Female,26,Regular,Active,2025
CUST-000169,Thomas Zhang,thomas.zhang@gmail.com,9.66518E+12,Dammam,Tabuk Region,11/5/2021,Male,38,Regular,Active,2021
CUST-000170,Isabella Rodriguez,isabella.rodriguez@gmail.com,9.66544E+12,Qassim,Tabuk Region,5/27/2021,Female,57,New,Inactive,2021
CUST-000171,Vikram Smith,vikram.smith@icloud.com,9.66593E+12,Khobar,Al-Jawf Region,10/14/2023,Male,19,New,Active,2023
CUST-000172,Vikram Al-Jaber,vikram.aljaber@icloud.com,9.6655E+12,Tabuk,Al-Qassim Region,9/2/2024,Male,49,VIP,Active,2024
CUST-000173,Emma Garcia,emma.garcia@outlook.com,9.66547E+12,Mecca,Al-Bahah Region,9/2/2020,Male,46,Loyal,Active,2020
CUST-000174,Matthew Brown,matthew.brown@hotmail.com,9.66593E+12,Hail,Al-Bahah Region,7/31/2023,Female,43,Regular,Active,2023
CUST-000175,Sophia Yang,sophia.yang@gmail.com,9.66554E+12,Al-Ahsa,Makkah Region,12/31/2022,Female,33,Regular,Active,2022
CUST-000176,Omar Rodriguez,omar.rodriguez@outlook.com,9.66597E+12,Abha,Eastern Province,9/3/2023,Female,30,Regular,Active,2023
CUST-000177,Sophia Mehta,sophia.mehta@outlook.com,9.66548E+12,Riyadh,Makkah Region,5/29/2024,Female,33,Regular,Inactive,2024
CUST-000178,David Al-Ghamdi,david.alghamdi@gmail.com,9.66548E+12,Sakaka,Al-Jawf Region,4/11/2025,Female,52,New,Active,2025
CUST-000179,Thomas Al-Malki,thomas.almalki@hotmail.com,9.66556E+12,Najran,Riyadh Region,6/28/2024,Male,54,Regular,Active,2024
CUST-000180,Charlotte Rodriguez,charlotte.rodriguez@gmail.com,9.66568E+12,Al-Ahsa,Najran Region,2/19/2023,Male,26,New,Active,2023
CUST-000181,James Singh,james.singh@icloud.com,9.66553E+12,Tabuk,Al-Qassim Region,9/16/2025,Female,50,New,Active,2025
CUST-000182,Ali Al-Malki,ali.almalki@hotmail.com,9.66578E+12,Al-Ahsa,Eastern Province,10/12/2025,Male,38,VIP,Active,2025
CUST-000183,William Zhou,william.zhou@hotmail.com,9.66596E+12,Khamis Mushait,Najran Region,12/20/2025,Female,63,VIP,Active,2025
CUST-000184,Chen Al-Otaibi,chen.alotaibi@hotmail.com,9.66552E+12,Yanbu,Al-Qassim Region,6/14/2023,Male,56,Loyal,Active,2023
CUST-000185,Vikram Al-Jaber,vikram.aljaber@icloud.com,9.66594E+12,Jeddah,Al-Qassim Region,5/21/2025,Male,51,Loyal,Active,2025
CUST-000186,Chen Al-Dosari,chen.aldosari@yahoo.com,9.66509E+12,Medina,Asir Region,3/18/2020,Female,38,Loyal,Active,2020
CUST-000187,Richard Al-Mutairi,richard.almutairi@yahoo.com,9.66568E+12,Sakaka,Jazan Region,9/12/2020,Male,51,Regular,Inactive,2020
CUST-000188,John Al-Turki,john.alturki@outlook.com,9.66586E+12,Hail,Eastern Province,2/25/2025,Female,52,VIP,Active,2025
CUST-000189,Abigail Wang,abigail.wang@yahoo.com,9.66535E+12,Qassim,Tabuk Region,7/10/2022,Female,36,Regular,Active,2022
CUST-000190,John Wang,john.wang@hotmail.com,9.66585E+12,Buraidah,Makkah Region,4/4/2024,Female,40,Regular,Active,2024
CUST-000191,Ali Rodriguez,ali.rodriguez@gmail.com,9.66557E+12,Taif,Al-Bahah Region,5/16/2025,Male,30,VIP,Inactive,2025
CUST-000192,Ravi Davis,ravi.davis@yahoo.com,9.66519E+12,Al-Kharj,Asir Region,9/20/2022,Male,60,Regular,Active,2022
CUST-000193,Omar Al-Zahrani,omar.alzahrani@outlook.com,9.66557E+12,Medina,Al-Jawf Region,7/17/2021,Male,53,Regular,Active,2021
CUST-000194,Vikram Wang,vikram.wang@outlook.com,9.66535E+12,Hail,Tabuk Region,8/30/2020,Male,59,Regular,Inactive,2020
CUST-000195,Sanjay Al-Mahmoud,sanjay.almahmoud@gmail.com,9.66527E+12,Khobar,Riyadh Region,6/14/2024,Female,29,VIP,Active,2024
CUST-000196,Ahmed Martinez,ahmed.martinez@icloud.com,9.66592E+12,Hail,Tabuk Region,2/4/2025,Female,26,Loyal,Active,2025
CUST-000197,Aisha Al-Ahmari,aisha.alahmari@hotmail.com,9.66527E+12,Taif,Al-Bahah Region,2/1/2022,Male,65,VIP,Active,2022
CUST-000198,Amelia Al-Dosari,amelia.aldosari@yahoo.com,9.66529E+12,Jizan,Northern Borders,10/11/2025,Female,23,Loyal,Active,2025
CUST-000199,Fatima Al-Malki,fatima.almalki@outlook.com,9.66554E+12,Riyadh,Tabuk Region,4/20/2024,Male,46,VIP,Active,2024
CUST-000200,Dana Zhao,dana.zhao@icloud.com,9.66505E+12,Najran,Al-Bahah Region,8/25/2022,Male,60,New,Active,2022
CUST-000201,Dana Smith,dana.smith@outlook.com,9.66585E+12,Medina,Al-Jawf Region,4/23/2023,Female,57,Regular,Active,2023
CUST-000202,Yousef Wang,yousef.wang@yahoo.com,9.66579E+12,Najran,Northern Borders,4/12/2025,Male,33,New,Inactive,2025
CUST-000203,Daniel Liu,daniel.liu@hotmail.com,9.66519E+12,Medina,Riyadh Region,9/1/2025,Male,54,Regular,Active,2025
CUST-000204,John Liu,john.liu@outlook.com,9.66514E+12,Al-Kharj,Jazan Region,1/7/2021,Female,21,Loyal,Active,2021
CUST-000205,Sophia Nair,sophia.nair@outlook.com,9.66592E+12,Qassim,Jazan Region,6/16/2023,Male,43,VIP,Active,2023
CUST-000206,Sanjay Brown,sanjay.brown@icloud.com,9.66512E+12,Yanbu,Hail Region,9/18/2020,Male,22,Loyal,Active,2020
CUST-000207,Reem Nair,reem.nair@yahoo.com,9.6653E+12,Yanbu,Hail Region,4/15/2024,Female,42,Loyal,Active,2024
CUST-000208,Karan Al-Turki,karan.alturki@icloud.com,9.6653E+12,Najran,Makkah Region,1/1/2022,Female,51,Regular,Active,2022
CUST-000209,Wang Al-Rashid,wang.alrashid@gmail.com,9.66547E+12,Qassim,Northern Borders,12/18/2025,Female,32,Regular,Active,2025
CUST-000210,David Al-Farsi,david.alfarsi@hotmail.com,9.66533E+12,Jeddah,Al-Jawf Region,9/13/2024,Male,33,Regular,Active,2024
CUST-000211,Saad Wu,saad.wu@gmail.com,9.66579E+12,Jeddah,Asir Region,6/30/2020,Female,46,Regular,Inactive,2020
CUST-000212,Noura Al-Nasser,noura.alnasser@gmail.com,9.66528E+12,Buraidah,Asir Region,7/30/2023,Female,33,VIP,Active,2023
CUST-000213,Arjun Liu,arjun.liu@yahoo.com,9.66565E+12,Taif,Riyadh Region,12/18/2021,Female,53,Loyal,Active,2021
CUST-000214,David Al-Faisal,david.alfaisal@outlook.com,9.66585E+12,Yanbu,Northern Borders,9/3/2021,Female,42,Regular,Inactive,2021
CUST-000215,Emma Garcia,emma.garcia@yahoo.com,9.66543E+12,Al-Ahsa,Riyadh Region,8/17/2024,Female,53,Regular,Active,2024
CUST-000216,Huda Miller,huda.miller@yahoo.com,9.6656E+12,Mecca,Jazan Region,2/28/2024,Male,52,Regular,Active,2024
CUST-000217,Maha Gupta,maha.gupta@icloud.com,9.66592E+12,Mecca,Asir Region,6/7/2022,Female,31,VIP,Active,2022
CUST-000218,Zhao Al-Rashid,zhao.alrashid@yahoo.com,9.66533E+12,Jubail,Asir Region,4/17/2022,Female,33,VIP,Active,2022
CUST-000219,Robert Mehta,robert.mehta@icloud.com,9.66555E+12,Taif,Hail Region,10/1/2025,Female,47,New,Active,2025
CUST-000220,Pavan Kumar,pavan.kumar@yahoo.com,9.66555E+12,Yanbu,Riyadh Region,6/25/2022,Male,19,VIP,Inactive,2022
CUST-000221,Wu Zhao,wu.zhao@icloud.com,9.66565E+12,Dammam,Asir Region,9/13/2023,Male,42,Regular,Active,2023
CUST-000222,Charlotte Al-Faisal,charlotte.alfaisal@hotmail.com,9.66548E+12,Jubail,Jazan Region,11/20/2021,Female,28,Regular,Inactive,2021
CUST-000223,Olivia Johnson,olivia.johnson@icloud.com,9.66508E+12,Jeddah,Makkah Region,7/17/2020,Male,44,Regular,Active,2020
CUST-000224,Khalid Al-Hassan,khalid.alhassan@yahoo.com,9.66504E+12,Khamis Mushait,Jazan Region,3/8/2024,Male,57,Loyal,Active,2024
CUST-000225,Mohammed Al-Rashid,mohammed.alrashid@icloud.com,9.66587E+12,Riyadh,Riyadh Region,12/8/2025,Female,52,VIP,Active,2025
CUST-000226,Sophia Al-Mutairi,sophia.almutairi@outlook.com,9.66522E+12,Medina,Najran Region,9/1/2021,Male,30,VIP,Active,2021
CUST-000227,Maha Reddy,maha.reddy@gmail.com,9.66556E+12,Al-Ahsa,Al-Qassim Region,9/23/2022,Male,37,New,Active,2022
CUST-000228,Fahad Reddy,fahad.reddy@outlook.com,9.66568E+12,Jubail,Riyadh Region,2/8/2020,Male,23,Loyal,Active,2020
CUST-000229,Vikram Singh,vikram.singh@icloud.com,9.66518E+12,Jeddah,Asir Region,5/15/2022,Female,35,New,Active,2022
CUST-000230,Karan Davis,karan.davis@icloud.com,9.666E+12,Jeddah,Eastern Province,7/12/2023,Male,31,Regular,Active,2023
CUST-000231,Wu Al-Shehri,wu.alshehri@hotmail.com,9.66529E+12,Abha,Al-Qassim Region,5/12/2024,Female,42,Regular,Active,2024
CUST-000232,Sophia Al-Khalifa,sophia.alkhalifa@hotmail.com,9.66502E+12,Yanbu,Asir Region,11/7/2020,Female,56,Loyal,Active,2020
CUST-000233,Mohammed Al-Saud,mohammed.alsaud@hotmail.com,9.66578E+12,Abha,Hail Region,3/17/2024,Female,29,Loyal,Active,2024
CUST-000234,Nikhil Zhou,nikhil.zhou@hotmail.com,9.66532E+12,Mecca,Tabuk Region,9/23/2021,Female,63,Regular,Active,2021
CUST-000235,John Sharma,john.sharma@gmail.com,9.66511E+12,Buraidah,Jazan Region,1/14/2024,Female,24,Regular,Active,2024
CUST-000236,Fatima Iyer,fatima.iyer@outlook.com,9.66588E+12,Khamis Mushait,Northern Borders,2/27/2021,Male,23,VIP,Inactive,2021
CUST-000237,Fahad Wu,fahad.wu@icloud.com,9.66556E+12,Riyadh,Tabuk Region,8/21/2024,Female,23,Regular,Inactive,2024
CUST-000238,Isabella Smith,isabella.smith@outlook.com,9.66523E+12,Taif,Tabuk Region,1/4/2023,Female,27,New,Active,2023
CUST-000239,Thomas Davis,thomas.davis@outlook.com,9.66547E+12,Mecca,Hail Region,10/27/2022,Male,64,Loyal,Inactive,2022
CUST-000240,Abigail Williams,abigail.williams@outlook.com,9.66513E+12,Buraidah,Riyadh Region,6/8/2024,Female,57,Loyal,Active,2024
CUST-000241,Daniel Singh,daniel.singh@outlook.com,9.66593E+12,Buraidah,Hail Region,4/2/2022,Female,38,Regular,Active,2022
CUST-000242,John Rodriguez,john.rodriguez@outlook.com,9.66594E+12,Hail,Northern Borders,2/22/2023,Female,41,New,Inactive,2023
CUST-000243,Aisha Zhao,aisha.zhao@icloud.com,9.66528E+12,Riyadh,Al-Bahah Region,3/5/2025,Male,46,VIP,Active,2025
CUST-000244,Chen Nair,chen.nair@outlook.com,9.6653E+12,Buraidah,Asir Region,10/31/2022,Male,63,Loyal,Active,2022
CUST-000245,Khalid Rao,khalid.rao@icloud.com,9.66579E+12,Jizan,Najran Region,9/6/2025,Female,52,New,Active,2025
CUST-000246,Ravi Chen,ravi.chen@icloud.com,9.66512E+12,Abha,Al-Jawf Region,12/25/2023,Male,59,New,Inactive,2023
CUST-000247,Vikram Al-Dosari,vikram.aldosari@outlook.com,9.66557E+12,Medina,Riyadh Region,2/7/2021,Female,32,Regular,Active,2021
CUST-000248,James Reddy,james.reddy@outlook.com,9.66598E+12,Dammam,Hail Region,4/10/2020,Female,24,VIP,Active,2020
CUST-000249,Zhao Al-Qahtani,zhao.alqahtani@gmail.com,9.66526E+12,Buraidah,Hail Region,2/8/2025,Male,51,Loyal,Active,2025
CUST-000250,Emma Al-Zahrani,emma.alzahrani@outlook.com,9.66575E+12,Mecca,Tabuk Region,7/2/2020,Male,19,VIP,Active,2020
CUST-000251,Karan Smith,karan.smith@yahoo.com,9.66583E+12,Qassim,Eastern Province,9/17/2023,Female,47,Regular,Active,2023
CUST-000252,Raj Johnson,raj.johnson@yahoo.com,9.66566E+12,Riyadh,Al-Bahah Region,3/19/2022,Female,55,Loyal,Active,2022
CUST-000253,Ahmed Al-Hassan,ahmed.alhassan@yahoo.com,9.66535E+12,Mecca,Al-Qassim Region,2/20/2021,Male,41,VIP,Active,2021
CUST-000254,Matthew Al-Ahmari,matthew.alahmari@hotmail.com,9.66578E+12,Hail,Al-Qassim Region,5/10/2024,Female,55,New,Active,2024
CUST-000255,David Mehta,david.mehta@icloud.com,9.66525E+12,Sakaka,Al-Qassim Region,12/13/2020,Male,38,New,Active,2020
CUST-000256,Dana Al-Ahmari,dana.alahmari@yahoo.com,9.66553E+12,Khamis Mushait,Northern Borders,9/9/2024,Male,54,Loyal,Active,2024
CUST-000257,Fatima Li,fatima.li@icloud.com,9.66528E+12,Khobar,Jazan Region,3/29/2023,Male,29,VIP,Active,2023
CUST-000258,Abigail Al-Ghamdi,abigail.alghamdi@hotmail.com,9.66508E+12,Dammam,Asir Region,4/21/2024,Female,44,Loyal,Active,2024
CUST-000259,Sunil Rao,sunil.rao@outlook.com,9.66522E+12,Al-Kharj,Riyadh Region,6/22/2022,Female,20,VIP,Active,2022
CUST-000260,Mia Rodriguez,mia.rodriguez@yahoo.com,9.66579E+12,Jubail,Najran Region,9/23/2025,Male,54,New,Active,2025
CUST-000261,Nikhil Chen,nikhil.chen@hotmail.com,9.66582E+12,Al-Ahsa,Najran Region,6/14/2022,Female,24,Regular,Active,2022
CUST-000262,Liu Al-Harbi,liu.alharbi@outlook.com,9.66546E+12,Mecca,Jazan Region,4/25/2021,Male,31,VIP,Inactive,2021
CUST-000263,Raj Iyer,raj.iyer@yahoo.com,9.66593E+12,Tabuk,Asir Region,8/31/2020,Female,52,VIP,Inactive,2020
CUST-000264,Mia Smith,mia.smith@hotmail.com,9.66545E+12,Al-Kharj,Tabuk Region,10/8/2025,Male,26,Loyal,Active,2025
CUST-000265,Maha Al-Faisal,maha.alfaisal@yahoo.com,9.66524E+12,Dammam,Al-Bahah Region,8/12/2023,Male,61,Loyal,Active,2023
CUST-000266,Ibrahim Huang,ibrahim.huang@hotmail.com,9.66566E+12,Al-Ahsa,Makkah Region,1/16/2021,Female,50,VIP,Active,2021
CUST-000267,Matthew Li,matthew.li@hotmail.com,9.66591E+12,Mecca,Al-Bahah Region,2/20/2025,Female,22,Loyal,Active,2025
CUST-000268,Thomas Brown,thomas.brown@outlook.com,9.66545E+12,Buraidah,Hail Region,6/18/2021,Female,39,New,Active,2021
CUST-000269,Saad Al-Saud,saad.alsaud@outlook.com,9.66503E+12,Khobar,Jazan Region,2/12/2025,Male,45,Regular,Active,2025
CUST-000270,Yang Al-Faisal,yang.alfaisal@hotmail.com,9.66525E+12,Mecca,Al-Jawf Region,1/16/2024,Female,23,VIP,Active,2024
CUST-000271,Omar Reddy,omar.reddy@hotmail.com,9.66537E+12,Mecca,Al-Bahah Region,1/24/2021,Male,31,Loyal,Active,2021
CUST-000272,Yousef Zhao,yousef.zhao@yahoo.com,9.66587E+12,Riyadh,Riyadh Region,11/8/2023,Male,45,Regular,Active,2023
CUST-000273,Khalid Jones,khalid.jones@outlook.com,9.66512E+12,Medina,Hail Region,2/14/2024,Female,26,Loyal,Active,2024
CUST-000274,Vikram Al-Dosari,vikram.aldosari@yahoo.com,9.66518E+12,Al-Kharj,Riyadh Region,11/3/2021,Female,40,Regular,Active,2021
CUST-000275,Zhao Nair,zhao.nair@icloud.com,9.66574E+12,Mecca,Makkah Region,7/27/2021,Male,55,Loyal,Active,2021
CUST-000276,Thomas Kumar,thomas.kumar@yahoo.com,9.66535E+12,Mecca,Asir Region,3/13/2023,Male,60,VIP,Active,2023
CUST-000277,Isabella Wu,isabella.wu@icloud.com,9.66536E+12,Buraidah,Al-Jawf Region,8/11/2020,Male,49,Loyal,Active,2020
CUST-000278,Huda Li,huda.li@icloud.com,9.66518E+12,Riyadh,Hail Region,7/20/2023,Male,42,Loyal,Active,2023
CUST-000279,Mia Al-Dosari,mia.aldosari@yahoo.com,9.66572E+12,Riyadh,Al-Qassim Region,10/3/2020,Male,34,Regular,Active,2020
CUST-000280,Wu Al-Ghamdi,wu.alghamdi@outlook.com,9.66585E+12,Khamis Mushait,Northern Borders,9/30/2024,Female,23,Regular,Active,2024
CUST-000281,Fahad Martinez,fahad.martinez@gmail.com,9.66584E+12,Dammam,Najran Region,8/31/2023,Female,55,New,Active,2023
CUST-000282,Ravi Iyer,ravi.iyer@yahoo.com,9.66504E+12,Mecca,Northern Borders,4/20/2021,Female,57,New,Active,2021
CUST-000283,Arjun Al-Khalifa,arjun.alkhalifa@yahoo.com,9.66511E+12,Dammam,Al-Bahah Region,2/16/2020,Male,49,VIP,Inactive,2020
CUST-000284,Isabella Al-Mahmoud,isabella.almahmoud@hotmail.com,9.66526E+12,Dammam,Al-Bahah Region,1/5/2023,Male,19,VIP,Active,2023
CUST-000285,Maha Liu,maha.liu@gmail.com,9.66549E+12,Mecca,Jazan Region,2/7/2025,Female,21,Loyal,Inactive,2025
CUST-000286,Sara Sharma,sara.sharma@yahoo.com,9.66542E+12,Al-Kharj,Al-Jawf Region,4/17/2021,Male,65,New,Active,2021
CUST-000287,Zhang Al-Rashid,zhang.alrashid@yahoo.com,9.66507E+12,Najran,Northern Borders,9/6/2021,Male,20,Loyal,Active,2021
CUST-000288,John Garcia,john.garcia@outlook.com,9.66555E+12,Mecca,Al-Qassim Region,3/7/2024,Male,50,New,Active,2024
CUST-000289,Lina Liu,lina.liu@gmail.com,9.66562E+12,Al-Ahsa,Tabuk Region,6/26/2023,Female,23,Loyal,Active,2023
CUST-000290,James Williams,james.williams@hotmail.com,9.66595E+12,Sakaka,Asir Region,3/15/2025,Female,55,Loyal,Active,2025
CUST-000291,Amit Chen,amit.chen@yahoo.com,9.66521E+12,Yanbu,Riyadh Region,8/12/2022,Female,58,New,Active,2022
CUST-000292,Ahmed Al-Nasser,ahmed.alnasser@outlook.com,9.66542E+12,Tabuk,Najran Region,9/2/2022,Female,49,New,Active,2022
CUST-000293,Sunil Davis,sunil.davis@gmail.com,9.66504E+12,Khamis Mushait,Northern Borders,3/5/2024,Female,65,New,Inactive,2024
CUST-000294,Saad Zhang,saad.zhang@yahoo.com,9.66562E+12,Al-Kharj,Al-Qassim Region,9/12/2020,Female,60,Regular,Active,2020
CUST-000295,Reem Miller,reem.miller@hotmail.com,9.66565E+12,Hail,Jazan Region,1/18/2023,Male,22,Regular,Active,2023
CUST-000296,Nikhil Al-Jaber,nikhil.aljaber@icloud.com,9.66513E+12,Medina,Eastern Province,1/15/2025,Female,38,Loyal,Active,2025
CUST-000297,Mia Patel,mia.patel@yahoo.com,9.66575E+12,Al-Ahsa,Tabuk Region,5/6/2021,Male,28,VIP,Inactive,2021
CUST-000298,Ali Brown,ali.brown@hotmail.com,9.66522E+12,Abha,Hail Region,6/11/2024,Male,61,VIP,Active,2024
CUST-000299,Chen Johnson,chen.johnson@gmail.com,9.66567E+12,Qassim,Al-Bahah Region,10/20/2022,Male,47,New,Active,2022
CUST-000300,Abdullah Al-Rashid,abdullah.alrashid@gmail.com,9.66533E+12,Tabuk,Northern Borders,3/4/2024,Male,55,VIP,Active,2024
CUST-000301,Mohammed Al-Shehri,mohammed.alshehri@yahoo.com,9.66573E+12,Mecca,Hail Region,5/16/2021,Male,47,New,Active,2021
CUST-000302,Wu Huang,wu.huang@outlook.com,9.66568E+12,Riyadh,Northern Borders,10/13/2024,Male,40,Regular,Active,2024
CUST-000303,Maha Davis,maha.davis@outlook.com,9.66521E+12,Sakaka,Al-Qassim Region,10/3/2022,Female,49,Loyal,Inactive,2022
CUST-000304,Emma Al-Ghamdi,emma.alghamdi@gmail.com,9.66546E+12,Dammam,Northern Borders,3/27/2022,Male,58,New,Active,2022
CUST-000305,Wei Al-Hassan,wei.alhassan@hotmail.com,9.66578E+12,Jubail,Hail Region,8/19/2025,Female,42,VIP,Active,2025
CUST-000306,Mohammed Kumar,mohammed.kumar@icloud.com,9.66531E+12,Taif,Riyadh Region,4/16/2025,Female,55,Regular,Active,2025
CUST-000307,Saad Garcia,saad.garcia@yahoo.com,9.66548E+12,Jeddah,Asir Region,5/9/2024,Female,29,Regular,Active,2024
CUST-000308,Harper Kumar,harper.kumar@hotmail.com,9.66591E+12,Najran,Al-Qassim Region,8/5/2021,Male,49,VIP,Active,2021
CUST-000309,Olivia Al-Harbi,olivia.alharbi@gmail.com,9.66504E+12,Sakaka,Asir Region,3/22/2020,Female,18,VIP,Inactive,2020
CUST-000310,Aisha Al-Malki,aisha.almalki@hotmail.com,9.66525E+12,Jeddah,Riyadh Region,8/28/2021,Male,25,VIP,Active,2021
CUST-000311,James Al-Hassan,james.alhassan@outlook.com,9.66592E+12,Hail,Tabuk Region,8/14/2023,Male,28,Loyal,Active,2023
CUST-000312,Vikram Kumar,vikram.kumar@yahoo.com,9.66589E+12,Najran,Asir Region,12/19/2021,Female,37,VIP,Active,2021
CUST-000313,Fatima Al-Mahmoud,fatima.almahmoud@gmail.com,9.66596E+12,Al-Kharj,Riyadh Region,1/15/2022,Female,57,Regular,Inactive,2022
CUST-000314,Saad Li,saad.li@yahoo.com,9.66552E+12,Abha,Hail Region,8/1/2023,Male,58,New,Active,2023
CUST-000315,Daniel Al-Rashid,daniel.alrashid@hotmail.com,9.66534E+12,Mecca,Hail Region,11/17/2022,Male,64,New,Active,2022
CUST-000316,Robert Rao,robert.rao@outlook.com,9.66527E+12,Jubail,Northern Borders,12/9/2023,Female,24,Loyal,Inactive,2023
CUST-000317,Vikram Al-Nasser,vikram.alnasser@yahoo.com,9.66527E+12,Mecca,Riyadh Region,4/22/2023,Male,38,VIP,Active,2023
CUST-000318,Khalid Singh,khalid.singh@yahoo.com,9.66563E+12,Mecca,Najran Region,1/16/2021,Female,56,Loyal,Active,2021
CUST-000319,Thomas Al-Faisal,thomas.alfaisal@yahoo.com,9.66597E+12,Khobar,Riyadh Region,2/18/2021,Female,31,Regular,Active,2021
CUST-000320,Ravi Yang,ravi.yang@icloud.com,9.6655E+12,Buraidah,Tabuk Region,8/30/2022,Male,21,Loyal,Inactive,2022
CUST-000321,Charlotte Li,charlotte.li@yahoo.com,9.66506E+12,Riyadh,Northern Borders,12/24/2020,Female,60,Loyal,Active,2020
CUST-000322,Saad Al-Otaibi,saad.alotaibi@yahoo.com,9.6653E+12,Buraidah,Makkah Region,4/23/2025,Male,37,Loyal,Active,2025
CUST-000323,Olivia Al-Turki,olivia.alturki@hotmail.com,9.6652E+12,Qassim,Northern Borders,1/27/2022,Female,42,VIP,Active,2022
CUST-000324,Daniel Al-Harbi,daniel.alharbi@hotmail.com,9.66577E+12,Taif,Asir Region,1/5/2023,Male,27,New,Active,2023
CUST-000325,Arjun Patel,arjun.patel@icloud.com,9.66569E+12,Abha,Najran Region,9/6/2020,Female,51,Loyal,Inactive,2020
CUST-000326,Karan Wang,karan.wang@icloud.com,9.66537E+12,Buraidah,Makkah Region,6/5/2024,Male,50,Regular,Active,2024
CUST-000327,Pavan Rao,pavan.rao@yahoo.com,9.66524E+12,Tabuk,Eastern Province,6/23/2020,Female,23,Loyal,Active,2020
CUST-000328,Chen Al-Saud,chen.alsaud@yahoo.com,9.66594E+12,Hail,Al-Bahah Region,10/1/2020,Male,42,Loyal,Inactive,2020
CUST-000329,John Davis,john.davis@icloud.com,9.66571E+12,Sakaka,Al-Qassim Region,11/10/2025,Female,25,Loyal,Active,2025
CUST-000330,Ibrahim Huang,ibrahim.huang@icloud.com,9.66592E+12,Medina,Al-Qassim Region,2/17/2021,Female,52,VIP,Active,2021
CUST-000331,Rana Gupta,rana.gupta@outlook.com,9.66599E+12,Jubail,Riyadh Region,12/6/2021,Female,43,Regular,Inactive,2021
CUST-000332,Evelyn Al-Dosari,evelyn.aldosari@outlook.com,9.66506E+12,Hail,Al-Bahah Region,8/31/2022,Male,65,Loyal,Active,2022
CUST-000333,Huang Sharma,huang.sharma@gmail.com,9.66555E+12,Buraidah,Tabuk Region,7/6/2025,Male,32,Regular,Active,2025
CUST-000334,Sanjay Rao,sanjay.rao@hotmail.com,9.66547E+12,Sakaka,Al-Jawf Region,12/31/2020,Male,46,Regular,Active,2020
CUST-000335,Sanjay Li,sanjay.li@icloud.com,9.66552E+12,Khamis Mushait,Eastern Province,9/25/2020,Female,63,Loyal,Active,2020
CUST-000336,Nikhil Liu,nikhil.liu@icloud.com,9.66503E+12,Tabuk,Asir Region,8/24/2020,Male,20,Loyal,Active,2020
CUST-000337,Zhao Sharma,zhao.sharma@yahoo.com,9.66546E+12,Al-Ahsa,Najran Region,6/13/2024,Male,61,New,Active,2024
CUST-000338,James Li,james.li@icloud.com,9.66573E+12,Jubail,Al-Qassim Region,12/3/2023,Female,28,VIP,Active,2023
CUST-000339,Reem Al-Otaibi,reem.alotaibi@outlook.com,9.66503E+12,Al-Kharj,Asir Region,6/25/2022,Male,61,Regular,Active,2022
CUST-000340,Vikram Nair,vikram.nair@icloud.com,9.66501E+12,Jubail,Eastern Province,12/10/2021,Male,32,VIP,Inactive,2021
CUST-000341,Li Martinez,li.martinez@hotmail.com,9.66566E+12,Najran,Jazan Region,10/29/2022,Male,47,VIP,Inactive,2022
CUST-000342,Chen Zhou,chen.zhou@outlook.com,9.66592E+12,Riyadh,Najran Region,3/12/2024,Female,37,New,Active,2024
CUST-000343,Khalid Singh,khalid.singh@hotmail.com,9.66555E+12,Taif,Al-Jawf Region,5/8/2023,Male,27,Regular,Active,2023
CUST-000344,Li Wu,li.wu@outlook.com,9.66553E+12,Riyadh,Al-Jawf Region,7/30/2025,Female,34,Loyal,Active,2025
CUST-000345,Robert Al-Khalifa,robert.alkhalifa@gmail.com,9.66599E+12,Tabuk,Hail Region,6/29/2022,Female,60,VIP,Inactive,2022
CUST-000346,Dana Smith,dana.smith@icloud.com,9.66525E+12,Medina,Jazan Region,6/8/2021,Female,64,Regular,Active,2021
CUST-000347,Vikram Al-Qahtani,vikram.alqahtani@yahoo.com,9.66554E+12,Buraidah,Northern Borders,9/19/2023,Female,34,VIP,Active,2023
CUST-000348,Zhang Al-Ahmari,zhang.alahmari@outlook.com,9.6651E+12,Al-Kharj,Al-Qassim Region,10/18/2020,Female,30,New,Active,2020
CUST-000349,Isabella Martinez,isabella.martinez@outlook.com,9.66503E+12,Dammam,Asir Region,11/4/2023,Female,54,Loyal,Active,2023
CUST-000350,John Al-Hassan,john.alhassan@yahoo.com,9.66518E+12,Hail,Al-Jawf Region,12/25/2021,Female,58,New,Active,2021
CUST-000351,Daniel Davis,daniel.davis@yahoo.com,9.66529E+12,Khobar,Jazan Region,12/26/2020,Male,57,Loyal,Active,2020
CUST-000352,William Iyer,william.iyer@outlook.com,9.66561E+12,Jeddah,Najran Region,3/27/2022,Female,18,VIP,Inactive,2022
CUST-000353,Aisha Al-Otaibi,aisha.alotaibi@gmail.com,9.66534E+12,Najran,Tabuk Region,6/12/2021,Male,42,VIP,Active,2021
CUST-000354,Khalid Al-Harbi,khalid.alharbi@hotmail.com,9.66547E+12,Khamis Mushait,Al-Qassim Region,11/16/2025,Female,45,Regular,Active,2025
CUST-000355,Huang Li,huang.li@hotmail.com,9.66533E+12,Jizan,Riyadh Region,7/24/2022,Male,64,Regular,Active,2022
CUST-000356,Amit Al-Otaibi,amit.alotaibi@icloud.com,9.66583E+12,Medina,Hail Region,6/2/2020,Female,58,VIP,Inactive,2020
CUST-000357,Abigail Al-Ghamdi,abigail.alghamdi@icloud.com,9.6651E+12,Medina,Al-Jawf Region,3/21/2020,Male,62,New,Active,2020
CUST-000358,Daniel Gupta,daniel.gupta@gmail.com,9.66584E+12,Jubail,Al-Bahah Region,9/19/2021,Male,62,New,Active,2021
CUST-000359,Richard Al-Turki,richard.alturki@gmail.com,9.66585E+12,Sakaka,Al-Qassim Region,7/15/2021,Female,24,New,Active,2021
CUST-000360,Abdullah Al-Zahrani,abdullah.alzahrani@outlook.com,9.66539E+12,Tabuk,Tabuk Region,11/12/2025,Male,40,Loyal,Active,2025
CUST-000361,Sara Al-Harbi,sara.alharbi@icloud.com,9.66574E+12,Jubail,Hail Region,8/18/2022,Male,18,New,Active,2022
CUST-000362,Wang Huang,wang.huang@outlook.com,9.66522E+12,Khamis Mushait,Makkah Region,2/18/2021,Female,59,Regular,Active,2021
CUST-000363,Reem Miller,reem.miller@outlook.com,9.66502E+12,Khobar,Riyadh Region,4/5/2023,Female,61,VIP,Active,2023
CUST-000364,Sanjay Al-Ahmari,sanjay.alahmari@gmail.com,9.66501E+12,Dammam,Al-Jawf Region,11/29/2021,Female,40,Loyal,Inactive,2021
CUST-000365,Maha Al-Mahmoud,maha.almahmoud@gmail.com,9.66556E+12,Khobar,Makkah Region,6/29/2024,Female,47,VIP,Active,2024
CUST-000366,Ravi Wang,ravi.wang@outlook.com,9.66523E+12,Dammam,Al-Bahah Region,8/28/2020,Male,24,Loyal,Inactive,2020
CUST-000367,Emma Huang,emma.huang@outlook.com,9.66529E+12,Jizan,Hail Region,4/28/2020,Male,48,Loyal,Active,2020
CUST-000368,Yang Nair,yang.nair@outlook.com,9.66502E+12,Taif,Al-Jawf Region,7/11/2023,Male,63,Regular,Active,2023
CUST-000369,Isabella Liu,isabella.liu@icloud.com,9.66517E+12,Abha,Jazan Region,11/17/2023,Female,27,New,Active,2023
CUST-000370,Vikram Smith,vikram.smith@icloud.com,9.66578E+12,Khobar,Makkah Region,7/6/2025,Female,33,VIP,Active,2025
CUST-000371,Omar Zhang,omar.zhang@yahoo.com,9.6659E+12,Jizan,Northern Borders,8/20/2022,Male,47,Loyal,Inactive,2022
CUST-000372,Daniel Al-Qahtani,daniel.alqahtani@outlook.com,9.66575E+12,Medina,Jazan Region,3/13/2020,Male,43,Loyal,Active,2020
CUST-000373,Charlotte Yang,charlotte.yang@gmail.com,9.66519E+12,Sakaka,Al-Jawf Region,6/1/2023,Male,59,Loyal,Active,2023
CUST-000374,James Al-Ghamdi,james.alghamdi@yahoo.com,9.66575E+12,Qassim,Al-Qassim Region,4/21/2025,Female,63,Loyal,Active,2025
CUST-000375,Saad Al-Nasser,saad.alnasser@yahoo.com,9.66506E+12,Najran,Al-Jawf Region,4/10/2023,Female,62,New,Active,2023
CUST-000376,Huang Smith,huang.smith@outlook.com,9.66526E+12,Medina,Tabuk Region,3/13/2022,Male,25,Loyal,Active,2022
CUST-000377,Matthew Williams,matthew.williams@hotmail.com,9.66517E+12,Jeddah,Al-Jawf Region,5/19/2021,Female,47,Regular,Active,2021
CUST-000378,Ahmed Liu,ahmed.liu@gmail.com,9.66587E+12,Al-Kharj,Jazan Region,9/13/2025,Male,62,Regular,Active,2025
CUST-000379,Saad Gupta,saad.gupta@icloud.com,9.66595E+12,Khamis Mushait,Northern Borders,9/10/2024,Male,35,Loyal,Active,2024
CUST-000380,Reem Rao,reem.rao@yahoo.com,9.66527E+12,Sakaka,Al-Bahah Region,9/29/2025,Female,62,VIP,Inactive,2025
CUST-000381,Raj Brown,raj.brown@yahoo.com,9.66539E+12,Buraidah,Al-Jawf Region,11/15/2023,Male,63,Regular,Inactive,2023
CUST-000382,Mia Al-Mutairi,mia.almutairi@hotmail.com,9.66516E+12,Qassim,Jazan Region,9/5/2024,Female,45,New,Inactive,2024
CUST-000383,Saad Al-Otaibi,saad.alotaibi@outlook.com,9.66522E+12,Jeddah,Asir Region,12/29/2022,Male,36,VIP,Active,2022
CUST-000384,Wang Al-Ghamdi,wang.alghamdi@hotmail.com,9.66538E+12,Jeddah,Hail Region,1/27/2025,Male,57,Regular,Inactive,2025
CUST-000385,Robert Garcia,robert.garcia@icloud.com,9.6655E+12,Jeddah,Northern Borders,5/6/2024,Female,61,VIP,Inactive,2024
CUST-000386,Omar Al-Rashid,omar.alrashid@hotmail.com,9.66539E+12,Al-Ahsa,Asir Region,2/15/2024,Male,64,Regular,Active,2024
CUST-000387,Daniel Johnson,daniel.johnson@gmail.com,9.66523E+12,Khamis Mushait,Makkah Region,3/25/2024,Male,45,VIP,Inactive,2024
CUST-000388,Rana Al-Malki,rana.almalki@yahoo.com,9.66594E+12,Riyadh,Hail Region,3/25/2025,Male,20,Regular,Active,2025
CUST-000389,Evelyn Al-Ghamdi,evelyn.alghamdi@icloud.com,9.66548E+12,Al-Kharj,Najran Region,1/6/2024,Male,63,VIP,Inactive,2024
CUST-000390,Lina Johnson,lina.johnson@icloud.com,9.66518E+12,Khobar,Northern Borders,7/10/2024,Male,40,Regular,Active,2024
CUST-000391,Arjun Singh,arjun.singh@hotmail.com,9.66555E+12,Tabuk,Al-Qassim Region,12/12/2025,Female,53,New,Active,2025
CUST-000392,Arjun Patel,arjun.patel@outlook.com,9.6654E+12,Sakaka,Al-Qassim Region,9/25/2022,Male,61,VIP,Active,2022
CUST-000393,Zhao Al-Ahmari,zhao.alahmari@outlook.com,9.66548E+12,Buraidah,Riyadh Region,10/18/2025,Female,50,Loyal,Active,2025
CUST-000394,Ali Rodriguez,ali.rodriguez@yahoo.com,9.66558E+12,Mecca,Makkah Region,11/16/2021,Male,58,New,Active,2021
CUST-000395,Arjun Al-Saud,arjun.alsaud@yahoo.com,9.66562E+12,Tabuk,Najran Region,11/17/2024,Male,65,Regular,Active,2024
CUST-000396,Matthew Al-Hassan,matthew.alhassan@hotmail.com,9.66502E+12,Mecca,Riyadh Region,12/30/2021,Female,53,New,Inactive,2021
CUST-000397,Chen Jones,chen.jones@hotmail.com,9.66566E+12,Al-Ahsa,Al-Jawf Region,7/14/2024,Female,38,New,Active,2024
CUST-000398,Karan Al-Ahmari,karan.alahmari@icloud.com,9.6651E+12,Sakaka,Makkah Region,7/5/2020,Male,40,New,Active,2020
CUST-000399,Wei Al-Dosari,wei.aldosari@hotmail.com,9.66592E+12,Buraidah,Jazan Region,4/11/2024,Female,60,New,Active,2024
CUST-000400,Sara Chen,sara.chen@yahoo.com,9.66526E+12,Qassim,Tabuk Region,8/13/2021,Female,61,VIP,Active,2021
CUST-000401,Charlotte Yang,charlotte.yang@yahoo.com,9.66512E+12,Riyadh,Al-Qassim Region,6/2/2024,Male,37,Regular,Active,2024
CUST-000402,Noura Nair,noura.nair@icloud.com,9.66523E+12,Khobar,Asir Region,11/1/2022,Male,25,Regular,Inactive,2022
CUST-000403,Zhang Al-Ghamdi,zhang.alghamdi@icloud.com,9.6658E+12,Qassim,Makkah Region,4/5/2023,Male,34,New,Active,2023
CUST-000404,Amit Zhao,amit.zhao@outlook.com,9.66556E+12,Dammam,Al-Jawf Region,8/18/2022,Male,36,New,Active,2022
CUST-000405,John Li,john.li@outlook.com,9.66559E+12,Buraidah,Al-Bahah Region,9/16/2021,Female,38,Loyal,Active,2021
CUST-000406,Ahmed Kumar,ahmed.kumar@yahoo.com,9.6654E+12,Yanbu,Tabuk Region,1/12/2024,Male,61,VIP,Active,2024
CUST-000407,Matthew Rao,matthew.rao@hotmail.com,9.66548E+12,Qassim,Makkah Region,12/20/2021,Male,35,Regular,Inactive,2021
CUST-000408,Aisha Miller,aisha.miller@gmail.com,9.66511E+12,Khamis Mushait,Al-Jawf Region,5/7/2020,Female,55,Regular,Active,2020
CUST-000409,Charlotte Miller,charlotte.miller@icloud.com,9.66587E+12,Dammam,Hail Region,5/26/2024,Male,55,VIP,Active,2024
CUST-000410,Matthew Zhang,matthew.zhang@icloud.com,9.66516E+12,Najran,Najran Region,2/13/2020,Male,57,Regular,Inactive,2020
CUST-000411,Yousef Rao,yousef.rao@yahoo.com,9.66529E+12,Al-Kharj,Al-Jawf Region,8/21/2021,Female,40,New,Active,2021
CUST-000412,Pavan Li,pavan.li@yahoo.com,9.66515E+12,Najran,Asir Region,6/24/2020,Male,51,VIP,Active,2020
CUST-000413,Emma Mehta,emma.mehta@gmail.com,9.6651E+12,Hail,Makkah Region,11/5/2025,Female,65,VIP,Inactive,2025
CUST-000414,Mia Huang,mia.huang@yahoo.com,9.6657E+12,Jizan,Hail Region,11/14/2020,Female,42,Regular,Inactive,2020
CUST-000415,William Patel,william.patel@hotmail.com,9.66577E+12,Sakaka,Riyadh Region,8/17/2025,Male,46,Regular,Active,2025
CUST-000416,Khalid Zhang,khalid.zhang@hotmail.com,9.66533E+12,Khobar,Eastern Province,1/23/2024,Male,60,Regular,Active,2024
CUST-000417,Li Singh,li.singh@gmail.com,9.66577E+12,Jubail,Asir Region,10/22/2021,Female,19,Regular,Active,2021
CUST-000418,Yousef Huang,yousef.huang@icloud.com,9.66523E+12,Khamis Mushait,Riyadh Region,8/24/2021,Male,28,VIP,Active,2021
CUST-000419,Isabella Reddy,isabella.reddy@icloud.com,9.666E+12,Riyadh,Al-Bahah Region,3/7/2023,Male,31,Loyal,Inactive,2023
CUST-000420,Emma Wang,emma.wang@yahoo.com,9.66537E+12,Sakaka,Eastern Province,1/14/2022,Female,28,VIP,Active,2022
CUST-000421,Evelyn Zhao,evelyn.zhao@gmail.com,9.66536E+12,Jizan,Eastern Province,3/20/2021,Male,30,Loyal,Active,2021
CUST-000422,Evelyn Al-Zahrani,evelyn.alzahrani@yahoo.com,9.66579E+12,Sakaka,Riyadh Region,12/16/2025,Male,23,Loyal,Active,2025
CUST-000423,Huang Wu,huang.wu@icloud.com,9.6651E+12,Yanbu,Najran Region,9/19/2024,Female,20,Loyal,Active,2024
CUST-000424,Li Wang,li.wang@outlook.com,9.66559E+12,Al-Kharj,Makkah Region,10/8/2024,Male,34,Loyal,Active,2024
CUST-000425,Zhao Al-Qahtani,zhao.alqahtani@hotmail.com,9.66598E+12,Yanbu,Tabuk Region,2/13/2022,Male,63,New,Inactive,2022
CUST-000426,Isabella Al-Ahmari,isabella.alahmari@icloud.com,9.66506E+12,Tabuk,Al-Bahah Region,7/17/2023,Female,41,New,Active,2023
CUST-000427,Thomas Al-Faisal,thomas.alfaisal@icloud.com,9.66545E+12,Qassim,Northern Borders,2/6/2024,Female,61,Loyal,Active,2024
CUST-000428,Richard Yang,richard.yang@icloud.com,9.66573E+12,Najran,Najran Region,6/4/2025,Female,37,VIP,Active,2025
CUST-000429,Sanjay Al-Malki,sanjay.almalki@gmail.com,9.66537E+12,Khobar,Makkah Region,5/28/2022,Female,39,New,Active,2022
CUST-000430,Robert Al-Saud,robert.alsaud@gmail.com,9.66513E+12,Jubail,Al-Qassim Region,11/18/2024,Male,22,VIP,Active,2024
CUST-000431,James Al-Qahtani,james.alqahtani@icloud.com,9.66506E+12,Jizan,Al-Qassim Region,11/4/2025,Female,63,New,Active,2025
CUST-000432,Raj Li,raj.li@outlook.com,9.66504E+12,Khamis Mushait,Tabuk Region,3/8/2022,Male,56,Regular,Inactive,2022
CUST-000433,Sara Al-Dosari,sara.aldosari@gmail.com,9.66554E+12,Riyadh,Eastern Province,12/21/2020,Female,43,VIP,Active,2020
CUST-000434,William Zhao,william.zhao@yahoo.com,9.66581E+12,Mecca,Makkah Region,3/11/2023,Female,40,VIP,Active,2023
CUST-000435,Evelyn Williams,evelyn.williams@outlook.com,9.66569E+12,Riyadh,Tabuk Region,12/17/2021,Female,50,New,Inactive,2021
CUST-000436,Khalid Zhang,khalid.zhang@hotmail.com,9.66553E+12,Khamis Mushait,Tabuk Region,10/21/2022,Female,42,Loyal,Active,2022
CUST-000437,Pavan Singh,pavan.singh@outlook.com,9.66579E+12,Riyadh,Jazan Region,4/21/2021,Female,22,Loyal,Active,2021
CUST-000438,Karan Al-Mutairi,karan.almutairi@yahoo.com,9.66557E+12,Najran,Najran Region,2/9/2020,Female,33,VIP,Active,2020
CUST-000439,William Al-Dosari,william.aldosari@hotmail.com,9.66518E+12,Khobar,Jazan Region,7/9/2023,Female,31,VIP,Active,2023
CUST-000440,Sanjay Al-Dosari,sanjay.aldosari@yahoo.com,9.66574E+12,Abha,Al-Bahah Region,9/18/2022,Female,31,Regular,Active,2022
CUST-000441,Wang Garcia,wang.garcia@icloud.com,9.66553E+12,Medina,Makkah Region,11/17/2020,Female,57,New,Inactive,2020
CUST-000442,Ali Wang,ali.wang@hotmail.com,9.66595E+12,Jubail,Al-Qassim Region,1/30/2023,Female,29,VIP,Active,2023
CUST-000443,Lina Al-Nasser,lina.alnasser@icloud.com,9.66522E+12,Khamis Mushait,Northern Borders,5/13/2025,Male,50,VIP,Active,2025
CUST-000444,Liu Al-Dosari,liu.aldosari@yahoo.com,9.66573E+12,Khamis Mushait,Jazan Region,7/16/2023,Male,18,Regular,Active,2023
CUST-000445,Harper Al-Zahrani,harper.alzahrani@hotmail.com,9.66559E+12,Taif,Eastern Province,12/12/2022,Male,35,Loyal,Inactive,2022
CUST-000446,Michael Sharma,michael.sharma@yahoo.com,9.66577E+12,Tabuk,Northern Borders,3/4/2024,Female,43,VIP,Active,2024
CUST-000447,Fatima Huang,fatima.huang@yahoo.com,9.66594E+12,Medina,Al-Bahah Region,1/10/2023,Male,53,Loyal,Active,2023
CUST-000448,Aisha Al-Farsi,aisha.alfarsi@yahoo.com,9.66571E+12,Khobar,Northern Borders,8/8/2025,Male,58,VIP,Active,2025
CUST-000449,Dana Miller,dana.miller@icloud.com,9.66592E+12,Jizan,Makkah Region,10/31/2021,Male,31,VIP,Active,2021
CUST-000450,Wang Al-Saud,wang.alsaud@gmail.com,9.66575E+12,Taif,Hail Region,1/15/2024,Female,40,New,Active,2024
CUST-000451,Abdullah Patel,abdullah.patel@icloud.com,9.66539E+12,Al-Kharj,Al-Jawf Region,12/15/2021,Female,40,VIP,Inactive,2021
CUST-000452,Olivia Al-Jaber,olivia.aljaber@outlook.com,9.66516E+12,Sakaka,Tabuk Region,3/14/2025,Male,28,VIP,Active,2025
CUST-000453,Raj Zhou,raj.zhou@icloud.com,9.66562E+12,Mecca,Eastern Province,11/8/2023,Male,38,VIP,Active,2023
CUST-000454,Sunil Davis,sunil.davis@icloud.com,9.66565E+12,Al-Ahsa,Hail Region,11/3/2025,Female,44,Regular,Active,2025
CUST-000455,Zhang Al-Otaibi,zhang.alotaibi@yahoo.com,9.6654E+12,Taif,Al-Bahah Region,11/23/2020,Male,28,Loyal,Active,2020
CUST-000456,Saad Al-Shehri,saad.alshehri@outlook.com,9.66582E+12,Riyadh,Northern Borders,11/16/2025,Male,24,VIP,Inactive,2025
CUST-000457,Ibrahim Al-Qahtani,ibrahim.alqahtani@outlook.com,9.66544E+12,Abha,Al-Bahah Region,3/9/2023,Female,58,Regular,Active,2023
CUST-000458,Isabella Smith,isabella.smith@gmail.com,9.6651E+12,Najran,Hail Region,5/4/2025,Female,52,VIP,Inactive,2025
CUST-000459,Daniel Al-Malki,daniel.almalki@icloud.com,9.66529E+12,Sakaka,Jazan Region,11/16/2024,Female,40,Loyal,Inactive,2024
CUST-000460,Lina Al-Qahtani,lina.alqahtani@outlook.com,9.66546E+12,Yanbu,Tabuk Region,9/29/2021,Female,18,New,Inactive,2021
CUST-000461,Chen Al-Nasser,chen.alnasser@yahoo.com,9.66555E+12,Jubail,Najran Region,2/4/2020,Female,48,VIP,Active,2020
CUST-000462,Nikhil Iyer,nikhil.iyer@hotmail.com,9.66594E+12,Riyadh,Najran Region,3/10/2024,Male,44,Loyal,Active,2024
CUST-000463,Huda Smith,huda.smith@outlook.com,9.66564E+12,Taif,Makkah Region,9/25/2024,Male,51,VIP,Active,2024
CUST-000464,Vikram Al-Khalifa,vikram.alkhalifa@icloud.com,9.66547E+12,Tabuk,Makkah Region,1/17/2022,Male,36,New,Active,2022
CUST-000465,Abigail Rao,abigail.rao@hotmail.com,9.66598E+12,Tabuk,Hail Region,3/20/2020,Male,21,New,Active,2020
CUST-000466,Saad Rodriguez,saad.rodriguez@hotmail.com,9.66527E+12,Riyadh,Asir Region,1/4/2021,Male,18,Loyal,Active,2021
CUST-000467,Michael Nair,michael.nair@hotmail.com,9.66576E+12,Al-Ahsa,Al-Bahah Region,5/9/2020,Female,23,Regular,Active,2020
CUST-000468,Maha Al-Jaber,maha.aljaber@outlook.com,9.66518E+12,Jubail,Eastern Province,2/26/2022,Female,42,New,Active,2022
CUST-000469,Nikhil Al-Hassan,nikhil.alhassan@yahoo.com,9.66567E+12,Abha,Al-Bahah Region,5/17/2020,Male,47,New,Inactive,2020
CUST-000470,Arjun Brown,arjun.brown@outlook.com,9.66565E+12,Hail,Eastern Province,6/21/2020,Male,34,Loyal,Active,2020
CUST-000471,Aisha Sharma,aisha.sharma@gmail.com,9.66533E+12,Abha,Al-Jawf Region,11/13/2024,Female,18,Regular,Active,2024
CUST-000472,Harper Al-Ahmari,harper.alahmari@outlook.com,9.66531E+12,Jeddah,Al-Qassim Region,4/30/2025,Male,41,New,Active,2025
CUST-000473,Sara Li,sara.li@gmail.com,9.66596E+12,Jeddah,Riyadh Region,12/27/2023,Male,62,New,Active,2023
CUST-000474,Olivia Jones,olivia.jones@hotmail.com,9.6659E+12,Najran,Jazan Region,3/1/2022,Male,62,Loyal,Active,2022
CUST-000475,Amit Al-Malki,amit.almalki@hotmail.com,9.66508E+12,Al-Ahsa,Najran Region,4/22/2023,Female,30,Regular,Inactive,2023
CUST-000476,David Kumar,david.kumar@outlook.com,9.66549E+12,Qassim,Eastern Province,10/9/2020,Male,46,VIP,Active,2020
CUST-000477,Mia Sharma,mia.sharma@outlook.com,9.6651E+12,Khamis Mushait,Northern Borders,1/29/2022,Male,57,VIP,Inactive,2022
CUST-000478,Huda Kumar,huda.kumar@gmail.com,9.66586E+12,Tabuk,Najran Region,7/30/2025,Male,57,VIP,Active,2025
CUST-000479,Richard Al-Faisal,richard.alfaisal@hotmail.com,9.66512E+12,Khamis Mushait,Al-Jawf Region,9/30/2020,Male,26,Regular,Active,2020
CUST-000480,Aisha Al-Zahrani,aisha.alzahrani@outlook.com,9.66532E+12,Jeddah,Al-Qassim Region,5/10/2024,Female,51,VIP,Active,2024
CUST-000481,James Jones,james.jones@icloud.com,9.66511E+12,Tabuk,Al-Jawf Region,7/5/2025,Male,47,New,Active,2025
CUST-000482,Charlotte Al-Khalifa,charlotte.alkhalifa@outlook.com,9.66552E+12,Sakaka,Tabuk Region,12/6/2025,Male,64,New,Active,2025
CUST-000483,Khalid Brown,khalid.brown@icloud.com,9.66512E+12,Abha,Najran Region,4/27/2024,Male,30,Regular,Inactive,2024
CUST-000484,Raj Johnson,raj.johnson@icloud.com,9.66587E+12,Medina,Al-Jawf Region,1/6/2024,Female,62,Loyal,Active,2024
CUST-000485,Sara Johnson,sara.johnson@icloud.com,9.66568E+12,Hail,Al-Jawf Region,10/9/2021,Female,40,VIP,Inactive,2021
CUST-000486,John Sharma,john.sharma@outlook.com,9.66565E+12,Sakaka,Asir Region,5/26/2022,Female,53,VIP,Active,2022
CUST-000487,Daniel Rao,daniel.rao@outlook.com,9.66501E+12,Buraidah,Al-Qassim Region,3/7/2020,Male,37,New,Active,2020
CUST-000488,Lina Brown,lina.brown@hotmail.com,9.66505E+12,Qassim,Najran Region,9/25/2021,Male,20,Loyal,Active,2021
CUST-000489,Ibrahim Al-Malki,ibrahim.almalki@hotmail.com,9.66559E+12,Abha,Asir Region,11/15/2022,Female,23,Loyal,Inactive,2022
CUST-000490,Zhao Brown,zhao.brown@gmail.com,9.66557E+12,Khobar,Jazan Region,1/25/2021,Female,20,Loyal,Active,2021
CUST-000491,Nikhil Al-Ghamdi,nikhil.alghamdi@hotmail.com,9.66557E+12,Yanbu,Makkah Region,7/17/2022,Male,58,Loyal,Active,2022
CUST-000492,Dana Liu,dana.liu@gmail.com,9.66558E+12,Al-Kharj,Eastern Province,8/31/2023,Male,27,New,Active,2023
CUST-000493,Daniel Al-Nasser,daniel.alnasser@icloud.com,9.66598E+12,Mecca,Asir Region,11/4/2024,Female,43,Regular,Active,2024
CUST-000494,Michael Al-Qahtani,michael.alqahtani@outlook.com,9.66592E+12,Qassim,Northern Borders,12/11/2022,Male,43,Loyal,Active,2022
CUST-000495,Pavan Al-Malki,pavan.almalki@outlook.com,9.66584E+12,Jubail,Northern Borders,3/14/2022,Male,33,New,Active,2022
CUST-000496,Nikhil Iyer,nikhil.iyer@hotmail.com,9.66592E+12,Medina,Al-Jawf Region,8/21/2024,Female,41,VIP,Active,2024
CUST-000497,John Patel,john.patel@icloud.com,9.66505E+12,Khobar,Hail Region,12/16/2024,Male,46,New,Active,2024
CUST-000498,Aisha Al-Dosari,aisha.aldosari@hotmail.com,9.66522E+12,Medina,Al-Bahah Region,8/11/2020,Male,57,Regular,Active,2020
CUST-000499,Ahmed Singh,ahmed.singh@gmail.com,9.66547E+12,Jubail,Riyadh Region,9/21/2023,Male,65,Regular,Active,2023
CUST-000500,Mia Liu,mia.liu@hotmail.com,9.66587E+12,Sakaka,Al-Bahah Region,8/1/2021,Male,42,New,Active,2021
CUST-000501,Sara Al-Ghamdi,sara.alghamdi@hotmail.com,9.66539E+12,Taif,Riyadh Region,3/19/2025,Male,22,Loyal,Active,2025
CUST-000502,Arjun Al-Turki,arjun.alturki@hotmail.com,9.66511E+12,Buraidah,Al-Jawf Region,5/2/2024,Male,42,New,Active,2024
CUST-000503,Olivia Wu,olivia.wu@icloud.com,9.66514E+12,Tabuk,Najran Region,2/18/2025,Male,20,Regular,Inactive,2025
CUST-000504,Dana Singh,dana.singh@outlook.com,9.66563E+12,Riyadh,Hail Region,12/12/2023,Female,58,VIP,Active,2023
CUST-000505,Sophia Davis,sophia.davis@gmail.com,9.66546E+12,Riyadh,Najran Region,2/21/2023,Male,27,VIP,Active,2023
CUST-000506,Arjun Al-Malki,arjun.almalki@gmail.com,9.66568E+12,Sakaka,Al-Jawf Region,7/20/2022,Female,33,Regular,Active,2022
CUST-000507,Dana Wu,dana.wu@hotmail.com,9.66578E+12,Dammam,Asir Region,7/21/2021,Male,26,VIP,Inactive,2021
CUST-000508,Zhao Al-Malki,zhao.almalki@outlook.com,9.6653E+12,Al-Kharj,Eastern Province,7/24/2023,Male,53,New,Active,2023
CUST-000509,John Al-Farsi,john.alfarsi@gmail.com,9.66557E+12,Yanbu,Tabuk Region,12/19/2024,Female,27,Regular,Active,2024
CUST-000510,Yousef Johnson,yousef.johnson@gmail.com,9.66599E+12,Taif,Al-Qassim Region,8/3/2022,Male,32,New,Active,2022
CUST-000511,Fahad Al-Mutairi,fahad.almutairi@outlook.com,9.66528E+12,Sakaka,Jazan Region,3/11/2024,Male,42,Loyal,Active,2024
CUST-000512,Yousef Smith,yousef.smith@yahoo.com,9.66531E+12,Yanbu,Riyadh Region,1/10/2023,Female,32,Regular,Active,2023
CUST-000513,Khalid Johnson,khalid.johnson@outlook.com,9.66598E+12,Hail,Jazan Region,10/7/2022,Female,43,New,Inactive,2022
CUST-000514,Sanjay Gupta,sanjay.gupta@hotmail.com,9.66569E+12,Al-Kharj,Al-Qassim Region,11/21/2025,Male,51,New,Active,2025
CUST-000515,Matthew Al-Harbi,matthew.alharbi@yahoo.com,9.66588E+12,Jizan,Al-Bahah Region,6/9/2020,Female,51,New,Active,2020
CUST-000516,Reem Rao,reem.rao@outlook.com,9.66545E+12,Al-Ahsa,Eastern Province,9/26/2024,Female,57,New,Inactive,2024
CUST-000517,Huang Al-Farsi,huang.alfarsi@outlook.com,9.66572E+12,Khamis Mushait,Makkah Region,1/6/2022,Male,43,Loyal,Active,2022
CUST-000518,Daniel Al-Otaibi,daniel.alotaibi@yahoo.com,9.66579E+12,Tabuk,Jazan Region,1/4/2021,Female,38,Regular,Active,2021
CUST-000519,Fahad Al-Ahmari,fahad.alahmari@outlook.com,9.66552E+12,Khamis Mushait,Al-Bahah Region,4/22/2024,Male,42,Loyal,Active,2024
CUST-000520,Nikhil Smith,nikhil.smith@hotmail.com,9.666E+12,Dammam,Eastern Province,8/15/2021,Male,63,New,Active,2021
CUST-000521,Dana Martinez,dana.martinez@outlook.com,9.66549E+12,Khobar,Makkah Region,6/22/2021,Male,18,VIP,Active,2021
CUST-000522,Matthew Li,matthew.li@outlook.com,9.66581E+12,Sakaka,Jazan Region,9/1/2022,Male,55,Loyal,Active,2022
CUST-000523,Richard Rao,richard.rao@gmail.com,9.66599E+12,Riyadh,Asir Region,2/13/2023,Male,21,Regular,Active,2023
CUST-000524,Omar Al-Faisal,omar.alfaisal@hotmail.com,9.66503E+12,Jeddah,Al-Jawf Region,5/7/2023,Female,23,New,Active,2023
CUST-000525,Richard Johnson,richard.johnson@yahoo.com,9.66549E+12,Sakaka,Al-Qassim Region,12/27/2021,Female,65,VIP,Active,2021
CUST-000526,Fahad Al-Jaber,fahad.aljaber@hotmail.com,9.66556E+12,Jizan,Makkah Region,10/16/2024,Male,36,Loyal,Active,2024
CUST-000527,Abdullah Al-Mutairi,abdullah.almutairi@hotmail.com,9.66558E+12,Yanbu,Najran Region,5/9/2022,Male,57,New,Active,2022
CUST-000528,Amelia Al-Mahmoud,amelia.almahmoud@icloud.com,9.66517E+12,Sakaka,Al-Bahah Region,3/22/2023,Female,56,VIP,Active,2023
CUST-000529,Isabella Huang,isabella.huang@icloud.com,9.66553E+12,Sakaka,Al-Qassim Region,7/26/2025,Female,49,Regular,Inactive,2025
CUST-000530,Lina Al-Hassan,lina.alhassan@hotmail.com,9.66531E+12,Medina,Riyadh Region,3/19/2025,Male,65,Regular,Inactive,2025
CUST-000531,Richard Nair,richard.nair@gmail.com,9.66556E+12,Qassim,Al-Jawf Region,5/19/2022,Male,58,Regular,Active,2022
CUST-000532,Rana Al-Shehri,rana.alshehri@hotmail.com,9.66548E+12,Qassim,Hail Region,1/26/2020,Male,61,VIP,Active,2020
CUST-000533,William Al-Mahmoud,william.almahmoud@icloud.com,9.66591E+12,Khobar,Asir Region,9/15/2023,Female,61,Loyal,Active,2023
CUST-000534,Li Al-Harbi,li.alharbi@yahoo.com,9.66573E+12,Al-Ahsa,Najran Region,10/4/2023,Female,44,New,Inactive,2023
CUST-000535,Dana Huang,dana.huang@hotmail.com,9.66588E+12,Riyadh,Asir Region,9/20/2023,Female,22,Regular,Active,2023
CUST-000536,Wang Al-Otaibi,wang.alotaibi@hotmail.com,9.66569E+12,Qassim,Eastern Province,5/14/2024,Male,56,New,Active,2024
CUST-000537,Sunil Kumar,sunil.kumar@gmail.com,9.66547E+12,Mecca,Jazan Region,8/31/2022,Female,46,VIP,Active,2022
CUST-000538,Isabella Martinez,isabella.martinez@yahoo.com,9.66516E+12,Jeddah,Asir Region,1/14/2021,Female,50,New,Active,2021
CUST-000539,Huang Zhang,huang.zhang@yahoo.com,9.66536E+12,Jubail,Al-Bahah Region,11/14/2025,Female,38,Regular,Active,2025
CUST-000540,Chen Liu,chen.liu@yahoo.com,9.66531E+12,Al-Ahsa,Northern Borders,11/9/2025,Male,18,VIP,Active,2025
CUST-000541,Karan Wu,karan.wu@gmail.com,9.66557E+12,Jeddah,Makkah Region,11/2/2025,Female,19,VIP,Active,2025
CUST-000542,John Williams,john.williams@yahoo.com,9.66545E+12,Qassim,Hail Region,12/11/2024,Male,35,Regular,Active,2024
CUST-000543,Maha Al-Ahmari,maha.alahmari@gmail.com,9.66599E+12,Khamis Mushait,Makkah Region,4/26/2022,Female,53,VIP,Active,2022
CUST-000544,Ibrahim Al-Hassan,ibrahim.alhassan@hotmail.com,9.66594E+12,Khobar,Makkah Region,6/29/2023,Female,52,Loyal,Active,2023
CUST-000545,Yousef Al-Otaibi,yousef.alotaibi@outlook.com,9.66502E+12,Jizan,Riyadh Region,12/18/2020,Female,43,Regular,Inactive,2020
CUST-000546,Huang Zhao,huang.zhao@outlook.com,9.66596E+12,Buraidah,Hail Region,3/22/2022,Male,47,Regular,Active,2022
CUST-000547,Chen Al-Mutairi,chen.almutairi@outlook.com,9.66517E+12,Buraidah,Al-Jawf Region,3/21/2025,Female,32,Regular,Active,2025
CUST-000548,Liu Zhou,liu.zhou@hotmail.com,9.66556E+12,Khobar,Al-Bahah Region,9/15/2023,Female,47,Loyal,Active,2023
CUST-000549,Khalid Wang,khalid.wang@gmail.com,9.66557E+12,Al-Ahsa,Eastern Province,3/2/2023,Female,56,Regular,Inactive,2023
CUST-000550,Saad Reddy,saad.reddy@gmail.com,9.66558E+12,Mecca,Tabuk Region,12/22/2025,Female,43,Loyal,Active,2025
CUST-000551,Abigail Garcia,abigail.garcia@icloud.com,9.66527E+12,Jizan,Makkah Region,10/27/2023,Male,62,Loyal,Active,2023
CUST-000552,Amelia Singh,amelia.singh@icloud.com,9.66533E+12,Mecca,Al-Bahah Region,6/16/2025,Male,55,Loyal,Active,2025
CUST-000553,Charlotte Al-Zahrani,charlotte.alzahrani@outlook.com,9.66525E+12,Jizan,Makkah Region,3/21/2021,Female,38,Loyal,Active,2021
CUST-000554,Fahad Brown,fahad.brown@yahoo.com,9.666E+12,Riyadh,Eastern Province,9/3/2021,Female,52,VIP,Active,2021
CUST-000555,Abigail Huang,abigail.huang@outlook.com,9.66534E+12,Hail,Tabuk Region,6/1/2023,Female,63,VIP,Active,2023
CUST-000556,Harper Al-Rashid,harper.alrashid@icloud.com,9.66586E+12,Dammam,Tabuk Region,9/12/2020,Female,53,New,Active,2020
CUST-000557,Sunil Yang,sunil.yang@hotmail.com,9.66515E+12,Riyadh,Asir Region,11/3/2024,Female,58,VIP,Active,2024
CUST-000558,William Gupta,william.gupta@outlook.com,9.66584E+12,Khobar,Jazan Region,7/23/2021,Male,53,Loyal,Active,2021
CUST-000559,Wang Nair,wang.nair@yahoo.com,9.6655E+12,Dammam,Eastern Province,2/17/2020,Male,59,New,Active,2020
CUST-000560,Amit Li,amit.li@outlook.com,9.66522E+12,Dammam,Al-Jawf Region,8/30/2024,Female,62,Loyal,Inactive,2024
CUST-000561,Fatima Mehta,fatima.mehta@icloud.com,9.66568E+12,Al-Ahsa,Northern Borders,12/26/2023,Male,29,Loyal,Inactive,2023
CUST-000562,Ahmed Huang,ahmed.huang@outlook.com,9.66538E+12,Taif,Northern Borders,2/12/2024,Male,20,Loyal,Active,2024
CUST-000563,Abdullah Zhao,abdullah.zhao@outlook.com,9.66513E+12,Khamis Mushait,Tabuk Region,3/19/2025,Male,51,New,Active,2025
CUST-000564,Emma Al-Saud,emma.alsaud@gmail.com,9.66589E+12,Buraidah,Al-Qassim Region,8/4/2020,Female,52,New,Active,2020
CUST-000565,Matthew Zhang,matthew.zhang@outlook.com,9.66595E+12,Yanbu,Hail Region,4/21/2023,Female,28,New,Inactive,2023
CUST-000566,Sanjay Martinez,sanjay.martinez@icloud.com,9.66542E+12,Jubail,Al-Qassim Region,11/23/2021,Male,60,VIP,Inactive,2021
CUST-000567,Mohammed Rodriguez,mohammed.rodriguez@outlook.com,9.66513E+12,Khamis Mushait,Makkah Region,2/12/2023,Female,26,VIP,Active,2023
CUST-000568,Zhang Miller,zhang.miller@gmail.com,9.66519E+12,Khobar,Al-Qassim Region,9/11/2021,Female,41,Regular,Active,2021
CUST-000569,Wei Al-Mutairi,wei.almutairi@yahoo.com,9.66573E+12,Khamis Mushait,Riyadh Region,11/5/2023,Male,27,Regular,Active,2023
CUST-000570,Pavan Nair,pavan.nair@outlook.com,9.6654E+12,Al-Ahsa,Al-Bahah Region,11/16/2021,Male,54,VIP,Active,2021
CUST-000571,Vikram Miller,vikram.miller@gmail.com,9.66503E+12,Al-Ahsa,Northern Borders,5/4/2025,Female,48,Regular,Active,2025
CUST-000572,Karan Al-Hassan,karan.alhassan@outlook.com,9.66575E+12,Dammam,Najran Region,11/15/2024,Male,36,Loyal,Active,2024
CUST-000573,Karan Kumar,karan.kumar@icloud.com,9.66502E+12,Qassim,Al-Jawf Region,12/20/2023,Female,57,VIP,Active,2023
CUST-000574,Maha Davis,maha.davis@gmail.com,9.6655E+12,Al-Kharj,Northern Borders,3/3/2025,Male,64,Regular,Inactive,2025
CUST-000575,Michael Al-Dosari,michael.aldosari@yahoo.com,9.66558E+12,Riyadh,Al-Jawf Region,2/4/2020,Male,18,Loyal,Active,2020
CUST-000576,Isabella Al-Zahrani,isabella.alzahrani@outlook.com,9.66554E+12,Buraidah,Tabuk Region,3/1/2022,Male,19,New,Active,2022
CUST-000577,Evelyn Al-Turki,evelyn.alturki@yahoo.com,9.666E+12,Medina,Al-Bahah Region,5/6/2021,Male,56,Regular,Active,2021
CUST-000578,Arjun Al-Nasser,arjun.alnasser@icloud.com,9.66522E+12,Khobar,Tabuk Region,4/21/2023,Female,60,New,Active,2023
CUST-000579,Wu Davis,wu.davis@outlook.com,9.66554E+12,Khobar,Makkah Region,2/9/2023,Male,42,Loyal,Active,2023
CUST-000580,Omar Miller,omar.miller@hotmail.com,9.66527E+12,Mecca,Jazan Region,4/1/2022,Female,29,Loyal,Active,2022
CUST-000581,Ibrahim Chen,ibrahim.chen@outlook.com,9.66539E+12,Medina,Jazan Region,11/26/2022,Male,20,New,Active,2022
CUST-000582,Amelia Al-Mahmoud,amelia.almahmoud@hotmail.com,9.66571E+12,Jubail,Eastern Province,1/4/2020,Male,60,Loyal,Active,2020
CUST-000583,Ibrahim Al-Mutairi,ibrahim.almutairi@hotmail.com,9.66569E+12,Riyadh,Najran Region,7/2/2025,Female,45,Loyal,Active,2025
CUST-000584,Mia Jones,mia.jones@gmail.com,9.66567E+12,Medina,Al-Qassim Region,1/10/2024,Female,61,VIP,Active,2024
CUST-000585,Omar Al-Saud,omar.alsaud@gmail.com,9.66558E+12,Hail,Makkah Region,2/25/2025,Female,59,Regular,Active,2025
CUST-000586,Charlotte Al-Harbi,charlotte.alharbi@outlook.com,9.66535E+12,Jizan,Makkah Region,1/11/2024,Female,23,Loyal,Active,2024
CUST-000587,Yousef Al-Harbi,yousef.alharbi@yahoo.com,9.66509E+12,Abha,Jazan Region,5/11/2024,Male,52,VIP,Active,2024
CUST-000588,Mia Rao,mia.rao@gmail.com,9.66506E+12,Jeddah,Hail Region,6/24/2020,Female,25,Regular,Inactive,2020
CUST-000589,Matthew Al-Dosari,matthew.aldosari@icloud.com,9.66529E+12,Abha,Makkah Region,5/31/2020,Male,49,New,Active,2020
CUST-000590,Zhao Zhou,zhao.zhou@gmail.com,9.6654E+12,Dammam,Riyadh Region,12/6/2021,Male,37,New,Active,2021
CUST-000591,Abigail Smith,abigail.smith@icloud.com,9.66512E+12,Medina,Jazan Region,6/22/2022,Male,30,Loyal,Active,2022
CUST-000592,Li Al-Khalifa,li.alkhalifa@outlook.com,9.66553E+12,Al-Kharj,Najran Region,7/16/2021,Female,31,New,Inactive,2021
CUST-000593,Fatima Singh,fatima.singh@gmail.com,9.66515E+12,Dammam,Northern Borders,11/19/2021,Female,53,Regular,Active,2021
CUST-000594,Huda Zhao,huda.zhao@gmail.com,9.66522E+12,Sakaka,Northern Borders,10/8/2021,Male,49,New,Active,2021
CUST-000595,Ahmed Johnson,ahmed.johnson@gmail.com,9.66595E+12,Yanbu,Al-Bahah Region,5/3/2025,Male,31,Regular,Active,2025
CUST-000596,Isabella Rao,isabella.rao@outlook.com,9.66533E+12,Sakaka,Al-Bahah Region,6/3/2020,Male,63,Loyal,Inactive,2020
CUST-000597,Fahad Al-Saud,fahad.alsaud@hotmail.com,9.66557E+12,Riyadh,Najran Region,8/23/2022,Male,25,New,Inactive,2022
CUST-000598,James Al-Nasser,james.alnasser@icloud.com,9.66584E+12,Al-Ahsa,Al-Jawf Region,5/2/2022,Female,21,Regular,Active,2022
CUST-000599,Wei Al-Farsi,wei.alfarsi@outlook.com,9.66573E+12,Khobar,Al-Jawf Region,6/25/2020,Male,59,VIP,Active,2020
CUST-000600,Noura Iyer,noura.iyer@hotmail.com,9.66559E+12,Al-Ahsa,Riyadh Region,3/3/2021,Male,52,Regular,Active,2021
CUST-000601,Wei Al-Otaibi,wei.alotaibi@outlook.com,9.66583E+12,Mecca,Asir Region,12/26/2024,Female,44,Regular,Active,2024
CUST-000602,Lina Al-Jaber,lina.aljaber@gmail.com,9.66554E+12,Medina,Asir Region,8/16/2024,Male,42,Regular,Active,2024
CUST-000603,Emma Zhao,emma.zhao@outlook.com,9.66507E+12,Dammam,Asir Region,2/6/2025,Male,42,VIP,Active,2025
CUST-000604,Matthew Al-Mahmoud,matthew.almahmoud@yahoo.com,9.66555E+12,Tabuk,Hail Region,6/5/2021,Male,62,New,Active,2021
CUST-000605,Yousef Al-Ahmari,yousef.alahmari@outlook.com,9.66577E+12,Khobar,Hail Region,6/19/2022,Female,56,Regular,Inactive,2022
CUST-000606,Huang Smith,huang.smith@icloud.com,9.66584E+12,Mecca,Northern Borders,11/7/2025,Female,31,Loyal,Active,2025
CUST-000607,Maha Al-Rashid,maha.alrashid@outlook.com,9.66534E+12,Hail,Northern Borders,6/29/2022,Male,54,New,Active,2022
CUST-000608,Ali Al-Harbi,ali.alharbi@outlook.com,9.66581E+12,Yanbu,Najran Region,6/3/2024,Female,62,New,Active,2024
CUST-000609,Olivia Garcia,olivia.garcia@gmail.com,9.66581E+12,Yanbu,Asir Region,6/27/2021,Female,36,Regular,Active,2021
CUST-000610,Mohammed Wang,mohammed.wang@hotmail.com,9.66527E+12,Al-Kharj,Al-Bahah Region,4/9/2020,Female,47,Regular,Active,2020
CUST-000611,Fatima Sharma,fatima.sharma@outlook.com,9.66509E+12,Mecca,Northern Borders,9/25/2023,Male,36,Loyal,Active,2023
CUST-000612,Ravi Zhou,ravi.zhou@icloud.com,9.66594E+12,Mecca,Al-Qassim Region,10/7/2023,Male,50,VIP,Active,2023
CUST-000613,Abdullah Gupta,abdullah.gupta@hotmail.com,9.66579E+12,Jeddah,Hail Region,2/9/2024,Male,59,New,Inactive,2024
CUST-000614,Sunil Al-Jaber,sunil.aljaber@yahoo.com,9.66525E+12,Abha,Najran Region,4/10/2021,Female,65,Regular,Active,2021
CUST-000615,John Patel,john.patel@hotmail.com,9.66587E+12,Taif,Riyadh Region,9/16/2020,Female,40,Loyal,Active,2020
CUST-000616,Sophia Liu,sophia.liu@gmail.com,9.66578E+12,Qassim,Tabuk Region,1/25/2025,Female,61,New,Active,2025
CUST-000617,Huang Mehta,huang.mehta@gmail.com,9.66516E+12,Khobar,Tabuk Region,11/11/2020,Male,28,VIP,Active,2020
CUST-000618,Ravi Al-Farsi,ravi.alfarsi@outlook.com,9.66524E+12,Khamis Mushait,Al-Jawf Region,4/2/2020,Female,44,Regular,Active,2020
CUST-000619,David Nair,david.nair@outlook.com,9.66505E+12,Tabuk,Makkah Region,3/31/2020,Male,51,VIP,Active,2020
CUST-000620,Harper Singh,harper.singh@hotmail.com,9.66579E+12,Khamis Mushait,Najran Region,12/28/2024,Female,37,Regular,Active,2024
CUST-000621,Sara Miller,sara.miller@yahoo.com,9.66576E+12,Buraidah,Riyadh Region,8/30/2021,Female,36,Loyal,Active,2021
CUST-000622,Abigail Smith,abigail.smith@icloud.com,9.66543E+12,Khobar,Al-Bahah Region,9/20/2021,Male,33,New,Active,2021
CUST-000623,John Huang,john.huang@yahoo.com,9.66574E+12,Najran,Eastern Province,4/20/2022,Male,60,VIP,Active,2022
CUST-000624,Ibrahim Sharma,ibrahim.sharma@outlook.com,9.66583E+12,Qassim,Tabuk Region,5/12/2021,Male,43,Loyal,Active,2021
CUST-000625,Matthew Kumar,matthew.kumar@yahoo.com,9.66508E+12,Khamis Mushait,Hail Region,4/25/2023,Female,36,Regular,Inactive,2023
CUST-000626,Amit Rao,amit.rao@hotmail.com,9.66517E+12,Jeddah,Eastern Province,4/23/2021,Female,19,Loyal,Inactive,2021
CUST-000627,Wang Jones,wang.jones@outlook.com,9.66552E+12,Hail,Riyadh Region,3/10/2022,Male,35,Regular,Active,2022
CUST-000628,Fahad Chen,fahad.chen@outlook.com,9.66518E+12,Jizan,Asir Region,7/1/2025,Female,56,New,Active,2025
CUST-000629,William Al-Farsi,william.alfarsi@outlook.com,9.66556E+12,Najran,Riyadh Region,3/11/2023,Female,40,VIP,Active,2023
CUST-000630,Liu Yang,liu.yang@gmail.com,9.66537E+12,Yanbu,Jazan Region,3/28/2023,Male,64,Loyal,Active,2023
CUST-000631,Yousef Zhao,yousef.zhao@icloud.com,9.66513E+12,Tabuk,Tabuk Region,4/28/2025,Female,22,Loyal,Active,2025
CUST-000632,Ahmed Nair,ahmed.nair@hotmail.com,9.66563E+12,Qassim,Jazan Region,7/14/2021,Male,29,Loyal,Active,2021
CUST-000633,Charlotte Li,charlotte.li@gmail.com,9.66549E+12,Buraidah,Jazan Region,3/13/2025,Male,19,New,Active,2025
CUST-000634,Rana Martinez,rana.martinez@outlook.com,9.6652E+12,Buraidah,Northern Borders,1/4/2022,Female,62,Regular,Active,2022
CUST-000635,Abdullah Al-Nasser,abdullah.alnasser@hotmail.com,9.66572E+12,Sakaka,Al-Bahah Region,1/21/2024,Female,54,Loyal,Active,2024
CUST-000636,Raj Al-Dosari,raj.aldosari@outlook.com,9.66516E+12,Khamis Mushait,Al-Bahah Region,3/12/2020,Female,28,New,Active,2020
CUST-000637,John Mehta,john.mehta@yahoo.com,9.66553E+12,Jeddah,Tabuk Region,1/19/2024,Female,58,VIP,Active,2024
CUST-000638,Reem Rodriguez,reem.rodriguez@icloud.com,9.66518E+12,Tabuk,Al-Jawf Region,1/20/2022,Male,56,Regular,Inactive,2022
CUST-000639,John Kumar,john.kumar@hotmail.com,9.66546E+12,Medina,Najran Region,12/11/2023,Male,18,Regular,Inactive,2023
CUST-000640,Reem Sharma,reem.sharma@outlook.com,9.66566E+12,Khobar,Makkah Region,6/11/2022,Male,50,Regular,Active,2022
CUST-000641,Wei Yang,wei.yang@icloud.com,9.66588E+12,Qassim,Al-Bahah Region,4/11/2021,Female,47,New,Active,2021
CUST-000642,Chen Al-Malki,chen.almalki@gmail.com,9.66576E+12,Buraidah,Al-Bahah Region,1/25/2024,Male,46,VIP,Active,2024
CUST-000643,Sunil Martinez,sunil.martinez@gmail.com,9.66514E+12,Dammam,Al-Bahah Region,8/6/2021,Male,37,Regular,Active,2021
CUST-000644,Yousef Al-Qahtani,yousef.alqahtani@outlook.com,9.66512E+12,Riyadh,Jazan Region,11/1/2024,Male,30,New,Active,2024
CUST-000645,Wei Al-Turki,wei.alturki@icloud.com,9.66592E+12,Jubail,Makkah Region,11/2/2022,Male,22,VIP,Active,2022
CUST-000646,Pavan Al-Zahrani,pavan.alzahrani@gmail.com,9.66594E+12,Al-Kharj,Asir Region,1/26/2022,Female,19,New,Active,2022
CUST-000647,Zhang Al-Khalifa,zhang.alkhalifa@hotmail.com,9.66596E+12,Najran,Eastern Province,8/12/2025,Male,50,New,Active,2025
CUST-000648,Chen Zhao,chen.zhao@gmail.com,9.66584E+12,Tabuk,Tabuk Region,12/4/2021,Male,64,New,Active,2021
CUST-000649,Zhao Zhang,zhao.zhang@outlook.com,9.66559E+12,Khobar,Jazan Region,3/15/2021,Male,40,Loyal,Active,2021
CUST-000650,Noura Zhang,noura.zhang@yahoo.com,9.66563E+12,Hail,Makkah Region,3/23/2025,Male,51,Regular,Active,2025
CUST-000651,Pavan Sharma,pavan.sharma@hotmail.com,9.66582E+12,Mecca,Hail Region,7/15/2025,Male,42,VIP,Active,2025
CUST-000652,Evelyn Al-Khalifa,evelyn.alkhalifa@hotmail.com,9.66574E+12,Qassim,Northern Borders,4/5/2023,Female,30,New,Active,2023
CUST-000653,Karan Sharma,karan.sharma@yahoo.com,9.66508E+12,Medina,Northern Borders,11/29/2024,Male,25,Regular,Active,2024
CUST-000654,William Al-Mutairi,william.almutairi@icloud.com,9.66513E+12,Mecca,Hail Region,3/26/2022,Female,30,Loyal,Active,2022
CUST-000655,Lina Iyer,lina.iyer@outlook.com,9.66549E+12,Al-Kharj,Tabuk Region,6/27/2024,Female,48,Loyal,Active,2024
CUST-000656,Sophia Davis,sophia.davis@yahoo.com,9.66572E+12,Medina,Tabuk Region,6/27/2025,Female,32,Regular,Active,2025
CUST-000657,Saad Al-Khalifa,saad.alkhalifa@gmail.com,9.66518E+12,Riyadh,Eastern Province,4/16/2024,Female,27,VIP,Inactive,2024
CUST-000658,Abigail Al-Zahrani,abigail.alzahrani@gmail.com,9.66588E+12,Al-Ahsa,Asir Region,4/17/2023,Female,49,VIP,Inactive,2023
CUST-000659,Michael Chen,michael.chen@icloud.com,9.66501E+12,Yanbu,Makkah Region,4/20/2024,Female,38,Loyal,Active,2024
CUST-000660,Matthew Al-Harbi,matthew.alharbi@gmail.com,9.66528E+12,Buraidah,Al-Bahah Region,11/3/2021,Female,45,Regular,Active,2021
CUST-000661,Sunil Gupta,sunil.gupta@outlook.com,9.66519E+12,Jubail,Al-Jawf Region,4/8/2025,Female,53,Regular,Inactive,2025
CUST-000662,Omar Reddy,omar.reddy@hotmail.com,9.66579E+12,Jizan,Al-Qassim Region,12/15/2023,Female,38,New,Active,2023
CUST-000663,Harper Al-Harbi,harper.alharbi@yahoo.com,9.66556E+12,Al-Kharj,Riyadh Region,10/29/2023,Female,24,Loyal,Active,2023
CUST-000664,David Nair,david.nair@hotmail.com,9.6651E+12,Abha,Asir Region,8/19/2022,Female,55,New,Active,2022
CUST-000665,Liu Martinez,liu.martinez@gmail.com,9.66553E+12,Riyadh,Najran Region,8/28/2023,Male,47,Loyal,Inactive,2023
CUST-000666,Sophia Nair,sophia.nair@hotmail.com,9.66507E+12,Al-Kharj,Riyadh Region,7/20/2023,Female,54,Loyal,Active,2023
CUST-000667,Amelia Al-Zahrani,amelia.alzahrani@outlook.com,9.66514E+12,Hail,Jazan Region,8/21/2025,Female,28,VIP,Active,2025
CUST-000668,Thomas Williams,thomas.williams@outlook.com,9.66518E+12,Tabuk,Tabuk Region,12/22/2022,Male,37,Loyal,Active,2022
CUST-000669,Abigail Al-Khalifa,abigail.alkhalifa@gmail.com,9.66592E+12,Al-Kharj,Hail Region,1/24/2023,Male,54,Loyal,Active,2023
CUST-000670,Noura Patel,noura.patel@gmail.com,9.66548E+12,Buraidah,Northern Borders,7/7/2023,Male,44,Loyal,Active,2023
CUST-000671,Abigail Zhang,abigail.zhang@outlook.com,9.66583E+12,Riyadh,Al-Jawf Region,10/15/2025,Male,54,Loyal,Active,2025
CUST-000672,Arjun Al-Khalifa,arjun.alkhalifa@outlook.com,9.6655E+12,Qassim,Al-Qassim Region,11/11/2024,Male,51,Regular,Active,2024
CUST-000673,Matthew Al-Farsi,matthew.alfarsi@yahoo.com,9.66525E+12,Yanbu,Northern Borders,7/29/2023,Male,58,Regular,Active,2023
CUST-000674,Maha Rodriguez,maha.rodriguez@yahoo.com,9.66549E+12,Abha,Northern Borders,9/3/2022,Male,27,Regular,Active,2022
CUST-000675,Huda Martinez,huda.martinez@outlook.com,9.66579E+12,Yanbu,Northern Borders,5/31/2020,Male,28,VIP,Active,2020
CUST-000676,Mohammed Miller,mohammed.miller@hotmail.com,9.66583E+12,Jeddah,Al-Bahah Region,6/13/2025,Male,21,New,Active,2025
CUST-000677,Evelyn Martinez,evelyn.martinez@gmail.com,9.66566E+12,Mecca,Northern Borders,7/29/2021,Male,25,New,Inactive,2021
CUST-000678,Arjun Zhao,arjun.zhao@icloud.com,9.66548E+12,Mecca,Asir Region,5/15/2021,Female,39,Loyal,Active,2021
CUST-000679,Wu Iyer,wu.iyer@yahoo.com,9.66522E+12,Khobar,Asir Region,1/29/2023,Female,44,VIP,Inactive,2023
CUST-000680,Omar Li,omar.li@icloud.com,9.66553E+12,Hail,Najran Region,10/1/2024,Female,61,Regular,Active,2024
CUST-000681,Yang Al-Farsi,yang.alfarsi@hotmail.com,9.66576E+12,Buraidah,Riyadh Region,5/22/2020,Male,62,Regular,Active,2020
CUST-000682,Charlotte Gupta,charlotte.gupta@hotmail.com,9.66553E+12,Qassim,Asir Region,12/17/2024,Female,18,Loyal,Active,2024
CUST-000683,Dana Al-Qahtani,dana.alqahtani@yahoo.com,9.66544E+12,Khobar,Jazan Region,7/23/2023,Female,20,VIP,Active,2023
CUST-000684,Chen Al-Jaber,chen.aljaber@outlook.com,9.66577E+12,Hail,Al-Bahah Region,9/26/2024,Male,28,VIP,Inactive,2024
CUST-000685,Khalid Patel,khalid.patel@outlook.com,9.66598E+12,Hail,Jazan Region,4/22/2020,Male,59,Regular,Active,2020
CUST-000686,Wei Al-Faisal,wei.alfaisal@yahoo.com,9.66506E+12,Tabuk,Al-Jawf Region,6/5/2023,Female,54,New,Active,2023
CUST-000687,Sara Garcia,sara.garcia@icloud.com,9.66529E+12,Yanbu,Hail Region,1/23/2025,Female,65,Regular,Active,2025
CUST-000688,Fatima Al-Dosari,fatima.aldosari@icloud.com,9.66555E+12,Tabuk,Makkah Region,8/24/2024,Female,29,Loyal,Active,2024
CUST-000689,Wang Huang,wang.huang@yahoo.com,9.66501E+12,Qassim,Al-Jawf Region,7/25/2022,Male,47,Regular,Active,2022
CUST-000690,Ravi Smith,ravi.smith@gmail.com,9.66569E+12,Yanbu,Al-Qassim Region,12/1/2022,Male,23,VIP,Active,2022
CUST-000691,Amelia Al-Ahmari,amelia.alahmari@gmail.com,9.66587E+12,Al-Ahsa,Al-Jawf Region,7/17/2025,Male,32,Regular,Active,2025
CUST-000692,Liu Davis,liu.davis@hotmail.com,9.66576E+12,Dammam,Northern Borders,4/26/2022,Male,36,Regular,Active,2022
CUST-000693,Fatima Nair,fatima.nair@yahoo.com,9.66505E+12,Taif,Asir Region,1/21/2025,Male,41,Loyal,Active,2025
CUST-000694,Ahmed Wang,ahmed.wang@yahoo.com,9.66556E+12,Tabuk,Al-Bahah Region,4/19/2024,Female,65,VIP,Active,2024
CUST-000695,Saad Yang,saad.yang@gmail.com,9.66505E+12,Abha,Jazan Region,12/22/2023,Male,18,VIP,Inactive,2023
CUST-000696,Abigail Gupta,abigail.gupta@hotmail.com,9.66566E+12,Dammam,Najran Region,6/17/2020,Male,34,Regular,Inactive,2020
CUST-000697,Olivia Singh,olivia.singh@outlook.com,9.66522E+12,Hail,Al-Bahah Region,12/12/2025,Female,27,VIP,Active,2025
CUST-000698,John Al-Harbi,john.alharbi@yahoo.com,9.66575E+12,Najran,Northern Borders,3/4/2023,Female,57,VIP,Inactive,2023
CUST-000699,John Iyer,john.iyer@yahoo.com,9.66558E+12,Dammam,Najran Region,12/7/2024,Male,30,Regular,Active,2024
CUST-000700,Lina Johnson,lina.johnson@gmail.com,9.66574E+12,Khobar,Al-Bahah Region,3/28/2025,Female,25,Loyal,Active,2025
CUST-000701,Daniel Patel,daniel.patel@icloud.com,9.66577E+12,Jubail,Makkah Region,8/29/2021,Male,40,New,Active,2021
CUST-000702,Liu Rodriguez,liu.rodriguez@yahoo.com,9.66528E+12,Taif,Al-Qassim Region,5/19/2022,Male,51,Regular,Active,2022
CUST-000703,Zhao Al-Shehri,zhao.alshehri@yahoo.com,9.66572E+12,Hail,Riyadh Region,3/10/2023,Male,43,VIP,Inactive,2023
CUST-000704,Wu Al-Zahrani,wu.alzahrani@hotmail.com,9.66521E+12,Mecca,Jazan Region,5/19/2025,Female,58,VIP,Inactive,2025
CUST-000705,Arjun Al-Rashid,arjun.alrashid@hotmail.com,9.6651E+12,Sakaka,Jazan Region,8/23/2023,Male,31,New,Active,2023
CUST-000706,John Al-Ghamdi,john.alghamdi@gmail.com,9.66589E+12,Jizan,Makkah Region,6/21/2024,Female,29,Regular,Active,2024
CUST-000707,Fahad Al-Otaibi,fahad.alotaibi@yahoo.com,9.66526E+12,Jizan,Tabuk Region,9/23/2021,Male,37,Loyal,Active,2021
CUST-000708,Sanjay Martinez,sanjay.martinez@icloud.com,9.66526E+12,Medina,Hail Region,9/30/2025,Male,49,Loyal,Active,2025
CUST-000709,Emma Davis,emma.davis@icloud.com,9.66597E+12,Mecca,Northern Borders,2/17/2024,Male,45,Loyal,Active,2024
CUST-000710,Ali Zhang,ali.zhang@hotmail.com,9.66574E+12,Dammam,Jazan Region,11/29/2025,Male,36,Loyal,Active,2025
CUST-000711,Fahad Wang,fahad.wang@hotmail.com,9.66523E+12,Buraidah,Asir Region,11/12/2025,Female,36,New,Inactive,2025
CUST-000712,Khalid Al-Harbi,khalid.alharbi@icloud.com,9.66518E+12,Yanbu,Northern Borders,1/22/2021,Female,60,VIP,Active,2021
CUST-000713,Rana Zhao,rana.zhao@gmail.com,9.66581E+12,Medina,Al-Bahah Region,3/10/2025,Male,29,Loyal,Active,2025
CUST-000714,Fahad Nair,fahad.nair@hotmail.com,9.66559E+12,Al-Ahsa,Al-Jawf Region,1/16/2025,Female,39,Regular,Active,2025
CUST-000715,Fatima Al-Qahtani,fatima.alqahtani@icloud.com,9.66542E+12,Yanbu,Najran Region,3/14/2020,Male,43,New,Active,2020
CUST-000716,Sara Al-Faisal,sara.alfaisal@outlook.com,9.66576E+12,Sakaka,Al-Bahah Region,6/16/2025,Female,57,VIP,Active,2025
CUST-000717,Li Martinez,li.martinez@gmail.com,9.66523E+12,Riyadh,Asir Region,4/3/2021,Male,62,Regular,Active,2021
CUST-000718,Noura Wang,noura.wang@yahoo.com,9.66537E+12,Qassim,Asir Region,12/18/2020,Female,47,Regular,Active,2020
CUST-000719,Thomas Al-Otaibi,thomas.alotaibi@gmail.com,9.66523E+12,Al-Ahsa,Jazan Region,4/15/2025,Male,46,Regular,Active,2025
CUST-000720,Reem Huang,reem.huang@outlook.com,9.66505E+12,Riyadh,Makkah Region,11/3/2024,Female,49,VIP,Active,2024
CUST-000721,Olivia Reddy,olivia.reddy@outlook.com,9.66589E+12,Sakaka,Al-Jawf Region,6/21/2025,Male,63,New,Inactive,2025
CUST-000722,Mohammed Iyer,mohammed.iyer@icloud.com,9.66558E+12,Mecca,Tabuk Region,9/4/2024,Female,25,Loyal,Inactive,2024
CUST-000723,Vikram Patel,vikram.patel@outlook.com,9.66561E+12,Khobar,Tabuk Region,2/26/2022,Female,40,Loyal,Active,2022
CUST-000724,Sophia Jones,sophia.jones@icloud.com,9.66559E+12,Al-Ahsa,Eastern Province,4/16/2023,Female,44,VIP,Active,2023
CUST-000725,Li Smith,li.smith@icloud.com,9.66535E+12,Mecca,Al-Jawf Region,5/31/2025,Male,29,Regular,Active,2025
CUST-000726,Evelyn Li,evelyn.li@gmail.com,9.66568E+12,Buraidah,Asir Region,5/7/2022,Male,19,VIP,Active,2022
CUST-000727,David Al-Dosari,david.aldosari@yahoo.com,9.66528E+12,Jeddah,Makkah Region,10/15/2023,Female,25,Regular,Active,2023
CUST-000728,Charlotte Jones,charlotte.jones@outlook.com,9.66546E+12,Najran,Riyadh Region,12/31/2022,Male,62,New,Active,2022
CUST-000729,Wu Rao,wu.rao@outlook.com,9.66512E+12,Sakaka,Al-Qassim Region,2/21/2021,Male,50,New,Active,2021
CUST-000730,Raj Al-Ahmari,raj.alahmari@yahoo.com,9.66553E+12,Buraidah,Al-Bahah Region,12/13/2024,Female,64,New,Active,2024
CUST-000731,Vikram Sharma,vikram.sharma@hotmail.com,9.66523E+12,Tabuk,Jazan Region,8/29/2024,Male,33,Loyal,Active,2024
CUST-000732,Reem Zhang,reem.zhang@yahoo.com,9.66515E+12,Najran,Al-Bahah Region,8/26/2024,Female,58,Regular,Active,2024
CUST-000733,Pavan Al-Nasser,pavan.alnasser@icloud.com,9.66564E+12,Dammam,Northern Borders,8/20/2024,Female,47,VIP,Active,2024
CUST-000734,Daniel Al-Farsi,daniel.alfarsi@gmail.com,9.66582E+12,Mecca,Hail Region,7/13/2023,Female,28,Loyal,Active,2023
CUST-000735,William Al-Nasser,william.alnasser@gmail.com,9.66529E+12,Jeddah,Al-Jawf Region,10/30/2025,Female,44,Loyal,Inactive,2025
CUST-000736,Liu Martinez,liu.martinez@hotmail.com,9.66551E+12,Taif,Najran Region,8/24/2021,Female,46,Regular,Inactive,2021
CUST-000737,Abigail Zhou,abigail.zhou@outlook.com,9.6656E+12,Jizan,Asir Region,5/20/2023,Male,20,VIP,Active,2023
CUST-000738,Amit Al-Mahmoud,amit.almahmoud@yahoo.com,9.66588E+12,Buraidah,Asir Region,1/15/2021,Female,51,VIP,Active,2021
CUST-000739,Mohammed Al-Otaibi,mohammed.alotaibi@icloud.com,9.66594E+12,Abha,Tabuk Region,9/27/2024,Male,64,New,Active,2024
CUST-000740,Rana Al-Saud,rana.alsaud@icloud.com,9.66553E+12,Jeddah,Al-Jawf Region,5/25/2021,Female,37,New,Active,2021
CUST-000741,Michael Garcia,michael.garcia@icloud.com,9.66599E+12,Qassim,Al-Qassim Region,8/15/2022,Female,37,VIP,Inactive,2022
CUST-000742,Karan Al-Malki,karan.almalki@outlook.com,9.66584E+12,Medina,Hail Region,10/16/2025,Male,41,Loyal,Active,2025
CUST-000743,Ibrahim Al-Hassan,ibrahim.alhassan@outlook.com,9.66562E+12,Mecca,Riyadh Region,10/6/2024,Male,48,Regular,Active,2024
CUST-000744,Khalid Sharma,khalid.sharma@icloud.com,9.66569E+12,Qassim,Najran Region,6/5/2024,Female,55,Loyal,Active,2024
CUST-000745,Daniel Al-Mutairi,daniel.almutairi@outlook.com,9.66563E+12,Dammam,Najran Region,6/4/2021,Female,63,Loyal,Active,2021
CUST-000746,Sunil Zhang,sunil.zhang@icloud.com,9.66514E+12,Al-Ahsa,Jazan Region,5/13/2020,Male,53,VIP,Active,2020
CUST-000747,Evelyn Nair,evelyn.nair@gmail.com,9.66516E+12,Al-Kharj,Tabuk Region,6/13/2020,Male,25,VIP,Active,2020
CUST-000748,James Martinez,james.martinez@hotmail.com,9.66571E+12,Dammam,Eastern Province,9/23/2024,Male,37,VIP,Active,2024
CUST-000749,Fatima Al-Khalifa,fatima.alkhalifa@outlook.com,9.66503E+12,Qassim,Hail Region,10/3/2020,Male,44,Loyal,Inactive,2020
CUST-000750,Dana Huang,dana.huang@outlook.com,9.66556E+12,Jubail,Al-Bahah Region,6/27/2021,Male,50,Loyal,Active,2021
CUST-000751,Arjun Rao,arjun.rao@yahoo.com,9.66552E+12,Sakaka,Al-Jawf Region,8/4/2024,Female,32,Loyal,Active,2024
CUST-000752,Mia Al-Harbi,mia.alharbi@outlook.com,9.6655E+12,Mecca,Eastern Province,4/11/2020,Female,53,New,Inactive,2020
CUST-000753,Fahad Williams,fahad.williams@icloud.com,9.66589E+12,Jeddah,Al-Qassim Region,11/7/2025,Male,48,New,Active,2025
CUST-000754,Arjun Chen,arjun.chen@yahoo.com,9.66505E+12,Tabuk,Asir Region,12/24/2024,Male,52,VIP,Active,2024
CUST-000755,Harper Al-Harbi,harper.alharbi@outlook.com,9.66506E+12,Yanbu,Eastern Province,8/26/2024,Male,51,VIP,Active,2024
CUST-000756,Rana Al-Qahtani,rana.alqahtani@gmail.com,9.66518E+12,Khobar,Tabuk Region,8/12/2021,Male,34,New,Active,2021
CUST-000757,Dana Nair,dana.nair@yahoo.com,9.66509E+12,Hail,Eastern Province,4/21/2020,Male,37,Loyal,Active,2020
CUST-000758,John Al-Farsi,john.alfarsi@outlook.com,9.66554E+12,Jizan,Makkah Region,7/31/2020,Male,33,Regular,Active,2020
CUST-000759,Sophia Al-Nasser,sophia.alnasser@icloud.com,9.66563E+12,Taif,Riyadh Region,7/27/2023,Female,53,Loyal,Active,2023
CUST-000760,Emma Al-Otaibi,emma.alotaibi@outlook.com,9.66531E+12,Taif,Najran Region,2/19/2021,Male,53,Regular,Active,2021
CUST-000761,Amelia Nair,amelia.nair@outlook.com,9.6652E+12,Khamis Mushait,Asir Region,8/6/2021,Female,52,Regular,Active,2021
CUST-000762,Mia Iyer,mia.iyer@icloud.com,9.66572E+12,Riyadh,Jazan Region,3/30/2023,Male,18,New,Active,2023
CUST-000763,Maha Wu,maha.wu@hotmail.com,9.66566E+12,Tabuk,Al-Qassim Region,9/21/2025,Female,20,Regular,Inactive,2025
CUST-000764,Amelia Al-Shehri,amelia.alshehri@hotmail.com,9.66516E+12,Medina,Eastern Province,2/18/2023,Female,31,VIP,Active,2023
CUST-000765,Raj Miller,raj.miller@outlook.com,9.66544E+12,Hail,Hail Region,5/12/2022,Female,56,VIP,Active,2022
CUST-000766,Zhao Al-Mutairi,zhao.almutairi@yahoo.com,9.66509E+12,Jubail,Riyadh Region,2/9/2020,Male,44,Loyal,Active,2020
CUST-000767,Mia Al-Qahtani,mia.alqahtani@gmail.com,9.66581E+12,Al-Ahsa,Al-Jawf Region,5/20/2021,Female,42,VIP,Active,2021
CUST-000768,Fatima Al-Jaber,fatima.aljaber@gmail.com,9.66517E+12,Najran,Asir Region,12/25/2024,Male,32,New,Active,2024
CUST-000769,Karan Al-Hassan,karan.alhassan@hotmail.com,9.66532E+12,Sakaka,Al-Jawf Region,5/26/2023,Male,32,Loyal,Active,2023
CUST-000770,Ali Davis,ali.davis@outlook.com,9.66594E+12,Riyadh,Asir Region,6/10/2024,Male,35,Loyal,Active,2024
CUST-000771,Charlotte Williams,charlotte.williams@icloud.com,9.66599E+12,Khobar,Makkah Region,6/9/2021,Male,26,VIP,Inactive,2021
CUST-000772,Zhang Jones,zhang.jones@icloud.com,9.66544E+12,Riyadh,Al-Bahah Region,12/22/2025,Female,61,Loyal,Active,2025
CUST-000773,Thomas Al-Faisal,thomas.alfaisal@gmail.com,9.66557E+12,Yanbu,Tabuk Region,5/13/2021,Female,49,VIP,Inactive,2021
CUST-000774,Pavan Al-Harbi,pavan.alharbi@yahoo.com,9.66505E+12,Yanbu,Najran Region,1/12/2025,Female,18,Loyal,Active,2025
CUST-000775,Michael Al-Qahtani,michael.alqahtani@icloud.com,9.66504E+12,Yanbu,Makkah Region,10/20/2022,Male,28,VIP,Active,2022
CUST-000776,Khalid Al-Saud,khalid.alsaud@gmail.com,9.66507E+12,Yanbu,Riyadh Region,10/1/2023,Female,33,New,Active,2023
CUST-000777,Huda Singh,huda.singh@gmail.com,9.66558E+12,Abha,Makkah Region,12/1/2024,Male,58,Loyal,Inactive,2024
CUST-000778,Abdullah Al-Qahtani,abdullah.alqahtani@gmail.com,9.66506E+12,Hail,Al-Bahah Region,9/23/2020,Male,21,Loyal,Active,2020
CUST-000779,Dana Zhou,dana.zhou@outlook.com,9.66512E+12,Jeddah,Najran Region,8/1/2020,Female,42,Loyal,Active,2020
CUST-000780,Abigail Al-Nasser,abigail.alnasser@outlook.com,9.66539E+12,Sakaka,Riyadh Region,1/31/2025,Female,47,Loyal,Inactive,2025
CUST-000781,Abigail Al-Zahrani,abigail.alzahrani@hotmail.com,9.66507E+12,Khamis Mushait,Hail Region,2/27/2022,Male,24,New,Inactive,2022
CUST-000782,Sunil Al-Shehri,sunil.alshehri@icloud.com,9.66539E+12,Dammam,Al-Jawf Region,9/15/2025,Female,40,Loyal,Active,2025
CUST-000783,Amit Zhou,amit.zhou@outlook.com,9.66524E+12,Dammam,Riyadh Region,9/4/2020,Male,37,Loyal,Inactive,2020
CUST-000784,Vikram Al-Nasser,vikram.alnasser@hotmail.com,9.66549E+12,Qassim,Eastern Province,8/26/2021,Female,37,VIP,Active,2021
CUST-000785,James Al-Rashid,james.alrashid@icloud.com,9.666E+12,Dammam,Riyadh Region,8/30/2022,Male,45,VIP,Active,2022
CUST-000786,Aisha Al-Saud,aisha.alsaud@yahoo.com,9.66516E+12,Tabuk,Al-Jawf Region,5/2/2025,Female,56,VIP,Inactive,2025
CUST-000787,Amelia Singh,amelia.singh@icloud.com,9.66547E+12,Hail,Eastern Province,3/5/2021,Female,20,Loyal,Active,2021
CUST-000788,Zhao Al-Rashid,zhao.alrashid@yahoo.com,9.66537E+12,Sakaka,Asir Region,9/6/2022,Female,65,VIP,Active,2022
CUST-000789,Noura Reddy,noura.reddy@yahoo.com,9.66506E+12,Riyadh,Makkah Region,1/5/2024,Male,53,New,Active,2024
CUST-000790,Reem Rao,reem.rao@yahoo.com,9.66596E+12,Jeddah,Riyadh Region,3/26/2022,Male,36,Regular,Active,2022
CUST-000791,Yang Miller,yang.miller@yahoo.com,9.66558E+12,Abha,Eastern Province,3/13/2022,Male,29,VIP,Active,2022
CUST-000792,Mohammed Al-Dosari,mohammed.aldosari@yahoo.com,9.6657E+12,Medina,Hail Region,5/11/2022,Female,47,Regular,Active,2022
CUST-000793,Li Sharma,li.sharma@yahoo.com,9.66589E+12,Yanbu,Al-Bahah Region,9/24/2020,Male,27,Regular,Active,2020
CUST-000794,Aisha Chen,aisha.chen@outlook.com,9.66555E+12,Sakaka,Northern Borders,9/28/2022,Male,57,Regular,Inactive,2022
CUST-000795,Reem Al-Farsi,reem.alfarsi@hotmail.com,9.66532E+12,Taif,Eastern Province,9/12/2025,Female,31,New,Active,2025
CUST-000796,Wei Al-Turki,wei.alturki@icloud.com,9.66513E+12,Khamis Mushait,Northern Borders,9/16/2025,Female,49,Loyal,Active,2025
CUST-000797,John Al-Hassan,john.alhassan@hotmail.com,9.66587E+12,Jubail,Jazan Region,1/4/2023,Female,58,New,Active,2023
CUST-000798,Lina Williams,lina.williams@outlook.com,9.66536E+12,Tabuk,Tabuk Region,10/6/2024,Female,54,Regular,Active,2024
CUST-000799,Rana Yang,rana.yang@gmail.com,9.66522E+12,Buraidah,Jazan Region,10/26/2025,Female,32,New,Active,2025
CUST-000800,Sophia Zhou,sophia.zhou@hotmail.com,9.66567E+12,Al-Ahsa,Northern Borders,8/2/2024,Female,49,VIP,Active,2024
CUST-000801,Robert Al-Otaibi,robert.alotaibi@yahoo.com,9.66574E+12,Taif,Al-Jawf Region,11/6/2020,Female,23,VIP,Inactive,2020
CUST-000802,Sophia Chen,sophia.chen@gmail.com,9.66544E+12,Medina,Makkah Region,10/19/2020,Female,20,Regular,Active,2020
CUST-000803,Aisha Al-Dosari,aisha.aldosari@hotmail.com,9.66545E+12,Taif,Asir Region,7/18/2021,Female,18,VIP,Active,2021
CUST-000804,Chen Patel,chen.patel@outlook.com,9.66569E+12,Riyadh,Jazan Region,9/30/2025,Male,43,Regular,Active,2025
CUST-000805,Amit Al-Khalifa,amit.alkhalifa@yahoo.com,9.66574E+12,Khamis Mushait,Al-Qassim Region,4/3/2025,Female,39,New,Active,2025
CUST-000806,Zhang Williams,zhang.williams@outlook.com,9.66564E+12,Al-Ahsa,Jazan Region,5/3/2020,Female,26,Regular,Active,2020
CUST-000807,Sanjay Al-Rashid,sanjay.alrashid@outlook.com,9.66556E+12,Abha,Northern Borders,10/9/2024,Female,62,VIP,Active,2024
CUST-000808,Harper Al-Otaibi,harper.alotaibi@icloud.com,9.66503E+12,Dammam,Hail Region,5/20/2024,Female,31,Loyal,Active,2024
CUST-000809,Mia Gupta,mia.gupta@yahoo.com,9.66572E+12,Hail,Al-Qassim Region,1/23/2025,Female,23,Regular,Active,2025
CUST-000810,Karan Yang,karan.yang@yahoo.com,9.66509E+12,Jubail,Riyadh Region,2/3/2022,Male,22,Loyal,Active,2022
CUST-000811,Noura Jones,noura.jones@hotmail.com,9.66582E+12,Al-Ahsa,Riyadh Region,2/18/2024,Male,28,VIP,Active,2024
CUST-000812,William Smith,william.smith@gmail.com,9.66528E+12,Yanbu,Jazan Region,10/8/2020,Female,31,Regular,Active,2020
CUST-000813,Dana Iyer,dana.iyer@outlook.com,9.66529E+12,Al-Kharj,Tabuk Region,4/11/2022,Female,35,Regular,Active,2022
CUST-000814,Ibrahim Rao,ibrahim.rao@gmail.com,9.66569E+12,Abha,Najran Region,9/9/2023,Female,47,Loyal,Inactive,2023
CUST-000815,Ali Al-Khalifa,ali.alkhalifa@gmail.com,9.6655E+12,Al-Ahsa,Hail Region,5/3/2023,Female,57,Regular,Active,2023
CUST-000816,Huda Johnson,huda.johnson@icloud.com,9.66567E+12,Jizan,Al-Jawf Region,1/21/2022,Male,43,New,Active,2022
CUST-000817,Yang Smith,yang.smith@hotmail.com,9.66585E+12,Mecca,Al-Bahah Region,6/8/2022,Female,44,New,Active,2022
CUST-000818,Khalid Al-Nasser,khalid.alnasser@gmail.com,9.66585E+12,Yanbu,Jazan Region,11/6/2021,Female,31,New,Active,2021
CUST-000819,Mohammed Al-Shehri,mohammed.alshehri@outlook.com,9.66566E+12,Jizan,Asir Region,6/12/2024,Male,18,VIP,Active,2024
CUST-000820,Sunil Al-Malki,sunil.almalki@hotmail.com,9.66578E+12,Al-Ahsa,Makkah Region,12/4/2020,Male,63,Loyal,Active,2020
CUST-000821,Emma Davis,emma.davis@yahoo.com,9.66521E+12,Sakaka,Makkah Region,12/26/2021,Female,25,Loyal,Active,2021
CUST-000822,Khalid Al-Turki,khalid.alturki@gmail.com,9.66543E+12,Al-Ahsa,Hail Region,12/29/2021,Male,63,New,Inactive,2021
CUST-000823,Noura Rao,noura.rao@gmail.com,9.6659E+12,Medina,Northern Borders,6/16/2023,Female,21,New,Active,2023
CUST-000824,Nikhil Gupta,nikhil.gupta@yahoo.com,9.66536E+12,Abha,Asir Region,1/9/2021,Male,44,New,Active,2021
CUST-000825,Michael Williams,michael.williams@gmail.com,9.66532E+12,Khobar,Al-Bahah Region,11/15/2021,Male,44,New,Active,2021
CUST-000826,John Yang,john.yang@yahoo.com,9.66594E+12,Qassim,Northern Borders,10/18/2024,Male,32,Regular,Active,2024
CUST-000827,David Kumar,david.kumar@yahoo.com,9.66506E+12,Hail,Riyadh Region,5/13/2024,Male,47,Regular,Active,2024
CUST-000828,Arjun Davis,arjun.davis@icloud.com,9.66552E+12,Mecca,Asir Region,8/10/2024,Female,56,Loyal,Active,2024
CUST-000829,Sunil Chen,sunil.chen@icloud.com,9.66524E+12,Medina,Al-Qassim Region,8/21/2023,Female,61,Regular,Active,2023
CUST-000830,Fatima Al-Saud,fatima.alsaud@hotmail.com,9.66572E+12,Hail,Riyadh Region,1/12/2025,Female,50,Regular,Inactive,2025
CUST-000831,Harper Al-Hassan,harper.alhassan@gmail.com,9.66531E+12,Sakaka,Makkah Region,6/19/2023,Male,65,Loyal,Active,2023
CUST-000832,Abigail Al-Qahtani,abigail.alqahtani@gmail.com,9.66526E+12,Jubail,Tabuk Region,4/7/2022,Male,42,Regular,Active,2022
CUST-000833,Huda Al-Mahmoud,huda.almahmoud@icloud.com,9.66575E+12,Dammam,Tabuk Region,7/24/2023,Male,51,Loyal,Active,2023
CUST-000834,Pavan Al-Otaibi,pavan.alotaibi@yahoo.com,9.66556E+12,Abha,Asir Region,8/9/2020,Male,61,Regular,Inactive,2020
CUST-000835,Liu Gupta,liu.gupta@icloud.com,9.66553E+12,Al-Ahsa,Al-Jawf Region,1/25/2020,Male,49,New,Active,2020
CUST-000836,Omar Al-Saud,omar.alsaud@yahoo.com,9.66533E+12,Mecca,Eastern Province,4/17/2022,Male,50,New,Active,2022
CUST-000837,Amit Mehta,amit.mehta@hotmail.com,9.66524E+12,Abha,Northern Borders,12/23/2021,Male,37,VIP,Inactive,2021
CUST-000838,Daniel Al-Saud,daniel.alsaud@yahoo.com,9.66547E+12,Mecca,Hail Region,6/19/2024,Female,28,Loyal,Active,2024
CUST-000839,Thomas Zhang,thomas.zhang@icloud.com,9.66563E+12,Jubail,Riyadh Region,4/11/2024,Female,23,VIP,Inactive,2024
CUST-000840,Mia Al-Farsi,mia.alfarsi@icloud.com,9.66524E+12,Jizan,Jazan Region,6/6/2023,Female,36,Loyal,Inactive,2023
CUST-000841,Evelyn Wang,evelyn.wang@gmail.com,9.66553E+12,Jubail,Asir Region,9/25/2021,Male,18,New,Inactive,2021
CUST-000842,Amit Al-Mahmoud,amit.almahmoud@hotmail.com,9.66576E+12,Yanbu,Northern Borders,3/8/2024,Female,49,VIP,Inactive,2024
CUST-000843,Khalid Nair,khalid.nair@gmail.com,9.66516E+12,Al-Kharj,Eastern Province,3/6/2022,Female,34,VIP,Inactive,2022
CUST-000844,Sunil Li,sunil.li@hotmail.com,9.6651E+12,Jizan,Northern Borders,10/7/2022,Male,48,New,Active,2022
CUST-000845,Raj Al-Hassan,raj.alhassan@gmail.com,9.66525E+12,Sakaka,Jazan Region,8/26/2021,Female,33,Regular,Active,2021
CUST-000846,Abdullah Al-Jaber,abdullah.aljaber@gmail.com,9.66566E+12,Al-Kharj,Makkah Region,10/24/2025,Male,45,Regular,Active,2025
CUST-000847,Rana Al-Mutairi,rana.almutairi@hotmail.com,9.66588E+12,Jizan,Al-Qassim Region,6/15/2023,Female,64,New,Active,2023
CUST-000848,Raj Huang,raj.huang@hotmail.com,9.66525E+12,Tabuk,Al-Bahah Region,6/18/2024,Female,18,Regular,Active,2024
CUST-000849,Ahmed Al-Zahrani,ahmed.alzahrani@gmail.com,9.66568E+12,Yanbu,Al-Jawf Region,3/27/2023,Female,28,Regular,Active,2023
CUST-000850,Fatima Al-Hassan,fatima.alhassan@yahoo.com,9.66538E+12,Khobar,Najran Region,3/27/2021,Female,54,Regular,Active,2021
CUST-000851,Aisha Al-Ghamdi,aisha.alghamdi@yahoo.com,9.66534E+12,Yanbu,Jazan Region,3/23/2021,Male,23,VIP,Active,2021
CUST-000852,Robert Al-Ahmari,robert.alahmari@hotmail.com,9.66516E+12,Riyadh,Al-Qassim Region,8/19/2022,Female,49,New,Active,2022
CUST-000853,Omar Davis,omar.davis@gmail.com,9.66592E+12,Medina,Asir Region,11/9/2025,Male,42,VIP,Active,2025
CUST-000854,Emma Al-Nasser,emma.alnasser@hotmail.com,9.66597E+12,Hail,Hail Region,11/6/2023,Female,33,VIP,Active,2023
CUST-000855,Robert Zhou,robert.zhou@gmail.com,9.66555E+12,Medina,Riyadh Region,2/14/2025,Female,64,Regular,Active,2025
CUST-000856,Evelyn Al-Ahmari,evelyn.alahmari@icloud.com,9.66544E+12,Najran,Jazan Region,4/30/2025,Female,60,Regular,Active,2025
CUST-000857,Raj Kumar,raj.kumar@gmail.com,9.66552E+12,Hail,Al-Jawf Region,12/24/2024,Male,56,Loyal,Active,2024
CUST-000858,Sanjay Zhou,sanjay.zhou@gmail.com,9.66557E+12,Jubail,Al-Jawf Region,2/15/2021,Female,36,Regular,Active,2021
CUST-000859,Liu Liu,liu.liu@icloud.com,9.66581E+12,Dammam,Jazan Region,12/22/2020,Female,61,Loyal,Active,2020
CUST-000860,Huang Rao,huang.rao@gmail.com,9.6658E+12,Qassim,Asir Region,9/23/2022,Male,28,New,Active,2022
CUST-000861,Thomas Al-Hassan,thomas.alhassan@gmail.com,9.66525E+12,Jizan,Tabuk Region,6/21/2022,Female,60,Loyal,Active,2022
CUST-000862,Arjun Al-Malki,arjun.almalki@icloud.com,9.66572E+12,Hail,Asir Region,9/21/2020,Female,42,Loyal,Inactive,2020
CUST-000863,Zhang Iyer,zhang.iyer@yahoo.com,9.66534E+12,Medina,Tabuk Region,12/25/2020,Male,23,VIP,Inactive,2020
CUST-000864,Wu Williams,wu.williams@gmail.com,9.66596E+12,Dammam,Hail Region,4/6/2024,Male,37,New,Inactive,2024
CUST-000865,Mia Williams,mia.williams@outlook.com,9.66565E+12,Najran,Al-Jawf Region,6/1/2021,Male,24,Loyal,Active,2021
CUST-000866,Mia Mehta,mia.mehta@hotmail.com,9.66525E+12,Abha,Jazan Region,2/9/2025,Male,56,VIP,Active,2025
CUST-000867,Sanjay Al-Turki,sanjay.alturki@gmail.com,9.66595E+12,Buraidah,Najran Region,5/20/2021,Female,63,Loyal,Active,2021
CUST-000868,Olivia Rodriguez,olivia.rodriguez@outlook.com,9.66505E+12,Dammam,Al-Bahah Region,5/12/2022,Male,62,New,Active,2022
CUST-000869,Zhang Li,zhang.li@outlook.com,9.6655E+12,Khobar,Riyadh Region,5/25/2024,Female,45,Loyal,Active,2024
CUST-000870,Pavan Reddy,pavan.reddy@outlook.com,9.66518E+12,Buraidah,Tabuk Region,3/10/2022,Female,24,Regular,Active,2022
CUST-000871,Pavan Zhao,pavan.zhao@gmail.com,9.66547E+12,Khobar,Al-Qassim Region,7/17/2021,Female,62,Loyal,Active,2021
CUST-000872,Huang Al-Farsi,huang.alfarsi@yahoo.com,9.66534E+12,Riyadh,Hail Region,2/21/2021,Male,42,Loyal,Active,2021
CUST-000873,Wu Al-Ghamdi,wu.alghamdi@gmail.com,9.66557E+12,Khobar,Riyadh Region,4/25/2021,Female,55,Loyal,Active,2021
CUST-000874,Raj Al-Mahmoud,raj.almahmoud@outlook.com,9.66531E+12,Medina,Asir Region,6/12/2024,Female,37,Regular,Active,2024
CUST-000875,Nikhil Al-Mutairi,nikhil.almutairi@gmail.com,9.6658E+12,Jizan,Tabuk Region,12/28/2024,Female,18,New,Active,2024
CUST-000876,Fahad Al-Ahmari,fahad.alahmari@outlook.com,9.66584E+12,Riyadh,Al-Qassim Region,5/18/2025,Female,62,New,Inactive,2025
CUST-000877,Fatima Gupta,fatima.gupta@outlook.com,9.66565E+12,Al-Kharj,Eastern Province,2/11/2021,Female,22,Regular,Active,2021
CUST-000878,Chen Al-Mutairi,chen.almutairi@gmail.com,9.66568E+12,Qassim,Najran Region,6/24/2025,Male,51,New,Active,2025
CUST-000879,Arjun Al-Ahmari,arjun.alahmari@yahoo.com,9.66593E+12,Riyadh,Najran Region,1/5/2025,Female,25,New,Active,2025
CUST-000880,Amelia Brown,amelia.brown@yahoo.com,9.66519E+12,Taif,Riyadh Region,12/12/2020,Male,50,VIP,Active,2020
CUST-000881,Mia Smith,mia.smith@outlook.com,9.66504E+12,Buraidah,Riyadh Region,10/28/2025,Female,60,Loyal,Active,2025
CUST-000882,Amelia Li,amelia.li@hotmail.com,9.66586E+12,Sakaka,Najran Region,9/22/2025,Male,62,New,Active,2025
CUST-000883,Huda Al-Harbi,huda.alharbi@yahoo.com,9.66525E+12,Tabuk,Eastern Province,6/3/2022,Female,35,Regular,Inactive,2022
CUST-000884,Thomas Al-Shehri,thomas.alshehri@icloud.com,9.66544E+12,Jizan,Al-Jawf Region,10/30/2021,Female,47,New,Active,2021
CUST-000885,Karan Iyer,karan.iyer@yahoo.com,9.66584E+12,Mecca,Al-Jawf Region,1/8/2023,Male,63,VIP,Inactive,2023
CUST-000886,Arjun Al-Faisal,arjun.alfaisal@icloud.com,9.66593E+12,Yanbu,Eastern Province,7/19/2023,Female,42,New,Inactive,2023
CUST-000887,Huda Al-Shehri,huda.alshehri@hotmail.com,9.66518E+12,Medina,Al-Jawf Region,7/24/2024,Male,39,New,Active,2024
CUST-000888,Zhao Singh,zhao.singh@hotmail.com,9.66524E+12,Taif,Riyadh Region,2/5/2021,Female,32,Loyal,Active,2021
CUST-000889,Wei Al-Ahmari,wei.alahmari@yahoo.com,9.66585E+12,Al-Kharj,Jazan Region,1/26/2021,Female,62,VIP,Inactive,2021
CUST-000890,Maha Wu,maha.wu@gmail.com,9.66503E+12,Hail,Northern Borders,1/10/2022,Female,65,Loyal,Active,2022
CUST-000891,Harper Al-Malki,harper.almalki@hotmail.com,9.66508E+12,Dammam,Al-Jawf Region,6/1/2021,Male,42,VIP,Active,2021
CUST-000892,Zhao Al-Mahmoud,zhao.almahmoud@hotmail.com,9.66539E+12,Yanbu,Al-Bahah Region,2/18/2025,Male,46,VIP,Active,2025
CUST-000893,Sophia Rodriguez,sophia.rodriguez@hotmail.com,9.66568E+12,Abha,Tabuk Region,12/22/2020,Female,44,VIP,Active,2020
CUST-000894,Raj Al-Qahtani,raj.alqahtani@gmail.com,9.66532E+12,Khobar,Al-Qassim Region,8/23/2020,Male,65,VIP,Inactive,2020
CUST-000895,Wu Li,wu.li@gmail.com,9.66568E+12,Dammam,Jazan Region,8/1/2025,Male,43,New,Inactive,2025
CUST-000896,Aisha Al-Khalifa,aisha.alkhalifa@gmail.com,9.66568E+12,Najran,Asir Region,12/3/2025,Male,56,Loyal,Active,2025
CUST-000897,Karan Al-Nasser,karan.alnasser@icloud.com,9.66533E+12,Mecca,Hail Region,6/30/2021,Female,21,Loyal,Active,2021
CUST-000898,Robert Smith,robert.smith@hotmail.com,9.66516E+12,Abha,Najran Region,4/27/2021,Female,37,Loyal,Active,2021
CUST-000899,Rana Brown,rana.brown@gmail.com,9.66596E+12,Tabuk,Tabuk Region,10/12/2025,Male,47,Loyal,Active,2025
CUST-000900,David Al-Rashid,david.alrashid@icloud.com,9.66575E+12,Buraidah,Hail Region,3/14/2021,Male,40,Regular,Active,2021
CUST-000901,David Al-Rashid,david.alrashid@gmail.com,9.66568E+12,Tabuk,Makkah Region,12/7/2025,Male,44,New,Active,2025
CUST-000902,Ahmed Al-Farsi,ahmed.alfarsi@hotmail.com,9.66537E+12,Jizan,Hail Region,5/10/2023,Female,45,Regular,Inactive,2023
CUST-000903,Li Davis,li.davis@gmail.com,9.6658E+12,Al-Ahsa,Eastern Province,7/26/2021,Female,65,Loyal,Active,2021
CUST-000904,David Al-Hassan,david.alhassan@yahoo.com,9.66514E+12,Buraidah,Riyadh Region,7/1/2021,Female,44,VIP,Active,2021
CUST-000905,Sara Al-Turki,sara.alturki@yahoo.com,9.6658E+12,Taif,Makkah Region,9/20/2024,Female,53,Loyal,Active,2024
CUST-000906,John Al-Nasser,john.alnasser@outlook.com,9.66586E+12,Dammam,Makkah Region,3/17/2021,Male,26,Regular,Active,2021
CUST-000907,Sophia Al-Rashid,sophia.alrashid@yahoo.com,9.66506E+12,Yanbu,Al-Qassim Region,2/2/2020,Female,48,VIP,Active,2020
CUST-000908,Olivia Al-Qahtani,olivia.alqahtani@outlook.com,9.66539E+12,Dammam,Al-Bahah Region,9/25/2025,Male,33,VIP,Active,2025
CUST-000909,Liu Miller,liu.miller@yahoo.com,9.66564E+12,Jubail,Al-Bahah Region,2/26/2021,Male,30,Regular,Active,2021
CUST-000910,Abdullah Al-Malki,abdullah.almalki@outlook.com,9.66505E+12,Tabuk,Eastern Province,10/12/2024,Male,57,Regular,Active,2024
CUST-000911,Liu Al-Ghamdi,liu.alghamdi@outlook.com,9.66568E+12,Buraidah,Al-Bahah Region,8/5/2022,Male,39,Loyal,Active,2022
CUST-000912,Omar Zhang,omar.zhang@outlook.com,9.66505E+12,Medina,Tabuk Region,1/29/2024,Female,40,Loyal,Active,2024
CUST-000913,John Al-Ghamdi,john.alghamdi@yahoo.com,9.66501E+12,Jeddah,Al-Jawf Region,8/10/2023,Male,36,Loyal,Active,2023
CUST-000914,Zhao Wu,zhao.wu@gmail.com,9.66563E+12,Taif,Jazan Region,1/29/2024,Female,37,New,Active,2024
CUST-000915,Arjun Al-Rashid,arjun.alrashid@icloud.com,9.66525E+12,Najran,Al-Bahah Region,1/20/2024,Female,33,VIP,Active,2024
CUST-000916,Harper Gupta,harper.gupta@gmail.com,9.66513E+12,Sakaka,Makkah Region,6/17/2020,Male,30,Loyal,Active,2020
CUST-000917,Khalid Chen,khalid.chen@icloud.com,9.66555E+12,Jubail,Asir Region,12/25/2025,Male,20,Regular,Active,2025
CUST-000918,Richard Yang,richard.yang@hotmail.com,9.66586E+12,Najran,Jazan Region,4/25/2021,Female,22,Loyal,Active,2021
CUST-000919,Isabella Zhang,isabella.zhang@gmail.com,9.66529E+12,Taif,Al-Bahah Region,6/12/2021,Female,20,New,Active,2021
CUST-000920,Sanjay Reddy,sanjay.reddy@outlook.com,9.66588E+12,Mecca,Eastern Province,11/28/2024,Female,53,Loyal,Active,2024
CUST-000921,Evelyn Davis,evelyn.davis@yahoo.com,9.66521E+12,Khobar,Al-Qassim Region,6/11/2022,Male,50,Loyal,Inactive,2022
CUST-000922,Sunil Al-Mahmoud,sunil.almahmoud@icloud.com,9.66545E+12,Abha,Tabuk Region,1/4/2023,Male,28,Regular,Active,2023
CUST-000923,Mia Garcia,mia.garcia@hotmail.com,9.6651E+12,Dammam,Tabuk Region,6/28/2021,Female,21,Regular,Active,2021
CUST-000924,Mia Al-Ahmari,mia.alahmari@gmail.com,9.66559E+12,Sakaka,Hail Region,8/22/2023,Male,63,VIP,Active,2023
CUST-000925,Richard Zhou,richard.zhou@hotmail.com,9.66552E+12,Riyadh,Hail Region,6/17/2022,Female,29,VIP,Active,2022
CUST-000926,Mia Al-Turki,mia.alturki@icloud.com,9.66516E+12,Taif,Al-Jawf Region,4/24/2022,Female,32,VIP,Active,2022
CUST-000927,Noura Zhao,noura.zhao@outlook.com,9.66527E+12,Abha,Al-Bahah Region,11/12/2024,Female,27,Loyal,Active,2024
CUST-000928,Olivia Johnson,olivia.johnson@outlook.com,9.66523E+12,Tabuk,Al-Qassim Region,7/2/2025,Male,59,VIP,Active,2025
CUST-000929,Dana Smith,dana.smith@yahoo.com,9.66569E+12,Tabuk,Makkah Region,8/10/2021,Male,45,Regular,Active,2021
CUST-000930,Zhao Al-Faisal,zhao.alfaisal@outlook.com,9.66518E+12,Dammam,Al-Bahah Region,2/18/2020,Male,42,Loyal,Active,2020
CUST-000931,Abdullah Al-Rashid,abdullah.alrashid@gmail.com,9.66524E+12,Mecca,Tabuk Region,8/7/2021,Male,18,New,Inactive,2021
CUST-000932,Sanjay Singh,sanjay.singh@gmail.com,9.66533E+12,Jubail,Al-Qassim Region,12/24/2024,Male,37,VIP,Active,2024
CUST-000933,Ibrahim Garcia,ibrahim.garcia@gmail.com,9.66585E+12,Qassim,Makkah Region,3/27/2020,Male,24,VIP,Active,2020
CUST-000934,Sophia Nair,sophia.nair@yahoo.com,9.66504E+12,Riyadh,Asir Region,10/15/2024,Female,27,VIP,Active,2024
CUST-000935,Lina Al-Dosari,lina.aldosari@outlook.com,9.66518E+12,Khobar,Makkah Region,7/8/2022,Male,36,VIP,Active,2022
CUST-000936,Abigail Singh,abigail.singh@gmail.com,9.66552E+12,Jeddah,Al-Qassim Region,9/10/2021,Male,45,VIP,Inactive,2021
CUST-000937,Fatima Al-Dosari,fatima.aldosari@outlook.com,9.6653E+12,Buraidah,Al-Qassim Region,3/21/2023,Female,24,VIP,Active,2023
CUST-000938,Arjun Sharma,arjun.sharma@hotmail.com,9.66511E+12,Dammam,Al-Jawf Region,8/23/2021,Female,27,Loyal,Active,2021
CUST-000939,Amit Wang,amit.wang@gmail.com,9.66519E+12,Yanbu,Al-Bahah Region,2/14/2023,Male,23,VIP,Active,2023
CUST-000940,Fatima Al-Jaber,fatima.aljaber@outlook.com,9.66555E+12,Jubail,Northern Borders,5/25/2025,Female,56,VIP,Active,2025
CUST-000941,Li Al-Faisal,li.alfaisal@yahoo.com,9.66567E+12,Qassim,Jazan Region,12/26/2025,Female,52,Regular,Active,2025
CUST-000942,Fahad Zhao,fahad.zhao@outlook.com,9.66589E+12,Abha,Al-Bahah Region,12/23/2020,Male,41,New,Active,2020
CUST-000943,Zhang Al-Otaibi,zhang.alotaibi@hotmail.com,9.66587E+12,Dammam,Makkah Region,9/1/2020,Female,41,Regular,Active,2020
CUST-000944,Matthew Al-Farsi,matthew.alfarsi@icloud.com,9.66564E+12,Tabuk,Asir Region,8/16/2020,Male,25,Regular,Active,2020
CUST-000945,Amit Al-Otaibi,amit.alotaibi@outlook.com,9.66552E+12,Medina,Al-Jawf Region,10/29/2020,Female,56,Regular,Active,2020
CUST-000946,Ibrahim Sharma,ibrahim.sharma@yahoo.com,9.66514E+12,Mecca,Riyadh Region,9/1/2024,Male,29,Loyal,Active,2024
CUST-000947,Sanjay Liu,sanjay.liu@hotmail.com,9.66577E+12,Hail,Jazan Region,2/24/2020,Female,25,Regular,Active,2020
CUST-000948,Yang Al-Faisal,yang.alfaisal@gmail.com,9.66593E+12,Khamis Mushait,Eastern Province,2/14/2020,Female,45,Loyal,Inactive,2020
CUST-000949,Sunil Miller,sunil.miller@icloud.com,9.66585E+12,Abha,Northern Borders,10/4/2021,Female,23,Loyal,Active,2021
CUST-000950,Sanjay Brown,sanjay.brown@outlook.com,9.66592E+12,Abha,Northern Borders,1/22/2022,Male,62,Loyal,Active,2022
CUST-000951,John Al-Faisal,john.alfaisal@outlook.com,9.66563E+12,Jeddah,Hail Region,10/3/2024,Male,35,New,Active,2024
CUST-000952,Khalid Sharma,khalid.sharma@icloud.com,9.66551E+12,Abha,Tabuk Region,10/28/2021,Male,22,Regular,Inactive,2021
CUST-000953,Ahmed Al-Nasser,ahmed.alnasser@hotmail.com,9.66538E+12,Tabuk,Al-Jawf Region,5/12/2020,Male,35,New,Inactive,2020
CUST-000954,Amelia Al-Harbi,amelia.alharbi@icloud.com,9.66572E+12,Jeddah,Hail Region,1/16/2021,Female,18,VIP,Active,2021
CUST-000955,William Zhang,william.zhang@yahoo.com,9.66556E+12,Najran,Eastern Province,2/2/2021,Female,44,New,Inactive,2021
CUST-000956,Li Al-Jaber,li.aljaber@yahoo.com,9.66509E+12,Jizan,Jazan Region,6/2/2020,Female,28,Regular,Active,2020
CUST-000957,Fahad Al-Saud,fahad.alsaud@gmail.com,9.66534E+12,Dammam,Al-Bahah Region,10/21/2021,Female,46,Regular,Active,2021
CUST-000958,Reem Sharma,reem.sharma@icloud.com,9.66562E+12,Jizan,Asir Region,5/5/2022,Male,27,Loyal,Active,2022
CUST-000959,Li Al-Rashid,li.alrashid@yahoo.com,9.66548E+12,Mecca,Jazan Region,1/20/2021,Female,38,Regular,Active,2021
CUST-000960,Sara Al-Shehri,sara.alshehri@hotmail.com,9.66596E+12,Najran,Makkah Region,10/18/2020,Male,63,Loyal,Active,2020
CUST-000961,Emma Miller,emma.miller@outlook.com,9.66523E+12,Al-Kharj,Jazan Region,6/11/2020,Female,36,Loyal,Active,2020
CUST-000962,Zhang Zhou,zhang.zhou@yahoo.com,9.66576E+12,Khamis Mushait,Al-Qassim Region,7/8/2023,Female,23,Loyal,Inactive,2023
CUST-000963,Daniel Miller,daniel.miller@gmail.com,9.666E+12,Jeddah,Al-Bahah Region,9/29/2022,Male,27,New,Active,2022
CUST-000964,Robert Smith,robert.smith@icloud.com,9.66562E+12,Abha,Northern Borders,3/8/2025,Male,40,Loyal,Active,2025
CUST-000965,Vikram Chen,vikram.chen@outlook.com,9.66512E+12,Khobar,Al-Bahah Region,3/19/2021,Female,45,Regular,Active,2021
CUST-000966,Michael Al-Shehri,michael.alshehri@hotmail.com,9.66559E+12,Jubail,Asir Region,5/4/2025,Male,35,Loyal,Active,2025
CUST-000967,Mia Al-Farsi,mia.alfarsi@outlook.com,9.6653E+12,Tabuk,Hail Region,5/8/2020,Female,21,VIP,Active,2020
CUST-000968,Emma Brown,emma.brown@gmail.com,9.66531E+12,Yanbu,Tabuk Region,10/29/2022,Male,23,Regular,Active,2022
CUST-000969,Maha Reddy,maha.reddy@gmail.com,9.66547E+12,Yanbu,Najran Region,5/26/2022,Female,29,New,Active,2022
CUST-000970,Huang Iyer,huang.iyer@hotmail.com,9.66543E+12,Tabuk,Hail Region,9/12/2024,Female,48,Regular,Active,2024
CUST-000971,David Al-Mutairi,david.almutairi@icloud.com,9.66561E+12,Qassim,Al-Qassim Region,3/24/2022,Male,64,Regular,Active,2022
CUST-000972,Arjun Al-Mahmoud,arjun.almahmoud@hotmail.com,9.66503E+12,Al-Ahsa,Eastern Province,8/7/2025,Female,25,Loyal,Active,2025
CUST-000973,Isabella Al-Mahmoud,isabella.almahmoud@gmail.com,9.66573E+12,Al-Ahsa,Al-Jawf Region,2/3/2021,Male,31,Regular,Active,2021
CUST-000974,Ravi Chen,ravi.chen@yahoo.com,9.66596E+12,Tabuk,Hail Region,5/9/2022,Male,61,New,Active,2022
CUST-000975,Chen Sharma,chen.sharma@gmail.com,9.66545E+12,Khamis Mushait,Makkah Region,8/6/2025,Female,44,Loyal,Active,2025
CUST-000976,David Chen,david.chen@outlook.com,9.66586E+12,Medina,Eastern Province,2/22/2025,Female,41,Regular,Inactive,2025
CUST-000977,Evelyn Smith,evelyn.smith@icloud.com,9.66566E+12,Buraidah,Al-Jawf Region,11/26/2024,Female,62,New,Active,2024
CUST-000978,Li Al-Zahrani,li.alzahrani@gmail.com,9.66509E+12,Yanbu,Makkah Region,7/26/2025,Male,58,Loyal,Inactive,2025
CUST-000979,Harper Al-Harbi,harper.alharbi@hotmail.com,9.66564E+12,Abha,Jazan Region,4/9/2024,Male,30,Loyal,Active,2024
CUST-000980,David Mehta,david.mehta@outlook.com,9.66561E+12,Najran,Asir Region,9/9/2025,Female,35,VIP,Active,2025
CUST-000981,Wang Nair,wang.nair@yahoo.com,9.66507E+12,Jeddah,Riyadh Region,4/17/2020,Male,41,VIP,Active,2020
CUST-000982,Sara Huang,sara.huang@outlook.com,9.66538E+12,Jizan,Asir Region,5/30/2024,Male,54,Loyal,Active,2024
CUST-000983,Raj Gupta,raj.gupta@yahoo.com,9.66565E+12,Khamis Mushait,Eastern Province,11/26/2024,Male,24,Regular,Inactive,2024
CUST-000984,Abdullah Al-Saud,abdullah.alsaud@icloud.com,9.66569E+12,Taif,Najran Region,10/13/2021,Female,31,New,Active,2021
CUST-000985,Mohammed Iyer,mohammed.iyer@gmail.com,9.66593E+12,Riyadh,Al-Qassim Region,11/18/2020,Female,19,Regular,Active,2020
CUST-000986,Raj Al-Saud,raj.alsaud@hotmail.com,9.66524E+12,Abha,Tabuk Region,3/4/2022,Male,64,Loyal,Active,2022
CUST-000987,Arjun Al-Ghamdi,arjun.alghamdi@hotmail.com,9.66513E+12,Riyadh,Al-Jawf Region,2/27/2021,Male,47,New,Active,2021
CUST-000988,Ibrahim Rodriguez,ibrahim.rodriguez@hotmail.com,9.66522E+12,Mecca,Jazan Region,1/20/2024,Male,43,New,Active,2024
CUST-000989,Wei Al-Otaibi,wei.alotaibi@outlook.com,9.66518E+12,Mecca,Asir Region,9/15/2024,Female,38,Loyal,Active,2024
CUST-000990,Fatima Martinez,fatima.martinez@gmail.com,9.6653E+12,Al-Kharj,Al-Jawf Region,5/8/2020,Male,39,VIP,Active,2020
CUST-000991,Abigail Wu,abigail.wu@icloud.com,9.66503E+12,Khamis Mushait,Al-Bahah Region,11/8/2022,Male,30,New,Inactive,2022
CUST-000992,Mohammed Liu,mohammed.liu@icloud.com,9.66524E+12,Najran,Makkah Region,6/7/2022,Male,38,Regular,Active,2022
CUST-000993,Fahad Al-Mahmoud,fahad.almahmoud@yahoo.com,9.66545E+12,Jubail,Asir Region,1/11/2021,Female,63,VIP,Active,2021
CUST-000994,Sanjay Li,sanjay.li@outlook.com,9.66586E+12,Tabuk,Tabuk Region,12/9/2021,Male,61,VIP,Active,2021
CUST-000995,Saad Zhao,saad.zhao@icloud.com,9.66543E+12,Tabuk,Al-Bahah Region,6/21/2025,Female,46,Loyal,Inactive,2025
CUST-000996,Sanjay Davis,sanjay.davis@hotmail.com,9.66592E+12,Sakaka,Northern Borders,10/24/2024,Male,54,VIP,Active,2024
CUST-000997,Huang Al-Saud,huang.alsaud@gmail.com,9.66573E+12,Jeddah,Najran Region,11/2/2022,Female,36,VIP,Active,2022
CUST-000998,Mohammed Al-Ahmari,mohammed.alahmari@yahoo.com,9.66557E+12,Khobar,Hail Region,10/1/2022,Male,31,VIP,Active,2022
CUST-000999,Ibrahim Al-Jaber,ibrahim.aljaber@hotmail.com,9.66511E+12,Hail,Al-Bahah Region,2/14/2020,Female,31,Loyal,Inactive,2020
CUST-001000,Wei Kumar,wei.kumar@yahoo.com,9.66582E+12,Jizan,Tabuk Region,5/19/2022,Male,24,VIP,Inactive,2022
CUST-001001,Yang Al-Turki,yang.alturki@gmail.com,9.666E+12,Yanbu,Al-Jawf Region,11/17/2024,Female,38,Regular,Active,2024
CUST-001002,Omar Li,omar.li@outlook.com,9.66505E+12,Yanbu,Makkah Region,5/23/2021,Female,28,VIP,Inactive,2021
CUST-001003,Robert Garcia,robert.garcia@icloud.com,9.66505E+12,Riyadh,Al-Jawf Region,1/20/2020,Female,36,Regular,Active,2020
CUST-001004,Ali Chen,ali.chen@icloud.com,9.66506E+12,Riyadh,Makkah Region,4/8/2025,Male,44,VIP,Active,2025
CUST-001005,John Al-Nasser,john.alnasser@hotmail.com,9.66562E+12,Qassim,Hail Region,7/15/2025,Male,43,VIP,Active,2025
CUST-001006,Olivia Al-Faisal,olivia.alfaisal@gmail.com,9.66559E+12,Medina,Riyadh Region,7/6/2022,Male,18,Regular,Active,2022
CUST-001007,John Al-Mutairi,john.almutairi@outlook.com,9.66533E+12,Mecca,Asir Region,2/19/2024,Male,62,New,Active,2024
CUST-001008,Yang Al-Harbi,yang.alharbi@gmail.com,9.66505E+12,Mecca,Tabuk Region,9/10/2023,Female,35,Regular,Active,2023
CUST-001009,Harper Mehta,harper.mehta@gmail.com,9.66525E+12,Dammam,Al-Qassim Region,8/19/2024,Female,60,New,Inactive,2024
CUST-001010,Isabella Garcia,isabella.garcia@icloud.com,9.6658E+12,Jubail,Tabuk Region,8/11/2023,Female,32,New,Active,2023
CUST-001011,Nikhil Rodriguez,nikhil.rodriguez@gmail.com,9.66558E+12,Abha,Al-Jawf Region,4/23/2022,Male,22,Loyal,Active,2022
CUST-001012,Noura Al-Rashid,noura.alrashid@yahoo.com,9.66576E+12,Tabuk,Jazan Region,3/4/2021,Female,31,VIP,Active,2021
CUST-001013,Sunil Mehta,sunil.mehta@yahoo.com,9.66582E+12,Dammam,Asir Region,1/29/2024,Female,46,Regular,Active,2024
CUST-001014,Aisha Al-Shehri,aisha.alshehri@hotmail.com,9.66563E+12,Buraidah,Al-Qassim Region,2/22/2021,Male,47,New,Active,2021
CUST-001015,Huda Al-Otaibi,huda.alotaibi@outlook.com,9.66525E+12,Riyadh,Jazan Region,12/14/2025,Female,40,VIP,Active,2025
CUST-001016,Wu Yang,wu.yang@gmail.com,9.66557E+12,Tabuk,Eastern Province,6/13/2024,Female,50,VIP,Active,2024
CUST-001017,Daniel Davis,daniel.davis@hotmail.com,9.66512E+12,Jizan,Al-Bahah Region,9/26/2024,Male,36,Regular,Active,2024
CUST-001018,Fatima Wu,fatima.wu@hotmail.com,9.66589E+12,Jubail,Najran Region,11/10/2024,Male,61,New,Active,2024
CUST-001019,Abdullah Jones,abdullah.jones@gmail.com,9.66501E+12,Al-Kharj,Tabuk Region,9/4/2022,Male,52,New,Active,2022
CUST-001020,Lina Zhou,lina.zhou@outlook.com,9.66566E+12,Medina,Asir Region,1/3/2023,Female,31,Regular,Active,2023
CUST-001021,David Al-Saud,david.alsaud@hotmail.com,9.66595E+12,Riyadh,Makkah Region,1/28/2022,Female,65,VIP,Active,2022
CUST-001022,Sara Kumar,sara.kumar@gmail.com,9.66524E+12,Hail,Jazan Region,8/3/2021,Male,60,Loyal,Active,2021
CUST-001023,Michael Al-Otaibi,michael.alotaibi@yahoo.com,9.66542E+12,Khobar,Al-Jawf Region,2/9/2020,Female,48,New,Active,2020
CUST-001024,Liu Garcia,liu.garcia@outlook.com,9.66512E+12,Riyadh,Al-Qassim Region,4/5/2023,Male,51,Regular,Active,2023
CUST-001025,Nikhil Al-Zahrani,nikhil.alzahrani@gmail.com,9.66546E+12,Al-Ahsa,Jazan Region,12/7/2023,Female,60,Loyal,Active,2023
CUST-001026,James Mehta,james.mehta@gmail.com,9.66555E+12,Hail,Najran Region,6/6/2025,Male,35,New,Active,2025
CUST-001027,Richard Jones,richard.jones@yahoo.com,9.66558E+12,Riyadh,Asir Region,10/30/2024,Female,31,New,Active,2024
CUST-001028,Zhao Gupta,zhao.gupta@gmail.com,9.66549E+12,Qassim,Jazan Region,11/28/2025,Male,34,VIP,Active,2025
CUST-001029,William Zhao,william.zhao@outlook.com,9.66545E+12,Tabuk,Riyadh Region,10/31/2025,Female,57,New,Active,2025
CUST-001030,Wei Mehta,wei.mehta@icloud.com,9.66555E+12,Medina,Riyadh Region,8/5/2025,Male,47,Regular,Inactive,2025
CUST-001031,Reem Zhou,reem.zhou@icloud.com,9.66525E+12,Jubail,Tabuk Region,9/21/2020,Female,18,Loyal,Active,2020
CUST-001032,Noura Rodriguez,noura.rodriguez@icloud.com,9.66512E+12,Jubail,Tabuk Region,1/21/2020,Female,40,New,Active,2020
CUST-001033,Rana Al-Malki,rana.almalki@hotmail.com,9.66548E+12,Qassim,Eastern Province,12/18/2020,Female,27,Regular,Active,2020
CUST-001034,Harper Al-Qahtani,harper.alqahtani@hotmail.com,9.66531E+12,Jubail,Hail Region,10/15/2022,Female,45,Loyal,Active,2022
CUST-001035,Huang Miller,huang.miller@hotmail.com,9.66595E+12,Khobar,Al-Qassim Region,11/20/2024,Female,55,Regular,Active,2024
CUST-001036,Rana Al-Malki,rana.almalki@outlook.com,9.66584E+12,Buraidah,Tabuk Region,12/16/2020,Female,54,Loyal,Inactive,2020
CUST-001037,Fatima Gupta,fatima.gupta@outlook.com,9.66513E+12,Khamis Mushait,Jazan Region,7/7/2023,Female,47,VIP,Active,2023
CUST-001038,Matthew Nair,matthew.nair@outlook.com,9.66571E+12,Qassim,Riyadh Region,9/20/2024,Male,26,VIP,Active,2024
CUST-001039,Harper Zhang,harper.zhang@hotmail.com,9.66529E+12,Qassim,Al-Qassim Region,4/16/2023,Male,43,Regular,Active,2023
CUST-001040,Arjun Al-Rashid,arjun.alrashid@outlook.com,9.66587E+12,Jeddah,Makkah Region,8/12/2020,Female,59,New,Active,2020
CUST-001041,Evelyn Al-Zahrani,evelyn.alzahrani@hotmail.com,9.66597E+12,Hail,Riyadh Region,5/12/2021,Male,62,Regular,Inactive,2021
CUST-001042,Ibrahim Yang,ibrahim.yang@outlook.com,9.66524E+12,Dammam,Tabuk Region,6/27/2023,Male,49,Regular,Active,2023
CUST-001043,Khalid Al-Rashid,khalid.alrashid@yahoo.com,9.66593E+12,Khamis Mushait,Makkah Region,10/9/2022,Male,24,Loyal,Active,2022
CUST-001044,Wang Zhang,wang.zhang@outlook.com,9.66562E+12,Medina,Tabuk Region,7/15/2024,Female,29,Regular,Inactive,2024
CUST-001045,Rana Zhou,rana.zhou@outlook.com,9.66593E+12,Yanbu,Eastern Province,3/29/2020,Male,27,Regular,Active,2020
CUST-001046,Sophia Al-Khalifa,sophia.alkhalifa@icloud.com,9.66537E+12,Jubail,Tabuk Region,3/31/2023,Male,55,Loyal,Active,2023
CUST-001047,Arjun Davis,arjun.davis@outlook.com,9.66562E+12,Al-Ahsa,Northern Borders,10/6/2024,Male,19,VIP,Active,2024
CUST-001048,Abdullah Huang,abdullah.huang@outlook.com,9.66509E+12,Buraidah,Riyadh Region,12/25/2024,Male,40,Regular,Active,2024
CUST-001049,Yang Al-Mahmoud,yang.almahmoud@outlook.com,9.66541E+12,Khobar,Hail Region,8/12/2025,Male,40,Loyal,Inactive,2025
CUST-001050,Khalid Johnson,khalid.johnson@yahoo.com,9.6656E+12,Al-Kharj,Hail Region,2/25/2025,Male,35,VIP,Active,2025
CUST-001051,Khalid Al-Faisal,khalid.alfaisal@outlook.com,9.66567E+12,Sakaka,Al-Jawf Region,1/8/2022,Female,26,VIP,Inactive,2022
CUST-001052,Harper Patel,harper.patel@icloud.com,9.66596E+12,Mecca,Riyadh Region,4/30/2020,Male,32,New,Active,2020
CUST-001053,Olivia Al-Dosari,olivia.aldosari@outlook.com,9.66554E+12,Abha,Makkah Region,12/13/2021,Female,44,New,Active,2021
CUST-001054,Abigail Miller,abigail.miller@gmail.com,9.66502E+12,Al-Ahsa,Hail Region,4/30/2020,Male,38,New,Active,2020
CUST-001055,Robert Al-Malki,robert.almalki@icloud.com,9.66584E+12,Tabuk,Tabuk Region,7/4/2025,Female,61,VIP,Active,2025
CUST-001056,Aisha Al-Khalifa,aisha.alkhalifa@yahoo.com,9.66568E+12,Tabuk,Makkah Region,4/9/2020,Male,31,New,Active,2020
CUST-001057,Huang Al-Rashid,huang.alrashid@hotmail.com,9.66569E+12,Qassim,Makkah Region,10/27/2023,Male,61,Loyal,Active,2023
CUST-001058,Wang Brown,wang.brown@icloud.com,9.66578E+12,Najran,Hail Region,7/18/2021,Male,46,Loyal,Active,2021
CUST-001059,Liu Al-Shehri,liu.alshehri@icloud.com,9.66513E+12,Khamis Mushait,Tabuk Region,2/17/2021,Male,49,Regular,Active,2021
CUST-001060,Evelyn Chen,evelyn.chen@hotmail.com,9.66504E+12,Buraidah,Tabuk Region,5/18/2024,Female,22,Regular,Active,2024
CUST-001061,Khalid Chen,khalid.chen@icloud.com,9.66538E+12,Sakaka,Najran Region,7/2/2023,Female,57,New,Inactive,2023
CUST-001062,Ravi Al-Ahmari,ravi.alahmari@icloud.com,9.66575E+12,Riyadh,Riyadh Region,10/16/2023,Female,34,Regular,Active,2023
CUST-001063,Yang Al-Nasser,yang.alnasser@gmail.com,9.66524E+12,Qassim,Al-Bahah Region,9/12/2023,Male,33,Loyal,Active,2023
CUST-001064,Li Huang,li.huang@icloud.com,9.66506E+12,Mecca,Northern Borders,11/26/2020,Female,26,VIP,Active,2020
CUST-001065,Saad Al-Harbi,saad.alharbi@outlook.com,9.66584E+12,Najran,Northern Borders,5/10/2025,Female,32,New,Active,2025
CUST-001066,Mohammed Al-Jaber,mohammed.aljaber@yahoo.com,9.66589E+12,Jizan,Al-Jawf Region,3/15/2020,Female,21,Loyal,Active,2020
CUST-001067,Ravi Al-Malki,ravi.almalki@outlook.com,9.66568E+12,Dammam,Makkah Region,11/28/2024,Male,57,VIP,Active,2024
CUST-001068,Aisha Singh,aisha.singh@outlook.com,9.66504E+12,Abha,Makkah Region,2/11/2020,Male,44,New,Active,2020
CUST-001069,Liu Al-Mahmoud,liu.almahmoud@yahoo.com,9.66502E+12,Jeddah,Eastern Province,12/1/2024,Male,36,New,Active,2024
CUST-001070,David Wu,david.wu@yahoo.com,9.66543E+12,Sakaka,Northern Borders,5/14/2025,Male,60,New,Active,2025
CUST-001071,Rana Chen,rana.chen@yahoo.com,9.66576E+12,Abha,Jazan Region,5/24/2023,Female,53,VIP,Active,2023
CUST-001072,Isabella Davis,isabella.davis@hotmail.com,9.66588E+12,Medina,Riyadh Region,11/20/2023,Female,63,Loyal,Active,2023
CUST-001073,Fahad Brown,fahad.brown@yahoo.com,9.66584E+12,Buraidah,Al-Bahah Region,5/13/2022,Male,41,Regular,Active,2022
CUST-001074,Huda Al-Mutairi,huda.almutairi@outlook.com,9.66573E+12,Riyadh,Jazan Region,5/18/2020,Female,35,Loyal,Active,2020
CUST-001075,Chen Al-Qahtani,chen.alqahtani@gmail.com,9.66549E+12,Jizan,Jazan Region,3/18/2020,Female,42,Loyal,Active,2020
CUST-001076,Lina Brown,lina.brown@outlook.com,9.6653E+12,Yanbu,Najran Region,8/2/2020,Female,20,VIP,Active,2020
CUST-001077,Zhao Wu,zhao.wu@hotmail.com,9.66549E+12,Tabuk,Riyadh Region,10/28/2023,Female,45,New,Active,2023
CUST-001078,Charlotte Gupta,charlotte.gupta@hotmail.com,9.66587E+12,Yanbu,Al-Qassim Region,10/26/2025,Female,28,Loyal,Active,2025
CUST-001079,Sanjay Garcia,sanjay.garcia@yahoo.com,9.66505E+12,Taif,Makkah Region,10/20/2022,Female,39,Loyal,Active,2022
CUST-001080,Abigail Davis,abigail.davis@hotmail.com,9.6655E+12,Taif,Al-Jawf Region,2/20/2020,Male,37,VIP,Active,2020
CUST-001081,Zhang Johnson,zhang.johnson@outlook.com,9.66571E+12,Al-Ahsa,Riyadh Region,3/25/2025,Male,40,Loyal,Inactive,2025
CUST-001082,Noura Nair,noura.nair@gmail.com,9.66592E+12,Taif,Al-Qassim Region,7/10/2023,Male,46,Regular,Active,2023
CUST-001083,Nikhil Davis,nikhil.davis@hotmail.com,9.66573E+12,Abha,Al-Jawf Region,12/15/2021,Male,57,New,Active,2021
CUST-001084,Abdullah Al-Faisal,abdullah.alfaisal@gmail.com,9.66528E+12,Al-Ahsa,Al-Qassim Region,7/23/2023,Male,53,Regular,Active,2023
CUST-001085,Sunil Miller,sunil.miller@hotmail.com,9.66506E+12,Qassim,Al-Bahah Region,7/2/2020,Male,40,New,Active,2020
CUST-001086,Sophia Rao,sophia.rao@gmail.com,9.66582E+12,Abha,Asir Region,8/27/2023,Female,61,Loyal,Active,2023
CUST-001087,Vikram Iyer,vikram.iyer@hotmail.com,9.66521E+12,Hail,Al-Qassim Region,1/15/2024,Female,44,VIP,Active,2024
CUST-001088,Reem Zhou,reem.zhou@gmail.com,9.66526E+12,Jeddah,Tabuk Region,9/6/2021,Male,24,Regular,Active,2021
CUST-001089,Sophia Al-Hassan,sophia.alhassan@icloud.com,9.66596E+12,Tabuk,Northern Borders,5/13/2020,Male,42,New,Active,2020
CUST-001090,Wu Jones,wu.jones@icloud.com,9.66589E+12,Qassim,Al-Bahah Region,9/8/2024,Male,51,New,Inactive,2024
CUST-001091,Emma Al-Turki,emma.alturki@icloud.com,9.66587E+12,Hail,Tabuk Region,3/9/2022,Female,33,VIP,Active,2022
CUST-001092,Li Al-Jaber,li.aljaber@hotmail.com,9.66537E+12,Hail,Al-Bahah Region,4/17/2021,Male,46,Loyal,Active,2021
CUST-001093,Fahad Patel,fahad.patel@icloud.com,9.66582E+12,Najran,Al-Jawf Region,6/6/2025,Male,46,Loyal,Active,2025
CUST-001094,Amelia Al-Malki,amelia.almalki@icloud.com,9.66536E+12,Al-Kharj,Al-Jawf Region,7/19/2021,Female,36,VIP,Active,2021
CUST-001095,Abdullah Al-Qahtani,abdullah.alqahtani@outlook.com,9.66568E+12,Dammam,Al-Qassim Region,7/17/2025,Male,29,Loyal,Active,2025
CUST-001096,Sara Al-Ahmari,sara.alahmari@outlook.com,9.66548E+12,Jubail,Al-Bahah Region,2/17/2021,Male,20,Loyal,Active,2021
CUST-001097,Ravi Smith,ravi.smith@gmail.com,9.66528E+12,Khamis Mushait,Northern Borders,9/25/2024,Female,26,Loyal,Inactive,2024
CUST-001098,Huda Al-Hassan,huda.alhassan@hotmail.com,9.66516E+12,Hail,Al-Qassim Region,3/17/2021,Male,22,VIP,Active,2021
CUST-001099,Zhao Nair,zhao.nair@outlook.com,9.66565E+12,Jubail,Al-Bahah Region,7/5/2021,Male,64,New,Active,2021
CUST-001100,Huang Al-Rashid,huang.alrashid@icloud.com,9.66596E+12,Al-Ahsa,Northern Borders,8/5/2023,Female,29,VIP,Active,2023
CUST-001101,Lina Martinez,lina.martinez@outlook.com,9.66552E+12,Al-Kharj,Najran Region,11/21/2025,Female,36,VIP,Active,2025
CUST-001102,John Al-Nasser,john.alnasser@yahoo.com,9.66522E+12,Tabuk,Northern Borders,10/27/2025,Female,54,VIP,Active,2025
CUST-001103,David Rodriguez,david.rodriguez@yahoo.com,9.66515E+12,Taif,Jazan Region,12/2/2024,Male,28,VIP,Active,2024
CUST-001104,Evelyn Al-Nasser,evelyn.alnasser@gmail.com,9.6654E+12,Taif,Eastern Province,1/28/2021,Male,53,Regular,Active,2021
CUST-001105,Evelyn Al-Harbi,evelyn.alharbi@icloud.com,9.66584E+12,Riyadh,Jazan Region,4/15/2020,Female,31,VIP,Inactive,2020
CUST-001106,Thomas Al-Mahmoud,thomas.almahmoud@outlook.com,9.66583E+12,Al-Ahsa,Tabuk Region,3/24/2021,Male,46,Loyal,Active,2021
CUST-001107,Rana Al-Qahtani,rana.alqahtani@yahoo.com,9.6655E+12,Medina,Hail Region,11/19/2020,Male,64,New,Active,2020
CUST-001108,Sara Zhang,sara.zhang@hotmail.com,9.66547E+12,Khamis Mushait,Al-Jawf Region,10/30/2020,Female,20,Loyal,Active,2020
CUST-001109,Wu Al-Hassan,wu.alhassan@icloud.com,9.66554E+12,Qassim,Al-Jawf Region,5/25/2020,Male,33,Regular,Inactive,2020
CUST-001110,Robert Jones,robert.jones@yahoo.com,9.66547E+12,Dammam,Jazan Region,2/5/2022,Female,36,Regular,Active,2022
CUST-001111,Raj Al-Qahtani,raj.alqahtani@icloud.com,9.66531E+12,Yanbu,Makkah Region,7/2/2025,Male,63,Regular,Active,2025
CUST-001112,Richard Al-Mutairi,richard.almutairi@hotmail.com,9.66596E+12,Al-Kharj,Asir Region,11/29/2023,Female,51,Regular,Active,2023
CUST-001113,Wang Jones,wang.jones@hotmail.com,9.66578E+12,Jizan,Al-Qassim Region,1/2/2024,Female,36,New,Active,2024
CUST-001114,Abdullah Al-Nasser,abdullah.alnasser@hotmail.com,9.66567E+12,Hail,Asir Region,10/6/2024,Male,29,Loyal,Active,2024
CUST-001115,Arjun Al-Ahmari,arjun.alahmari@hotmail.com,9.66563E+12,Jubail,Jazan Region,8/14/2024,Male,19,VIP,Active,2024
CUST-001116,Sophia Brown,sophia.brown@outlook.com,9.66509E+12,Hail,Tabuk Region,7/24/2023,Female,43,Loyal,Active,2023
CUST-001117,William Miller,william.miller@gmail.com,9.66548E+12,Abha,Hail Region,7/5/2020,Female,46,Loyal,Active,2020
CUST-001118,Amelia Smith,amelia.smith@icloud.com,9.66539E+12,Medina,Al-Qassim Region,9/12/2023,Male,56,New,Active,2023
CUST-001119,Li Gupta,li.gupta@gmail.com,9.66556E+12,Qassim,Makkah Region,7/20/2020,Male,41,Regular,Active,2020
CUST-001120,Wang Chen,wang.chen@outlook.com,9.66535E+12,Khobar,Hail Region,9/19/2023,Female,31,Regular,Active,2023
CUST-001121,Ali Al-Otaibi,ali.alotaibi@icloud.com,9.66518E+12,Jizan,Jazan Region,6/22/2020,Male,36,VIP,Active,2020
CUST-001122,Lina Al-Saud,lina.alsaud@yahoo.com,9.66505E+12,Medina,Northern Borders,6/29/2024,Male,65,VIP,Active,2024
CUST-001123,Khalid Al-Shehri,khalid.alshehri@icloud.com,9.66561E+12,Riyadh,Al-Bahah Region,9/13/2021,Male,65,Loyal,Active,2021
CUST-001124,Wang Wu,wang.wu@hotmail.com,9.66557E+12,Khamis Mushait,Al-Bahah Region,4/5/2020,Female,35,Loyal,Active,2020
CUST-001125,Saad Miller,saad.miller@icloud.com,9.66576E+12,Buraidah,Northern Borders,1/16/2021,Male,44,VIP,Active,2021
CUST-001126,Reem Al-Mutairi,reem.almutairi@icloud.com,9.66584E+12,Jizan,Riyadh Region,7/28/2025,Female,41,New,Active,2025
CUST-001127,Lina Huang,lina.huang@gmail.com,9.66564E+12,Al-Ahsa,Hail Region,5/6/2025,Male,59,VIP,Active,2025
CUST-001128,Ibrahim Al-Saud,ibrahim.alsaud@gmail.com,9.66519E+12,Khobar,Asir Region,6/29/2025,Male,23,Regular,Active,2025
CUST-001129,Abigail Wang,abigail.wang@icloud.com,9.66594E+12,Jeddah,Jazan Region,10/29/2022,Female,37,VIP,Active,2022
CUST-001130,Ali Kumar,ali.kumar@icloud.com,9.66596E+12,Riyadh,Tabuk Region,5/6/2022,Female,52,Loyal,Active,2022
CUST-001131,Vikram Garcia,vikram.garcia@hotmail.com,9.66577E+12,Khamis Mushait,Najran Region,11/29/2020,Male,45,New,Active,2020
CUST-001132,Yousef Al-Nasser,yousef.alnasser@gmail.com,9.66528E+12,Medina,Eastern Province,3/19/2022,Female,25,New,Active,2022
CUST-001133,Olivia Smith,olivia.smith@icloud.com,9.66573E+12,Qassim,Northern Borders,6/23/2024,Male,36,New,Active,2024
CUST-001134,Reem Al-Mahmoud,reem.almahmoud@hotmail.com,9.66585E+12,Sakaka,Hail Region,11/10/2021,Male,36,Regular,Inactive,2021
CUST-001135,Sunil Sharma,sunil.sharma@icloud.com,9.66594E+12,Jubail,Jazan Region,5/12/2022,Female,65,Regular,Active,2022
CUST-001136,Isabella Al-Hassan,isabella.alhassan@outlook.com,9.66505E+12,Yanbu,Eastern Province,9/7/2021,Female,22,New,Active,2021
CUST-001137,Ravi Williams,ravi.williams@yahoo.com,9.66518E+12,Al-Ahsa,Hail Region,1/22/2021,Male,57,Loyal,Inactive,2021
CUST-001138,Sara Al-Shehri,sara.alshehri@hotmail.com,9.66584E+12,Najran,Al-Jawf Region,2/27/2020,Male,35,VIP,Active,2020
CUST-001139,Harper Al-Mahmoud,harper.almahmoud@hotmail.com,9.66559E+12,Jizan,Tabuk Region,4/9/2022,Male,55,Regular,Active,2022
CUST-001140,Amit Brown,amit.brown@hotmail.com,9.66525E+12,Al-Kharj,Makkah Region,6/2/2021,Female,39,VIP,Inactive,2021
CUST-001141,Arjun Wang,arjun.wang@yahoo.com,9.66521E+12,Abha,Asir Region,1/9/2021,Male,27,Regular,Active,2021
CUST-001142,Liu Al-Rashid,liu.alrashid@hotmail.com,9.66512E+12,Dammam,Najran Region,12/5/2024,Female,60,Loyal,Active,2024
CUST-001143,Dana Zhang,dana.zhang@gmail.com,9.66539E+12,Jizan,Northern Borders,4/28/2024,Female,40,VIP,Inactive,2024
CUST-001144,John Liu,john.liu@gmail.com,9.66594E+12,Khobar,Al-Jawf Region,2/11/2023,Male,45,Loyal,Active,2023
CUST-001145,Ravi Miller,ravi.miller@gmail.com,9.66587E+12,Najran,Eastern Province,4/13/2020,Female,47,VIP,Active,2020
CUST-001146,Noura Zhou,noura.zhou@icloud.com,9.66536E+12,Najran,Eastern Province,2/13/2020,Male,46,VIP,Inactive,2020
CUST-001147,Aisha Al-Rashid,aisha.alrashid@icloud.com,9.66545E+12,Medina,Hail Region,11/5/2022,Male,56,VIP,Active,2022
CUST-001148,Vikram Davis,vikram.davis@outlook.com,9.66562E+12,Taif,Tabuk Region,8/22/2020,Male,63,Loyal,Inactive,2020
CUST-001149,Raj Mehta,raj.mehta@outlook.com,9.66527E+12,Qassim,Makkah Region,6/5/2020,Female,19,Regular,Active,2020
CUST-001150,Liu Al-Malki,liu.almalki@gmail.com,9.66563E+12,Jeddah,Jazan Region,9/12/2020,Female,24,VIP,Active,2020
CUST-001151,Vikram Zhou,vikram.zhou@gmail.com,9.66555E+12,Khobar,Al-Qassim Region,2/9/2024,Male,60,Loyal,Active,2024
CUST-001152,Wang Al-Turki,wang.alturki@gmail.com,9.66514E+12,Khamis Mushait,Eastern Province,12/28/2022,Male,29,Loyal,Active,2022
CUST-001153,Maha Wu,maha.wu@yahoo.com,9.66586E+12,Khobar,Al-Jawf Region,1/14/2020,Female,35,VIP,Active,2020
CUST-001154,Michael Mehta,michael.mehta@icloud.com,9.66519E+12,Al-Ahsa,Makkah Region,4/21/2021,Male,29,New,Active,2021
CUST-001155,John Zhao,john.zhao@gmail.com,9.66521E+12,Tabuk,Al-Jawf Region,3/14/2024,Female,23,Regular,Active,2024
CUST-001156,Wang Al-Dosari,wang.aldosari@yahoo.com,9.66525E+12,Jeddah,Northern Borders,3/21/2023,Male,35,Regular,Inactive,2023
CUST-001157,John Nair,john.nair@yahoo.com,9.66535E+12,Tabuk,Eastern Province,4/23/2023,Female,62,Loyal,Active,2023
CUST-001158,Fahad Li,fahad.li@hotmail.com,9.66596E+12,Najran,Al-Jawf Region,11/12/2025,Female,58,Regular,Active,2025
CUST-001159,Wang Zhao,wang.zhao@outlook.com,9.66528E+12,Al-Kharj,Asir Region,11/12/2024,Female,59,VIP,Active,2024
CUST-001160,Michael Al-Mutairi,michael.almutairi@icloud.com,9.66585E+12,Mecca,Najran Region,5/13/2022,Female,31,Loyal,Active,2022
CUST-001161,Ali Al-Ahmari,ali.alahmari@icloud.com,9.66527E+12,Dammam,Jazan Region,8/15/2023,Female,54,Loyal,Inactive,2023
CUST-001162,Huang Al-Harbi,huang.alharbi@hotmail.com,9.66519E+12,Najran,Riyadh Region,10/12/2021,Female,48,VIP,Active,2021
CUST-001163,Vikram Al-Zahrani,vikram.alzahrani@yahoo.com,9.66555E+12,Khobar,Jazan Region,2/1/2022,Male,46,Loyal,Inactive,2022
CUST-001164,Amelia Al-Mutairi,amelia.almutairi@outlook.com,9.66567E+12,Abha,Tabuk Region,3/8/2024,Female,48,Loyal,Active,2024
CUST-001165,Ali Jones,ali.jones@icloud.com,9.66517E+12,Yanbu,Tabuk Region,6/29/2024,Male,28,Regular,Active,2024
CUST-001166,Yang Wu,yang.wu@icloud.com,9.66539E+12,Dammam,Eastern Province,9/26/2023,Male,23,VIP,Active,2023
CUST-001167,Li Patel,li.patel@outlook.com,9.66563E+12,Al-Ahsa,Riyadh Region,8/27/2021,Male,29,VIP,Active,2021
CUST-001168,Fahad Johnson,fahad.johnson@yahoo.com,9.66537E+12,Mecca,Al-Bahah Region,9/29/2022,Male,61,VIP,Active,2022
CUST-001169,Emma Smith,emma.smith@hotmail.com,9.66517E+12,Qassim,Al-Jawf Region,6/2/2024,Male,48,Loyal,Active,2024
CUST-001170,Sunil Garcia,sunil.garcia@gmail.com,9.66563E+12,Hail,Eastern Province,6/25/2024,Female,36,Loyal,Inactive,2024
CUST-001171,William Chen,william.chen@gmail.com,9.66558E+12,Al-Kharj,Riyadh Region,6/27/2022,Male,33,VIP,Active,2022
CUST-001172,Michael Zhang,michael.zhang@gmail.com,9.66599E+12,Jizan,Makkah Region,7/31/2022,Male,49,Regular,Active,2022
CUST-001173,Noura Martinez,noura.martinez@outlook.com,9.66516E+12,Jizan,Al-Jawf Region,1/6/2022,Female,27,VIP,Active,2022
CUST-001174,Robert Al-Dosari,robert.aldosari@outlook.com,9.66505E+12,Yanbu,Eastern Province,10/31/2021,Female,61,New,Active,2021
CUST-001175,Li Al-Qahtani,li.alqahtani@hotmail.com,9.6652E+12,Jizan,Riyadh Region,10/20/2021,Female,26,Loyal,Active,2021
CUST-001176,Ahmed Li,ahmed.li@outlook.com,9.66562E+12,Buraidah,Northern Borders,11/25/2022,Male,56,Loyal,Inactive,2022
CUST-001177,James Al-Jaber,james.aljaber@outlook.com,9.66558E+12,Najran,Makkah Region,1/2/2022,Female,52,Loyal,Active,2022
CUST-001178,Ibrahim Al-Rashid,ibrahim.alrashid@hotmail.com,9.66594E+12,Tabuk,Najran Region,2/6/2025,Female,21,Loyal,Active,2025
CUST-001179,Ali Al-Ahmari,ali.alahmari@outlook.com,9.66576E+12,Jeddah,Al-Qassim Region,2/21/2024,Female,45,VIP,Active,2024
CUST-001180,Nikhil Al-Otaibi,nikhil.alotaibi@icloud.com,9.66543E+12,Buraidah,Hail Region,9/4/2024,Male,46,VIP,Active,2024
CUST-001181,Raj Al-Harbi,raj.alharbi@icloud.com,9.66516E+12,Jeddah,Najran Region,6/10/2024,Male,29,New,Inactive,2024
CUST-001182,Saad Al-Malki,saad.almalki@yahoo.com,9.66577E+12,Taif,Hail Region,2/19/2025,Male,64,Loyal,Active,2025
CUST-001183,Khalid Kumar,khalid.kumar@hotmail.com,9.66503E+12,Sakaka,Al-Bahah Region,2/18/2021,Female,50,New,Active,2021
CUST-001184,Wu Al-Saud,wu.alsaud@hotmail.com,9.66566E+12,Riyadh,Eastern Province,11/18/2022,Male,45,New,Active,2022
CUST-001185,Amelia Miller,amelia.miller@hotmail.com,9.66598E+12,Qassim,Asir Region,7/19/2020,Female,54,Loyal,Active,2020
CUST-001186,Pavan Iyer,pavan.iyer@hotmail.com,9.66525E+12,Khamis Mushait,Al-Jawf Region,7/6/2020,Female,29,VIP,Active,2020
CUST-001187,Ahmed Nair,ahmed.nair@yahoo.com,9.66507E+12,Dammam,Tabuk Region,12/29/2022,Female,56,VIP,Active,2022
CUST-001188,Lina Jones,lina.jones@gmail.com,9.66554E+12,Mecca,Al-Qassim Region,3/24/2023,Female,55,Loyal,Inactive,2023
CUST-001189,Michael Chen,michael.chen@outlook.com,9.66578E+12,Riyadh,Hail Region,10/27/2023,Female,40,Loyal,Active,2023
CUST-001190,Matthew Al-Khalifa,matthew.alkhalifa@outlook.com,9.66538E+12,Khobar,Al-Jawf Region,5/16/2024,Female,43,New,Inactive,2024
CUST-001191,Fahad Al-Saud,fahad.alsaud@outlook.com,9.66586E+12,Mecca,Asir Region,12/9/2025,Female,37,VIP,Active,2025
CUST-001192,Daniel Al-Dosari,daniel.aldosari@outlook.com,9.66503E+12,Sakaka,Al-Qassim Region,11/13/2021,Female,54,Loyal,Active,2021
CUST-001193,Pavan Al-Otaibi,pavan.alotaibi@hotmail.com,9.66588E+12,Abha,Northern Borders,6/23/2021,Female,56,New,Active,2021
CUST-001194,William Brown,william.brown@yahoo.com,9.66519E+12,Buraidah,Eastern Province,10/13/2021,Female,53,Loyal,Active,2021
CUST-001195,Pavan Brown,pavan.brown@outlook.com,9.66595E+12,Hail,Hail Region,3/8/2021,Female,50,Loyal,Active,2021
CUST-001196,Zhang Reddy,zhang.reddy@outlook.com,9.66575E+12,Al-Ahsa,Eastern Province,12/28/2021,Female,36,New,Inactive,2021
CUST-001197,Wang Singh,wang.singh@outlook.com,9.66522E+12,Jizan,Al-Qassim Region,9/8/2024,Female,44,Regular,Active,2024
CUST-001198,Abigail Jones,abigail.jones@yahoo.com,9.66599E+12,Khamis Mushait,Makkah Region,8/1/2024,Male,38,Regular,Active,2024
CUST-001199,Amelia Al-Saud,amelia.alsaud@outlook.com,9.66516E+12,Riyadh,Al-Bahah Region,5/13/2024,Male,28,Loyal,Active,2024
CUST-001200,Amit Garcia,amit.garcia@yahoo.com,9.66574E+12,Hail,Eastern Province,4/15/2023,Male,19,Regular,Inactive,2023
CUST-001201,Matthew Mehta,matthew.mehta@yahoo.com,9.66597E+12,Abha,Eastern Province,3/4/2025,Male,56,VIP,Active,2025
CUST-001202,Huda Mehta,huda.mehta@gmail.com,9.66501E+12,Yanbu,Najran Region,4/9/2025,Female,22,Loyal,Active,2025
CUST-001203,Yang Al-Hassan,yang.alhassan@icloud.com,9.66519E+12,Qassim,Al-Bahah Region,4/7/2020,Female,48,New,Active,2020
CUST-001204,Li Reddy,li.reddy@gmail.com,9.66556E+12,Khamis Mushait,Al-Jawf Region,12/7/2024,Female,25,New,Active,2024
CUST-001205,Zhang Miller,zhang.miller@icloud.com,9.66513E+12,Najran,Northern Borders,10/23/2023,Male,33,Loyal,Active,2023
CUST-001206,Rana Al-Zahrani,rana.alzahrani@hotmail.com,9.66517E+12,Jubail,Asir Region,11/30/2022,Female,36,Loyal,Active,2022
CUST-001207,Wei Rao,wei.rao@hotmail.com,9.66595E+12,Sakaka,Riyadh Region,7/27/2021,Male,51,VIP,Active,2021
CUST-001208,Lina Sharma,lina.sharma@icloud.com,9.66555E+12,Buraidah,Al-Bahah Region,10/10/2021,Female,48,Loyal,Active,2021
CUST-001209,Ibrahim Al-Khalifa,ibrahim.alkhalifa@yahoo.com,9.66529E+12,Buraidah,Northern Borders,11/19/2022,Male,19,Regular,Inactive,2022
CUST-001210,Dana Al-Farsi,dana.alfarsi@icloud.com,9.66504E+12,Najran,Al-Bahah Region,9/14/2025,Female,48,Regular,Active,2025
CUST-001211,Vikram Al-Farsi,vikram.alfarsi@icloud.com,9.66585E+12,Khamis Mushait,Hail Region,3/28/2024,Female,59,Regular,Inactive,2024
CUST-001212,Emma Johnson,emma.johnson@outlook.com,9.66561E+12,Mecca,Hail Region,7/9/2022,Female,31,Regular,Active,2022
CUST-001213,Maha Wu,maha.wu@gmail.com,9.66536E+12,Jubail,Jazan Region,2/19/2020,Male,65,Regular,Active,2020
CUST-001214,Arjun Al-Harbi,arjun.alharbi@outlook.com,9.66515E+12,Khamis Mushait,Makkah Region,1/16/2023,Male,21,Loyal,Inactive,2023
CUST-001215,Isabella Garcia,isabella.garcia@yahoo.com,9.66543E+12,Abha,Asir Region,2/11/2025,Male,20,VIP,Inactive,2025
CUST-001216,Maha Al-Qahtani,maha.alqahtani@yahoo.com,9.66513E+12,Khamis Mushait,Tabuk Region,9/6/2020,Male,32,Regular,Inactive,2020
CUST-001217,Pavan Zhao,pavan.zhao@outlook.com,9.66572E+12,Qassim,Riyadh Region,7/30/2023,Male,30,Loyal,Active,2023
CUST-001218,Daniel Al-Qahtani,daniel.alqahtani@outlook.com,9.66532E+12,Qassim,Al-Qassim Region,5/30/2022,Female,37,New,Inactive,2022
CUST-001219,Thomas Al-Ahmari,thomas.alahmari@outlook.com,9.66539E+12,Sakaka,Jazan Region,1/3/2020,Female,44,VIP,Active,2020
CUST-001220,Raj Johnson,raj.johnson@hotmail.com,9.66587E+12,Khamis Mushait,Tabuk Region,5/12/2023,Female,52,Regular,Active,2023
CUST-001221,Maha Al-Dosari,maha.aldosari@icloud.com,9.66585E+12,Al-Ahsa,Makkah Region,1/16/2022,Female,18,VIP,Inactive,2022
CUST-001222,Emma Li,emma.li@yahoo.com,9.66522E+12,Yanbu,Al-Jawf Region,6/1/2023,Male,46,VIP,Inactive,2023
CUST-001223,Chen Johnson,chen.johnson@yahoo.com,9.66514E+12,Tabuk,Tabuk Region,8/17/2025,Female,38,Loyal,Active,2025
CUST-001224,Karan Martinez,karan.martinez@icloud.com,9.66539E+12,Dammam,Hail Region,10/2/2021,Male,43,Regular,Active,2021
CUST-001225,Abigail Al-Turki,abigail.alturki@yahoo.com,9.66558E+12,Jubail,Al-Jawf Region,9/3/2024,Female,32,VIP,Active,2024
CUST-001226,Wu Martinez,wu.martinez@hotmail.com,9.66525E+12,Hail,Al-Bahah Region,12/20/2023,Female,46,VIP,Active,2023
CUST-001227,Amelia Reddy,amelia.reddy@outlook.com,9.66506E+12,Jeddah,Northern Borders,12/19/2023,Male,47,VIP,Active,2023
CUST-001228,Chen Al-Hassan,chen.alhassan@yahoo.com,9.6654E+12,Taif,Tabuk Region,3/9/2024,Male,38,Loyal,Active,2024
CUST-001229,John Yang,john.yang@icloud.com,9.66534E+12,Sakaka,Najran Region,12/7/2024,Female,24,New,Active,2024
CUST-001230,Sara Kumar,sara.kumar@outlook.com,9.66597E+12,Jeddah,Al-Jawf Region,5/16/2024,Female,33,VIP,Inactive,2024
CUST-001231,Harper Gupta,harper.gupta@gmail.com,9.66512E+12,Hail,Tabuk Region,2/22/2024,Female,36,New,Active,2024
CUST-001232,Yousef Al-Khalifa,yousef.alkhalifa@gmail.com,9.66557E+12,Dammam,Eastern Province,5/9/2023,Male,53,New,Active,2023
CUST-001233,Huda Kumar,huda.kumar@icloud.com,9.6659E+12,Taif,Najran Region,12/15/2025,Female,62,New,Active,2025
CUST-001234,Nikhil Al-Jaber,nikhil.aljaber@gmail.com,9.66556E+12,Al-Ahsa,Al-Bahah Region,5/29/2022,Male,38,Loyal,Active,2022
CUST-001235,Matthew Sharma,matthew.sharma@hotmail.com,9.66534E+12,Taif,Al-Qassim Region,4/4/2020,Male,25,Loyal,Active,2020
CUST-001236,William Li,william.li@gmail.com,9.66582E+12,Khamis Mushait,Hail Region,3/7/2020,Female,20,VIP,Inactive,2020
CUST-001237,Olivia Rodriguez,olivia.rodriguez@icloud.com,9.6656E+12,Mecca,Al-Bahah Region,11/5/2020,Male,53,New,Inactive,2020
CUST-001238,Sara Zhang,sara.zhang@gmail.com,9.66597E+12,Sakaka,Al-Jawf Region,2/20/2022,Male,61,Loyal,Active,2022
CUST-001239,Matthew Rao,matthew.rao@yahoo.com,9.66552E+12,Khobar,Al-Jawf Region,10/23/2023,Female,51,Loyal,Active,2023
CUST-001240,William Huang,william.huang@hotmail.com,9.66509E+12,Jizan,Riyadh Region,2/4/2020,Male,38,Loyal,Active,2020
CUST-001241,Rana Jones,rana.jones@icloud.com,9.66558E+12,Al-Ahsa,Al-Jawf Region,3/31/2022,Female,63,Regular,Active,2022
CUST-001242,Nikhil Al-Farsi,nikhil.alfarsi@yahoo.com,9.66543E+12,Medina,Riyadh Region,12/24/2025,Male,26,VIP,Active,2025
CUST-001243,John Kumar,john.kumar@yahoo.com,9.66534E+12,Buraidah,Eastern Province,10/3/2024,Female,32,Regular,Active,2024
CUST-001244,Mohammed Al-Malki,mohammed.almalki@outlook.com,9.66516E+12,Riyadh,Jazan Region,5/4/2022,Female,21,Loyal,Active,2022
CUST-001245,William Williams,william.williams@yahoo.com,9.66569E+12,Medina,Makkah Region,12/18/2021,Male,28,Regular,Active,2021
CUST-001246,Olivia Al-Khalifa,olivia.alkhalifa@icloud.com,9.66555E+12,Yanbu,Asir Region,5/11/2022,Male,50,VIP,Active,2022
CUST-001247,Rana Zhang,rana.zhang@gmail.com,9.66571E+12,Riyadh,Northern Borders,9/16/2024,Female,24,VIP,Active,2024
CUST-001248,Dana Al-Shehri,dana.alshehri@outlook.com,9.66544E+12,Mecca,Al-Jawf Region,5/15/2024,Female,19,VIP,Active,2024
CUST-001249,Ali Al-Farsi,ali.alfarsi@yahoo.com,9.66529E+12,Riyadh,Eastern Province,10/25/2025,Male,26,Loyal,Active,2025
CUST-001250,Omar Wu,omar.wu@yahoo.com,9.66546E+12,Sakaka,Northern Borders,10/7/2021,Female,29,Regular,Inactive,2021
CUST-001251,Ibrahim Al-Khalifa,ibrahim.alkhalifa@yahoo.com,9.66552E+12,Khobar,Riyadh Region,7/30/2025,Male,37,Loyal,Active,2025
CUST-001252,Zhao Miller,zhao.miller@icloud.com,9.66551E+12,Riyadh,Hail Region,4/26/2020,Female,20,Regular,Active,2020
CUST-001253,Ali Chen,ali.chen@outlook.com,9.66598E+12,Khobar,Eastern Province,2/14/2021,Male,40,Regular,Active,2021
CUST-001254,Richard Al-Shehri,richard.alshehri@gmail.com,9.66577E+12,Yanbu,Najran Region,12/8/2024,Male,56,New,Active,2024
CUST-001255,Emma Wang,emma.wang@hotmail.com,9.66525E+12,Qassim,Hail Region,1/29/2021,Female,49,Regular,Active,2021
CUST-001256,Lina Zhang,lina.zhang@yahoo.com,9.66524E+12,Mecca,Al-Bahah Region,1/23/2021,Female,36,New,Active,2021
CUST-001257,Lina Miller,lina.miller@yahoo.com,9.66545E+12,Al-Ahsa,Al-Jawf Region,10/30/2025,Female,26,VIP,Active,2025
CUST-001258,James Al-Turki,james.alturki@yahoo.com,9.66591E+12,Jizan,Al-Jawf Region,7/15/2020,Male,29,New,Active,2020
CUST-001259,Raj Al-Harbi,raj.alharbi@yahoo.com,9.66526E+12,Hail,Riyadh Region,5/23/2025,Female,40,Regular,Inactive,2025
CUST-001260,William Rao,william.rao@yahoo.com,9.66579E+12,Taif,Najran Region,12/6/2024,Male,65,VIP,Inactive,2024
CUST-001261,Wu Singh,wu.singh@hotmail.com,9.66524E+12,Hail,Jazan Region,2/12/2025,Male,60,VIP,Inactive,2025
CUST-001262,Rana Al-Shehri,rana.alshehri@hotmail.com,9.6657E+12,Riyadh,Najran Region,6/1/2021,Male,32,Loyal,Active,2021
CUST-001263,Abdullah Yang,abdullah.yang@hotmail.com,9.66526E+12,Buraidah,Jazan Region,11/21/2024,Male,50,Regular,Active,2024
CUST-001264,Chen Zhang,chen.zhang@yahoo.com,9.66524E+12,Riyadh,Asir Region,12/20/2023,Male,54,New,Inactive,2023
CUST-001265,James Chen,james.chen@yahoo.com,9.66583E+12,Najran,Eastern Province,2/14/2021,Male,58,Regular,Active,2021
CUST-001266,Mia Zhou,mia.zhou@outlook.com,9.66535E+12,Jeddah,Northern Borders,4/29/2023,Female,51,Loyal,Active,2023
CUST-001267,Matthew Kumar,matthew.kumar@yahoo.com,9.66541E+12,Mecca,Tabuk Region,6/30/2023,Male,64,New,Active,2023
CUST-001268,Pavan Nair,pavan.nair@yahoo.com,9.66527E+12,Khobar,Asir Region,5/21/2024,Male,59,Loyal,Active,2024
CUST-001269,Harper Williams,harper.williams@yahoo.com,9.66552E+12,Abha,Tabuk Region,7/29/2021,Female,25,Regular,Active,2021
CUST-001270,Daniel Al-Farsi,daniel.alfarsi@hotmail.com,9.66551E+12,Medina,Najran Region,6/28/2023,Male,58,Loyal,Active,2023
CUST-001271,Arjun Rao,arjun.rao@hotmail.com,9.66518E+12,Sakaka,Jazan Region,9/21/2021,Male,64,VIP,Active,2021
CUST-001272,Ali Gupta,ali.gupta@hotmail.com,9.66519E+12,Al-Ahsa,Northern Borders,11/20/2021,Female,36,Regular,Inactive,2021
CUST-001273,Saad Al-Qahtani,saad.alqahtani@icloud.com,9.66596E+12,Abha,Al-Jawf Region,7/18/2025,Female,44,New,Active,2025
CUST-001274,Liu Al-Jaber,liu.aljaber@hotmail.com,9.66544E+12,Khamis Mushait,Hail Region,9/14/2024,Female,40,New,Active,2024
CUST-001275,Saad Al-Hassan,saad.alhassan@outlook.com,9.66539E+12,Jubail,Asir Region,11/11/2024,Female,24,Loyal,Inactive,2024
CUST-001276,Evelyn Huang,evelyn.huang@outlook.com,9.66598E+12,Jizan,Riyadh Region,3/17/2021,Male,54,New,Active,2021
CUST-001277,Pavan Garcia,pavan.garcia@hotmail.com,9.66599E+12,Yanbu,Northern Borders,6/12/2020,Female,59,Loyal,Active,2020
CUST-001278,Amelia Liu,amelia.liu@gmail.com,9.66569E+12,Yanbu,Al-Jawf Region,4/15/2020,Male,54,Regular,Active,2020
CUST-001279,Raj Singh,raj.singh@gmail.com,9.66547E+12,Riyadh,Al-Bahah Region,2/13/2025,Female,40,VIP,Active,2025
CUST-001280,Huda Davis,huda.davis@outlook.com,9.66505E+12,Al-Ahsa,Al-Bahah Region,12/13/2022,Male,31,VIP,Active,2022
CUST-001281,Pavan Patel,pavan.patel@yahoo.com,9.66572E+12,Hail,Hail Region,7/21/2022,Female,37,New,Active,2022
CUST-001282,Raj Reddy,raj.reddy@hotmail.com,9.66598E+12,Khobar,Northern Borders,4/8/2022,Female,63,Loyal,Active,2022
CUST-001283,Michael Rao,michael.rao@hotmail.com,9.66523E+12,Hail,Riyadh Region,4/1/2021,Male,55,VIP,Inactive,2021
CUST-001284,Ravi Al-Faisal,ravi.alfaisal@icloud.com,9.66549E+12,Qassim,Eastern Province,6/18/2024,Male,30,New,Active,2024
CUST-001285,Sunil Wu,sunil.wu@outlook.com,9.66543E+12,Hail,Najran Region,12/20/2023,Female,26,Loyal,Active,2023
CUST-001286,Zhang Al-Khalifa,zhang.alkhalifa@hotmail.com,9.66599E+12,Mecca,Hail Region,7/9/2022,Female,20,Regular,Inactive,2022
CUST-001287,Ibrahim Al-Turki,ibrahim.alturki@hotmail.com,9.66508E+12,Abha,Al-Bahah Region,6/15/2022,Male,32,Loyal,Active,2022
CUST-001288,Ibrahim Al-Rashid,ibrahim.alrashid@hotmail.com,9.66531E+12,Sakaka,Jazan Region,12/2/2024,Female,53,Regular,Active,2024
CUST-001289,Fatima Liu,fatima.liu@icloud.com,9.66569E+12,Al-Kharj,Northern Borders,12/7/2022,Female,34,Loyal,Active,2022
CUST-001290,James Garcia,james.garcia@hotmail.com,9.66586E+12,Mecca,Al-Bahah Region,7/4/2021,Female,62,Regular,Inactive,2021
CUST-001291,Harper Al-Malki,harper.almalki@gmail.com,9.66587E+12,Qassim,Hail Region,3/5/2021,Male,64,VIP,Inactive,2021
CUST-001292,Chen Jones,chen.jones@outlook.com,9.66549E+12,Jeddah,Jazan Region,11/28/2024,Female,55,Loyal,Active,2024
CUST-001293,Sara Al-Otaibi,sara.alotaibi@icloud.com,9.66579E+12,Jeddah,Hail Region,5/6/2025,Male,22,VIP,Active,2025
CUST-001294,Amit Davis,amit.davis@icloud.com,9.66541E+12,Sakaka,Jazan Region,10/30/2024,Male,43,Regular,Active,2024
CUST-001295,Dana Chen,dana.chen@hotmail.com,9.66554E+12,Al-Kharj,Najran Region,7/25/2024,Male,52,VIP,Active,2024
CUST-001296,Abigail Al-Ghamdi,abigail.alghamdi@hotmail.com,9.66593E+12,Mecca,Al-Qassim Region,9/17/2020,Female,64,Regular,Active,2020
CUST-001297,Huda Wu,huda.wu@yahoo.com,9.66521E+12,Jubail,Al-Bahah Region,5/4/2021,Female,23,New,Active,2021
CUST-001298,Amelia Al-Mutairi,amelia.almutairi@outlook.com,9.66566E+12,Jubail,Eastern Province,11/7/2023,Male,24,VIP,Active,2023
CUST-001299,Fatima Al-Hassan,fatima.alhassan@outlook.com,9.66548E+12,Mecca,Eastern Province,12/3/2022,Female,30,Regular,Active,2022
CUST-001300,Vikram Al-Saud,vikram.alsaud@gmail.com,9.66557E+12,Medina,Najran Region,11/21/2022,Male,56,New,Inactive,2022
CUST-001301,Omar Al-Dosari,omar.aldosari@hotmail.com,9.66513E+12,Riyadh,Najran Region,2/21/2020,Male,38,Loyal,Active,2020
CUST-001302,Mohammed Huang,mohammed.huang@icloud.com,9.66552E+12,Khobar,Asir Region,8/2/2025,Male,52,Regular,Active,2025
CUST-001303,Saad Al-Dosari,saad.aldosari@yahoo.com,9.66596E+12,Al-Kharj,Eastern Province,12/10/2024,Male,50,Regular,Active,2024
CUST-001304,Mohammed Zhou,mohammed.zhou@gmail.com,9.66583E+12,Buraidah,Tabuk Region,3/17/2021,Female,61,Regular,Inactive,2021
CUST-001305,Isabella Smith,isabella.smith@gmail.com,9.66574E+12,Sakaka,Eastern Province,10/13/2023,Female,60,Loyal,Active,2023
CUST-001306,Abdullah Al-Turki,abdullah.alturki@icloud.com,9.66516E+12,Abha,Hail Region,8/2/2021,Male,49,Regular,Active,2021
CUST-001307,Ali Patel,ali.patel@gmail.com,9.6658E+12,Al-Kharj,Makkah Region,10/30/2025,Male,60,VIP,Inactive,2025
CUST-001308,Amelia Huang,amelia.huang@icloud.com,9.66586E+12,Qassim,Al-Jawf Region,4/3/2022,Female,38,Regular,Active,2022
CUST-001309,Pavan Williams,pavan.williams@hotmail.com,9.66566E+12,Yanbu,Northern Borders,12/3/2020,Female,19,Loyal,Active,2020
CUST-001310,John Yang,john.yang@outlook.com,9.66596E+12,Buraidah,Jazan Region,3/22/2023,Male,51,New,Active,2023
CUST-001311,Fahad Martinez,fahad.martinez@icloud.com,9.66598E+12,Khobar,Al-Jawf Region,7/8/2023,Male,52,New,Active,2023
CUST-001312,Dana Gupta,dana.gupta@yahoo.com,9.66558E+12,Jeddah,Al-Jawf Region,11/11/2024,Male,50,VIP,Active,2024
CUST-001313,Zhao Brown,zhao.brown@gmail.com,9.66573E+12,Abha,Al-Bahah Region,8/4/2023,Male,63,Regular,Active,2023
CUST-001314,Noura Huang,noura.huang@icloud.com,9.66502E+12,Jizan,Asir Region,4/21/2021,Female,18,Regular,Active,2021
CUST-001315,Fatima Gupta,fatima.gupta@yahoo.com,9.66556E+12,Jeddah,Eastern Province,8/3/2021,Male,57,VIP,Active,2021
CUST-001316,Karan Huang,karan.huang@hotmail.com,9.6654E+12,Taif,Northern Borders,2/11/2020,Female,44,Loyal,Active,2020
CUST-001317,Wang Williams,wang.williams@outlook.com,9.66549E+12,Riyadh,Al-Jawf Region,6/7/2024,Male,62,Loyal,Active,2024
CUST-001318,Arjun Al-Mutairi,arjun.almutairi@yahoo.com,9.6652E+12,Medina,Makkah Region,10/12/2021,Female,22,Regular,Inactive,2021
CUST-001319,John Smith,john.smith@hotmail.com,9.66565E+12,Qassim,Tabuk Region,3/12/2023,Female,24,New,Active,2023
CUST-001320,Chen Williams,chen.williams@gmail.com,9.66588E+12,Tabuk,Eastern Province,10/23/2025,Male,48,Loyal,Active,2025
CUST-001321,Abdullah Jones,abdullah.jones@gmail.com,9.66563E+12,Mecca,Al-Bahah Region,10/3/2020,Male,45,VIP,Active,2020
CUST-001322,Sanjay Al-Farsi,sanjay.alfarsi@outlook.com,9.66592E+12,Khamis Mushait,Asir Region,5/11/2022,Female,20,New,Active,2022
CUST-001323,Michael Miller,michael.miller@yahoo.com,9.66557E+12,Tabuk,Al-Jawf Region,8/19/2020,Female,42,Regular,Active,2020
CUST-001324,Sophia Al-Shehri,sophia.alshehri@yahoo.com,9.66529E+12,Tabuk,Hail Region,12/2/2024,Male,46,New,Active,2024
CUST-001325,Evelyn Liu,evelyn.liu@hotmail.com,9.66583E+12,Dammam,Najran Region,7/24/2023,Male,25,New,Active,2023
CUST-001326,Isabella Chen,isabella.chen@gmail.com,9.66593E+12,Hail,Hail Region,6/6/2020,Male,24,Regular,Active,2020
CUST-001327,Robert Al-Rashid,robert.alrashid@icloud.com,9.66506E+12,Al-Kharj,Makkah Region,7/8/2022,Male,54,New,Active,2022
CUST-001328,Vikram Wang,vikram.wang@icloud.com,9.66565E+12,Sakaka,Northern Borders,1/15/2025,Male,61,Loyal,Inactive,2025
CUST-001329,Rana Patel,rana.patel@outlook.com,9.66573E+12,Al-Ahsa,Najran Region,1/15/2024,Male,27,VIP,Active,2024
CUST-001330,Robert Miller,robert.miller@yahoo.com,9.66551E+12,Yanbu,Tabuk Region,8/12/2021,Male,47,Loyal,Inactive,2021
CUST-001331,Zhang Jones,zhang.jones@outlook.com,9.66529E+12,Najran,Asir Region,7/20/2024,Female,44,Loyal,Active,2024
CUST-001332,Daniel Gupta,daniel.gupta@outlook.com,9.66556E+12,Hail,Al-Jawf Region,6/21/2024,Male,64,Regular,Active,2024
CUST-001333,Noura Al-Hassan,noura.alhassan@yahoo.com,9.66594E+12,Sakaka,Hail Region,3/12/2025,Female,41,VIP,Active,2025
CUST-001334,William Al-Farsi,william.alfarsi@outlook.com,9.66518E+12,Al-Ahsa,Tabuk Region,8/15/2024,Male,30,Regular,Active,2024
CUST-001335,Charlotte Smith,charlotte.smith@outlook.com,9.66587E+12,Khobar,Jazan Region,4/7/2020,Male,42,Regular,Active,2020
CUST-001336,Sanjay Al-Dosari,sanjay.aldosari@icloud.com,9.6653E+12,Jizan,Al-Qassim Region,3/21/2022,Male,44,VIP,Active,2022
CUST-001337,Huda Al-Khalifa,huda.alkhalifa@yahoo.com,9.66575E+12,Sakaka,Al-Qassim Region,12/13/2025,Male,61,New,Active,2025
CUST-001338,Fahad Al-Otaibi,fahad.alotaibi@gmail.com,9.66505E+12,Mecca,Hail Region,1/1/2024,Male,65,Regular,Active,2024
CUST-001339,Dana Al-Shehri,dana.alshehri@hotmail.com,9.66595E+12,Al-Kharj,Jazan Region,4/29/2025,Female,63,Regular,Active,2025
CUST-001340,Dana Al-Zahrani,dana.alzahrani@icloud.com,9.66523E+12,Khobar,Northern Borders,4/30/2021,Female,28,Loyal,Active,2021
CUST-001341,Ravi Garcia,ravi.garcia@gmail.com,9.66527E+12,Medina,Riyadh Region,7/9/2021,Female,48,Loyal,Active,2021
CUST-001342,Sara Al-Jaber,sara.aljaber@gmail.com,9.66596E+12,Al-Ahsa,Al-Qassim Region,1/14/2022,Female,19,Loyal,Inactive,2022
CUST-001343,David Singh,david.singh@gmail.com,9.66552E+12,Khobar,Eastern Province,5/14/2023,Female,27,New,Active,2023
CUST-001344,Raj Kumar,raj.kumar@hotmail.com,9.66516E+12,Sakaka,Jazan Region,3/6/2020,Female,28,VIP,Active,2020
CUST-001345,Aisha Zhang,aisha.zhang@hotmail.com,9.66581E+12,Jubail,Hail Region,11/14/2021,Male,59,Regular,Active,2021
CUST-001346,Rana Rao,rana.rao@outlook.com,9.66552E+12,Taif,Al-Bahah Region,2/19/2025,Male,39,New,Active,2025
CUST-001347,Liu Zhou,liu.zhou@gmail.com,9.66591E+12,Buraidah,Northern Borders,3/28/2022,Female,42,Loyal,Active,2022
CUST-001348,Ravi Al-Dosari,ravi.aldosari@hotmail.com,9.66566E+12,Najran,Najran Region,10/4/2024,Female,63,VIP,Active,2024
CUST-001349,David Al-Mahmoud,david.almahmoud@hotmail.com,9.66584E+12,Jubail,Tabuk Region,12/28/2022,Male,46,New,Active,2022
CUST-001350,Liu Zhang,liu.zhang@gmail.com,9.66503E+12,Medina,Asir Region,10/31/2020,Male,41,New,Active,2020
CUST-001351,Amelia Garcia,amelia.garcia@gmail.com,9.66511E+12,Riyadh,Al-Bahah Region,10/29/2023,Male,27,Loyal,Active,2023
CUST-001352,Wei Al-Turki,wei.alturki@gmail.com,9.66593E+12,Jeddah,Al-Bahah Region,7/22/2021,Male,65,New,Active,2021
CUST-001353,Fahad Al-Hassan,fahad.alhassan@gmail.com,9.66507E+12,Abha,Asir Region,7/23/2020,Male,42,VIP,Inactive,2020
CUST-001354,Aisha Wang,aisha.wang@yahoo.com,9.66579E+12,Khobar,Jazan Region,3/25/2023,Male,46,Regular,Inactive,2023
CUST-001355,Ahmed Al-Qahtani,ahmed.alqahtani@yahoo.com,9.66535E+12,Dammam,Najran Region,2/14/2022,Male,62,New,Active,2022
CUST-001356,Fatima Kumar,fatima.kumar@yahoo.com,9.66526E+12,Al-Kharj,Tabuk Region,8/15/2024,Female,31,Loyal,Active,2024
CUST-001357,Chen Patel,chen.patel@yahoo.com,9.66581E+12,Taif,Tabuk Region,10/22/2021,Male,21,New,Active,2021
CUST-001358,David Al-Mahmoud,david.almahmoud@gmail.com,9.66597E+12,Mecca,Al-Jawf Region,12/31/2024,Male,65,New,Active,2024
CUST-001359,Harper Al-Jaber,harper.aljaber@hotmail.com,9.66592E+12,Al-Kharj,Tabuk Region,7/30/2023,Female,40,Loyal,Active,2023
CUST-001360,Olivia Martinez,olivia.martinez@outlook.com,9.66558E+12,Tabuk,Asir Region,11/29/2021,Male,62,VIP,Active,2021
CUST-001361,Matthew Mehta,matthew.mehta@hotmail.com,9.66567E+12,Al-Ahsa,Jazan Region,9/17/2021,Male,65,Loyal,Active,2021
CUST-001362,Mohammed Al-Malki,mohammed.almalki@hotmail.com,9.66569E+12,Dammam,Northern Borders,2/6/2024,Male,45,Regular,Active,2024
CUST-001363,Harper Johnson,harper.johnson@yahoo.com,9.66511E+12,Jizan,Jazan Region,9/5/2021,Female,39,Regular,Active,2021
CUST-001364,Olivia Reddy,olivia.reddy@yahoo.com,9.66548E+12,Taif,Asir Region,2/17/2022,Female,56,Loyal,Active,2022
CUST-001365,Thomas Smith,thomas.smith@outlook.com,9.66506E+12,Medina,Makkah Region,8/17/2023,Female,56,VIP,Active,2023
CUST-001366,Huda Liu,huda.liu@outlook.com,9.66537E+12,Jubail,Riyadh Region,6/15/2023,Male,39,VIP,Inactive,2023
CUST-001367,Thomas Zhou,thomas.zhou@gmail.com,9.66593E+12,Khamis Mushait,Tabuk Region,10/29/2023,Female,62,Regular,Active,2023
CUST-001368,Amelia Wang,amelia.wang@gmail.com,9.66507E+12,Najran,Northern Borders,10/5/2022,Male,38,Regular,Active,2022
CUST-001369,Raj Wang,raj.wang@hotmail.com,9.66586E+12,Al-Kharj,Hail Region,3/7/2022,Male,38,Regular,Inactive,2022
CUST-001370,Abigail Garcia,abigail.garcia@yahoo.com,9.66579E+12,Jubail,Riyadh Region,7/7/2023,Male,42,Regular,Inactive,2023
CUST-001371,John Al-Qahtani,john.alqahtani@icloud.com,9.66577E+12,Sakaka,Al-Bahah Region,12/25/2022,Male,46,Loyal,Active,2022
CUST-001372,Wei Al-Jaber,wei.aljaber@hotmail.com,9.66526E+12,Jeddah,Jazan Region,10/7/2022,Male,58,New,Active,2022
CUST-001373,David Zhou,david.zhou@outlook.com,9.66583E+12,Taif,Hail Region,6/8/2025,Female,56,Regular,Active,2025
CUST-001374,Wu Wu,wu.wu@icloud.com,9.66515E+12,Jeddah,Al-Bahah Region,3/9/2022,Female,33,Loyal,Active,2022
CUST-001375,Ravi Al-Rashid,ravi.alrashid@hotmail.com,9.66544E+12,Dammam,Tabuk Region,4/13/2020,Male,59,Loyal,Active,2020
CUST-001376,James Mehta,james.mehta@yahoo.com,9.66579E+12,Jizan,Najran Region,10/4/2021,Female,38,New,Active,2021
CUST-001377,Matthew Davis,matthew.davis@yahoo.com,9.66597E+12,Buraidah,Eastern Province,6/10/2021,Female,19,New,Active,2021
CUST-001378,Liu Kumar,liu.kumar@icloud.com,9.66576E+12,Dammam,Hail Region,3/16/2024,Male,58,Loyal,Active,2024
CUST-001379,William Johnson,william.johnson@hotmail.com,9.66591E+12,Buraidah,Hail Region,6/10/2020,Male,64,Regular,Active,2020
CUST-001380,Khalid Al-Shehri,khalid.alshehri@yahoo.com,9.66522E+12,Khamis Mushait,Eastern Province,8/20/2022,Male,41,VIP,Active,2022
CUST-001381,Fahad Nair,fahad.nair@hotmail.com,9.66518E+12,Jizan,Najran Region,9/11/2020,Female,59,Loyal,Active,2020
CUST-001382,Charlotte Al-Qahtani,charlotte.alqahtani@yahoo.com,9.66573E+12,Medina,Tabuk Region,7/20/2022,Male,21,New,Active,2022
CUST-001383,Vikram Al-Mutairi,vikram.almutairi@yahoo.com,9.66572E+12,Jeddah,Asir Region,8/10/2022,Male,26,VIP,Active,2022
CUST-001384,Robert Al-Nasser,robert.alnasser@outlook.com,9.66508E+12,Buraidah,Jazan Region,4/6/2020,Female,53,New,Active,2020
CUST-001385,Aisha Zhao,aisha.zhao@gmail.com,9.66534E+12,Al-Kharj,Jazan Region,1/30/2020,Female,62,New,Inactive,2020
CUST-001386,Yang Sharma,yang.sharma@icloud.com,9.66526E+12,Tabuk,Eastern Province,1/31/2020,Female,35,VIP,Inactive,2020
CUST-001387,Robert Smith,robert.smith@yahoo.com,9.66594E+12,Hail,Asir Region,9/1/2023,Female,43,New,Active,2023
CUST-001388,Daniel Al-Otaibi,daniel.alotaibi@outlook.com,9.666E+12,Khamis Mushait,Northern Borders,4/18/2022,Male,25,New,Active,2022
CUST-001389,Li Al-Zahrani,li.alzahrani@yahoo.com,9.66539E+12,Buraidah,Al-Bahah Region,5/27/2022,Female,41,Loyal,Active,2022
CUST-001390,Vikram Al-Saud,vikram.alsaud@yahoo.com,9.66594E+12,Tabuk,Najran Region,4/7/2020,Female,18,Regular,Active,2020
CUST-001391,Liu Singh,liu.singh@yahoo.com,9.66576E+12,Hail,Jazan Region,5/19/2024,Male,49,Loyal,Inactive,2024
CUST-001392,Evelyn Rodriguez,evelyn.rodriguez@yahoo.com,9.66519E+12,Medina,Riyadh Region,5/7/2020,Male,18,VIP,Active,2020
CUST-001393,Dana Rao,dana.rao@outlook.com,9.66593E+12,Medina,Riyadh Region,2/16/2024,Male,59,Regular,Active,2024
CUST-001394,Sanjay Sharma,sanjay.sharma@gmail.com,9.66547E+12,Riyadh,Tabuk Region,5/23/2020,Male,37,Regular,Active,2020
CUST-001395,Matthew Brown,matthew.brown@gmail.com,9.66507E+12,Khobar,Riyadh Region,4/6/2021,Male,64,Regular,Active,2021
CUST-001396,Liu Zhao,liu.zhao@icloud.com,9.66545E+12,Riyadh,Al-Bahah Region,5/18/2025,Male,64,Regular,Active,2025
CUST-001397,Khalid Reddy,khalid.reddy@outlook.com,9.66501E+12,Jubail,Northern Borders,3/22/2025,Female,29,New,Inactive,2025
CUST-001398,Huang Al-Harbi,huang.alharbi@gmail.com,9.66545E+12,Jubail,Asir Region,12/30/2022,Male,60,VIP,Active,2022
CUST-001399,Huda Al-Mutairi,huda.almutairi@outlook.com,9.6651E+12,Jeddah,Al-Qassim Region,11/18/2024,Female,32,New,Active,2024
CUST-001400,James Al-Qahtani,james.alqahtani@icloud.com,9.66557E+12,Jubail,Najran Region,11/2/2021,Female,60,VIP,Inactive,2021
CUST-001401,Mia Al-Farsi,mia.alfarsi@hotmail.com,9.66556E+12,Khobar,Al-Qassim Region,7/3/2024,Female,47,VIP,Active,2024
CUST-001402,Ibrahim Al-Dosari,ibrahim.aldosari@outlook.com,9.66586E+12,Najran,Northern Borders,12/20/2020,Female,26,VIP,Active,2020
CUST-001403,Vikram Mehta,vikram.mehta@outlook.com,9.66583E+12,Jeddah,Hail Region,9/5/2025,Male,56,VIP,Inactive,2025
CUST-001404,Raj Al-Khalifa,raj.alkhalifa@yahoo.com,9.66593E+12,Tabuk,Al-Bahah Region,6/11/2024,Male,44,New,Inactive,2024
CUST-001405,Mia Al-Harbi,mia.alharbi@icloud.com,9.66519E+12,Riyadh,Tabuk Region,11/5/2021,Male,61,VIP,Active,2021
CUST-001406,Abdullah Kumar,abdullah.kumar@hotmail.com,9.66586E+12,Khamis Mushait,Al-Jawf Region,5/27/2024,Male,54,VIP,Active,2024
CUST-001407,Ravi Al-Nasser,ravi.alnasser@gmail.com,9.6654E+12,Al-Ahsa,Eastern Province,2/10/2022,Male,50,New,Active,2022
CUST-001408,Ibrahim Al-Shehri,ibrahim.alshehri@hotmail.com,9.66536E+12,Buraidah,Asir Region,1/30/2021,Male,19,New,Active,2021
CUST-001409,Reem Al-Ahmari,reem.alahmari@yahoo.com,9.66522E+12,Mecca,Tabuk Region,1/27/2025,Male,45,VIP,Active,2025
CUST-001410,Ahmed Al-Mutairi,ahmed.almutairi@icloud.com,9.66546E+12,Jizan,Hail Region,5/3/2022,Female,45,Loyal,Inactive,2022
CUST-001411,Harper Al-Harbi,harper.alharbi@outlook.com,9.66508E+12,Hail,Hail Region,5/7/2020,Female,62,Loyal,Active,2020
CUST-001412,Pavan Chen,pavan.chen@gmail.com,9.66569E+12,Sakaka,Hail Region,7/1/2025,Male,42,New,Active,2025
CUST-001413,Pavan Al-Qahtani,pavan.alqahtani@outlook.com,9.66548E+12,Mecca,Makkah Region,10/2/2022,Male,47,Loyal,Active,2022
CUST-001414,Huda Wu,huda.wu@outlook.com,9.66505E+12,Buraidah,Najran Region,1/22/2025,Male,57,Loyal,Active,2025
CUST-001415,Ahmed Al-Dosari,ahmed.aldosari@yahoo.com,9.66591E+12,Khamis Mushait,Jazan Region,10/10/2020,Male,47,VIP,Inactive,2020
CUST-001416,Robert Chen,robert.chen@gmail.com,9.66549E+12,Medina,Al-Bahah Region,10/17/2025,Female,29,Loyal,Active,2025
CUST-001417,Zhang Smith,zhang.smith@gmail.com,9.66549E+12,Hail,Northern Borders,3/25/2021,Male,22,Regular,Active,2021
CUST-001418,Olivia Garcia,olivia.garcia@gmail.com,9.6657E+12,Khobar,Northern Borders,6/28/2020,Female,29,Regular,Active,2020
CUST-001419,Liu Al-Dosari,liu.aldosari@icloud.com,9.66574E+12,Al-Ahsa,Al-Bahah Region,4/20/2021,Male,28,Regular,Active,2021
CUST-001420,Sanjay Wu,sanjay.wu@icloud.com,9.66507E+12,Jubail,Hail Region,10/27/2024,Male,63,VIP,Inactive,2024
CUST-001421,Saad Nair,saad.nair@outlook.com,9.66505E+12,Yanbu,Najran Region,9/25/2024,Male,22,New,Active,2024
CUST-001422,Yang Al-Turki,yang.alturki@hotmail.com,9.66576E+12,Khamis Mushait,Asir Region,7/17/2021,Male,19,Regular,Active,2021
CUST-001423,Amelia Johnson,amelia.johnson@yahoo.com,9.6658E+12,Qassim,Hail Region,12/13/2022,Female,22,Regular,Inactive,2022
CUST-001424,Richard Al-Ahmari,richard.alahmari@icloud.com,9.66504E+12,Tabuk,Eastern Province,5/15/2023,Male,65,Loyal,Active,2023
CUST-001425,James Al-Ghamdi,james.alghamdi@icloud.com,9.66503E+12,Khamis Mushait,Al-Jawf Region,12/25/2022,Male,37,Regular,Active,2022
CUST-001426,Zhao Garcia,zhao.garcia@outlook.com,9.66534E+12,Jubail,Jazan Region,5/14/2025,Male,24,Regular,Active,2025
CUST-001427,Charlotte Al-Saud,charlotte.alsaud@icloud.com,9.66513E+12,Dammam,Najran Region,8/18/2021,Male,48,New,Inactive,2021
CUST-001428,Sara Garcia,sara.garcia@outlook.com,9.66554E+12,Taif,Northern Borders,9/1/2020,Female,20,VIP,Active,2020
CUST-001429,Mohammed Williams,mohammed.williams@hotmail.com,9.66567E+12,Sakaka,Asir Region,6/5/2021,Female,57,Loyal,Active,2021
CUST-001430,Huda Wu,huda.wu@icloud.com,9.66548E+12,Mecca,Northern Borders,5/6/2020,Female,22,New,Active,2020
CUST-001431,Nikhil Al-Faisal,nikhil.alfaisal@gmail.com,9.66555E+12,Jizan,Tabuk Region,3/17/2025,Female,37,VIP,Active,2025
CUST-001432,Zhang Wang,zhang.wang@icloud.com,9.66576E+12,Al-Kharj,Al-Bahah Region,7/16/2021,Female,39,New,Active,2021
CUST-001433,Michael Chen,michael.chen@icloud.com,9.66599E+12,Mecca,Tabuk Region,1/3/2023,Female,36,Regular,Active,2023
CUST-001434,Wu Kumar,wu.kumar@yahoo.com,9.66594E+12,Najran,Tabuk Region,2/24/2022,Female,51,Loyal,Active,2022
CUST-001435,Rana Wu,rana.wu@outlook.com,9.66539E+12,Dammam,Al-Bahah Region,4/23/2023,Male,61,VIP,Inactive,2023
CUST-001436,Charlotte Kumar,charlotte.kumar@yahoo.com,9.66579E+12,Khamis Mushait,Eastern Province,4/25/2021,Female,58,Regular,Active,2021
CUST-001437,Evelyn Al-Saud,evelyn.alsaud@hotmail.com,9.6653E+12,Jubail,Hail Region,10/3/2022,Female,48,VIP,Inactive,2022
CUST-001438,Matthew Chen,matthew.chen@hotmail.com,9.66524E+12,Sakaka,Makkah Region,10/31/2022,Male,42,Loyal,Active,2022
CUST-001439,Khalid Williams,khalid.williams@hotmail.com,9.66577E+12,Qassim,Al-Qassim Region,2/8/2023,Female,30,VIP,Active,2023
CUST-001440,Thomas Al-Saud,thomas.alsaud@outlook.com,9.66592E+12,Jubail,Northern Borders,5/3/2024,Female,25,Regular,Active,2024
CUST-001441,Abdullah Sharma,abdullah.sharma@gmail.com,9.66502E+12,Taif,Makkah Region,1/4/2023,Male,24,Loyal,Active,2023
CUST-001442,Ali Al-Turki,ali.alturki@icloud.com,9.66501E+12,Medina,Hail Region,2/9/2023,Female,45,Regular,Active,2023
CUST-001443,Lina Zhou,lina.zhou@icloud.com,9.66595E+12,Qassim,Hail Region,8/26/2022,Male,19,VIP,Active,2022
CUST-001444,Sara Gupta,sara.gupta@yahoo.com,9.66589E+12,Riyadh,Eastern Province,1/8/2021,Female,49,New,Active,2021
CUST-001445,Huda Nair,huda.nair@yahoo.com,9.66537E+12,Sakaka,Eastern Province,12/11/2021,Male,35,New,Active,2021
CUST-001446,Huda Al-Turki,huda.alturki@hotmail.com,9.66569E+12,Sakaka,Northern Borders,1/1/2025,Male,32,New,Active,2025
CUST-001447,Richard Al-Hassan,richard.alhassan@outlook.com,9.66573E+12,Jizan,Al-Qassim Region,4/6/2024,Male,52,VIP,Active,2024
CUST-001448,Yang Al-Dosari,yang.aldosari@outlook.com,9.66568E+12,Hail,Hail Region,3/25/2020,Female,50,Loyal,Active,2020
CUST-001449,Evelyn Brown,evelyn.brown@hotmail.com,9.66522E+12,Sakaka,Al-Bahah Region,3/26/2024,Male,43,Regular,Active,2024
CUST-001450,John Patel,john.patel@outlook.com,9.66544E+12,Buraidah,Asir Region,4/3/2024,Female,19,Regular,Active,2024
CUST-001451,Daniel Al-Hassan,daniel.alhassan@gmail.com,9.66569E+12,Najran,Hail Region,4/9/2024,Male,49,Loyal,Active,2024
CUST-001452,Zhao Iyer,zhao.iyer@gmail.com,9.66564E+12,Najran,Asir Region,1/7/2023,Female,34,Loyal,Active,2023
CUST-001453,Sara Jones,sara.jones@icloud.com,9.66589E+12,Khamis Mushait,Asir Region,5/28/2020,Female,41,New,Active,2020
CUST-001454,Fahad Al-Hassan,fahad.alhassan@yahoo.com,9.66519E+12,Qassim,Riyadh Region,10/22/2022,Male,51,VIP,Active,2022
CUST-001455,Ibrahim Rodriguez,ibrahim.rodriguez@yahoo.com,9.66565E+12,Khobar,Asir Region,8/4/2024,Female,28,New,Active,2024
CUST-001456,Liu Al-Qahtani,liu.alqahtani@icloud.com,9.66509E+12,Khobar,Tabuk Region,4/10/2025,Female,28,Regular,Active,2025
CUST-001457,Li Williams,li.williams@icloud.com,9.66512E+12,Medina,Tabuk Region,1/2/2022,Male,47,VIP,Active,2022
CUST-001458,Ibrahim Chen,ibrahim.chen@yahoo.com,9.66531E+12,Hail,Eastern Province,1/20/2023,Male,50,New,Active,2023
CUST-001459,Yousef Smith,yousef.smith@gmail.com,9.66573E+12,Dammam,Asir Region,2/13/2024,Female,47,Regular,Active,2024
CUST-001460,Fatima Al-Hassan,fatima.alhassan@gmail.com,9.66533E+12,Sakaka,Riyadh Region,10/1/2020,Female,26,New,Active,2020
CUST-001461,Matthew Liu,matthew.liu@outlook.com,9.66568E+12,Qassim,Al-Bahah Region,7/12/2024,Female,59,VIP,Inactive,2024
CUST-001462,Amelia Al-Hassan,amelia.alhassan@outlook.com,9.66548E+12,Yanbu,Eastern Province,8/22/2025,Female,26,New,Active,2025
CUST-001463,Khalid Wu,khalid.wu@hotmail.com,9.66543E+12,Sakaka,Northern Borders,4/16/2024,Female,37,VIP,Active,2024
CUST-001464,John Li,john.li@yahoo.com,9.66504E+12,Yanbu,Al-Jawf Region,8/25/2021,Female,55,Regular,Active,2021
CUST-001465,William Garcia,william.garcia@yahoo.com,9.66504E+12,Al-Ahsa,Tabuk Region,6/16/2025,Female,47,Loyal,Active,2025
CUST-001466,Yang Brown,yang.brown@outlook.com,9.66527E+12,Jeddah,Asir Region,8/19/2021,Male,36,VIP,Active,2021
CUST-001467,David Mehta,david.mehta@outlook.com,9.66562E+12,Sakaka,Tabuk Region,12/24/2023,Female,20,Loyal,Active,2023
CUST-001468,David Singh,david.singh@yahoo.com,9.66548E+12,Khobar,Riyadh Region,2/18/2021,Male,65,VIP,Active,2021
CUST-001469,Mohammed Zhang,mohammed.zhang@yahoo.com,9.66586E+12,Riyadh,Jazan Region,7/10/2024,Female,57,Loyal,Active,2024
CUST-001470,Abigail Kumar,abigail.kumar@hotmail.com,9.66552E+12,Khamis Mushait,Al-Qassim Region,5/20/2021,Female,49,Loyal,Inactive,2021
CUST-001471,Ali Al-Turki,ali.alturki@icloud.com,9.66598E+12,Mecca,Eastern Province,3/27/2024,Female,60,Loyal,Active,2024
CUST-001472,Ibrahim Al-Farsi,ibrahim.alfarsi@yahoo.com,9.66519E+12,Jizan,Tabuk Region,6/3/2024,Male,20,New,Active,2024
CUST-001473,Ahmed Al-Malki,ahmed.almalki@yahoo.com,9.66569E+12,Tabuk,Northern Borders,9/13/2021,Female,53,VIP,Active,2021
CUST-001474,Ahmed Al-Shehri,ahmed.alshehri@yahoo.com,9.66505E+12,Jubail,Makkah Region,6/16/2022,Female,28,Loyal,Active,2022
CUST-001475,Fahad Al-Turki,fahad.alturki@outlook.com,9.66559E+12,Najran,Jazan Region,11/23/2022,Female,58,VIP,Inactive,2022
CUST-001476,Ibrahim Al-Turki,ibrahim.alturki@icloud.com,9.66585E+12,Sakaka,Asir Region,7/15/2022,Male,45,Loyal,Active,2022
CUST-001477,Michael Zhang,michael.zhang@hotmail.com,9.66576E+12,Jeddah,Al-Qassim Region,5/15/2023,Female,24,Regular,Inactive,2023
CUST-001478,Lina Jones,lina.jones@yahoo.com,9.66573E+12,Medina,Al-Bahah Region,9/2/2025,Female,44,Loyal,Active,2025
CUST-001479,Amelia Singh,amelia.singh@hotmail.com,9.66514E+12,Khobar,Al-Qassim Region,5/24/2025,Male,38,New,Active,2025
CUST-001480,William Iyer,william.iyer@yahoo.com,9.66567E+12,Riyadh,Hail Region,2/26/2024,Male,37,Regular,Active,2024
CUST-001481,Yang Li,yang.li@outlook.com,9.66594E+12,Jizan,Northern Borders,8/21/2022,Female,33,Regular,Active,2022
CUST-001482,Sara Wu,sara.wu@hotmail.com,9.66596E+12,Mecca,Makkah Region,12/2/2020,Male,65,New,Active,2020
CUST-001483,Mia Iyer,mia.iyer@outlook.com,9.6652E+12,Dammam,Riyadh Region,1/9/2020,Female,29,New,Active,2020
CUST-001484,Reem Sharma,reem.sharma@hotmail.com,9.66592E+12,Jeddah,Eastern Province,6/22/2023,Female,24,New,Inactive,2023
CUST-001485,Fahad Al-Harbi,fahad.alharbi@icloud.com,9.66504E+12,Khobar,Northern Borders,7/1/2025,Male,35,VIP,Inactive,2025
CUST-001486,Wang Liu,wang.liu@gmail.com,9.66595E+12,Dammam,Makkah Region,3/8/2025,Female,28,New,Active,2025
CUST-001487,Evelyn Jones,evelyn.jones@hotmail.com,9.66506E+12,Hail,Al-Jawf Region,10/28/2021,Female,46,VIP,Inactive,2021
CUST-001488,Dana Rodriguez,dana.rodriguez@outlook.com,9.66564E+12,Buraidah,Al-Jawf Region,8/30/2023,Male,33,Loyal,Active,2023
CUST-001489,Sunil Al-Farsi,sunil.alfarsi@gmail.com,9.66512E+12,Al-Kharj,Makkah Region,8/27/2021,Male,46,Regular,Active,2021
CUST-001490,Amit Al-Shehri,amit.alshehri@hotmail.com,9.66555E+12,Al-Kharj,Asir Region,5/26/2025,Female,44,New,Inactive,2025
CUST-001491,Amit Zhao,amit.zhao@hotmail.com,9.66537E+12,Jeddah,Hail Region,10/3/2021,Female,30,VIP,Active,2021
CUST-001492,Omar Al-Harbi,omar.alharbi@hotmail.com,9.66564E+12,Jubail,Jazan Region,6/16/2024,Female,46,Regular,Active,2024
CUST-001493,Sanjay Al-Hassan,sanjay.alhassan@outlook.com,9.66559E+12,Khobar,Riyadh Region,11/3/2021,Female,44,New,Active,2021
CUST-001494,Yang Singh,yang.singh@yahoo.com,9.66503E+12,Abha,Najran Region,7/21/2025,Female,30,Regular,Active,2025
CUST-001495,Ali Al-Jaber,ali.aljaber@gmail.com,9.66556E+12,Sakaka,Hail Region,10/13/2023,Male,24,Loyal,Inactive,2023
CUST-001496,Aisha Brown,aisha.brown@yahoo.com,9.6656E+12,Khamis Mushait,Tabuk Region,12/14/2025,Female,51,Regular,Active,2025
CUST-001497,Nikhil Al-Mahmoud,nikhil.almahmoud@gmail.com,9.66579E+12,Qassim,Tabuk Region,2/12/2025,Male,36,VIP,Active,2025
CUST-001498,Richard Zhao,richard.zhao@gmail.com,9.66577E+12,Al-Ahsa,Al-Qassim Region,8/3/2022,Female,55,Regular,Active,2022
CUST-001499,Rana Martinez,rana.martinez@gmail.com,9.6654E+12,Al-Kharj,Tabuk Region,6/5/2024,Female,18,Regular,Active,2024
CUST-001500,Lina Rao,lina.rao@yahoo.com,9.66561E+12,Yanbu,Riyadh Region,11/7/2020,Female,52,Loyal,Active,2020
CUST-001501,Sophia Al-Mahmoud,sophia.almahmoud@hotmail.com,9.666E+12,Jeddah,Jazan Region,5/24/2022,Female,25,Regular,Active,2022
CUST-001502,Charlotte Al-Mahmoud,charlotte.almahmoud@hotmail.com,9.66528E+12,Tabuk,Riyadh Region,10/25/2024,Male,39,Regular,Active,2024
CUST-001503,Mohammed Al-Zahrani,mohammed.alzahrani@yahoo.com,9.66543E+12,Buraidah,Al-Jawf Region,11/19/2022,Female,28,Loyal,Active,2022
CUST-001504,Amit Smith,amit.smith@hotmail.com,9.66515E+12,Buraidah,Najran Region,10/7/2020,Male,27,New,Active,2020
CUST-001505,Huda Al-Shehri,huda.alshehri@hotmail.com,9.66523E+12,Al-Ahsa,Hail Region,5/12/2021,Female,50,New,Active,2021
CUST-001506,Arjun Zhou,arjun.zhou@hotmail.com,9.66516E+12,Mecca,Hail Region,12/23/2021,Female,30,VIP,Active,2021
CUST-001507,Zhao Zhou,zhao.zhou@gmail.com,9.66513E+12,Dammam,Hail Region,10/18/2021,Male,48,VIP,Active,2021
CUST-001508,Michael Gupta,michael.gupta@outlook.com,9.66518E+12,Jizan,Asir Region,11/17/2021,Male,57,Loyal,Inactive,2021
CUST-001509,Sanjay Al-Mutairi,sanjay.almutairi@gmail.com,9.6654E+12,Jubail,Najran Region,2/18/2025,Female,38,VIP,Active,2025
CUST-001510,Huang Al-Harbi,huang.alharbi@gmail.com,9.66574E+12,Riyadh,Al-Qassim Region,12/26/2023,Male,60,VIP,Active,2023
CUST-001511,Richard Al-Khalifa,richard.alkhalifa@gmail.com,9.66557E+12,Mecca,Eastern Province,1/28/2021,Male,55,Regular,Active,2021
CUST-001512,Olivia Yang,olivia.yang@icloud.com,9.66553E+12,Sakaka,Riyadh Region,7/22/2023,Male,37,Loyal,Active,2023
CUST-001513,Ali Al-Zahrani,ali.alzahrani@gmail.com,9.6655E+12,Dammam,Al-Bahah Region,11/23/2022,Female,27,VIP,Active,2022
CUST-001514,Zhang Nair,zhang.nair@gmail.com,9.66586E+12,Mecca,Jazan Region,6/17/2023,Female,44,New,Active,2023
CUST-001515,Reem Kumar,reem.kumar@yahoo.com,9.66513E+12,Khamis Mushait,Al-Qassim Region,2/14/2021,Female,25,New,Active,2021
CUST-001516,Nikhil Singh,nikhil.singh@hotmail.com,9.66513E+12,Al-Kharj,Asir Region,11/18/2020,Male,21,VIP,Active,2020
CUST-001517,Wang Al-Nasser,wang.alnasser@icloud.com,9.66582E+12,Qassim,Al-Qassim Region,5/2/2023,Female,24,Loyal,Active,2023
CUST-001518,Dana Nair,dana.nair@gmail.com,9.66555E+12,Jeddah,Eastern Province,10/8/2020,Male,55,New,Active,2020
CUST-001519,Huang Wang,huang.wang@gmail.com,9.66576E+12,Jizan,Najran Region,3/13/2021,Female,28,Regular,Active,2021
CUST-001520,Michael Smith,michael.smith@yahoo.com,9.66592E+12,Riyadh,Jazan Region,6/13/2022,Male,28,Regular,Active,2022
CUST-001521,Ahmed Al-Dosari,ahmed.aldosari@icloud.com,9.66549E+12,Tabuk,Jazan Region,9/1/2022,Male,45,Regular,Inactive,2022
CUST-001522,Arjun Gupta,arjun.gupta@yahoo.com,9.66585E+12,Najran,Eastern Province,7/14/2024,Female,55,VIP,Active,2024
CUST-001523,Huda Zhou,huda.zhou@gmail.com,9.66564E+12,Sakaka,Jazan Region,1/6/2020,Male,43,Regular,Active,2020
CUST-001524,Ravi Al-Malki,ravi.almalki@icloud.com,9.6653E+12,Al-Kharj,Makkah Region,10/16/2022,Male,63,New,Active,2022
CUST-001525,Huda Al-Khalifa,huda.alkhalifa@gmail.com,9.66516E+12,Dammam,Asir Region,2/6/2023,Male,54,New,Active,2023
CUST-001526,Sunil Al-Ahmari,sunil.alahmari@gmail.com,9.66562E+12,Hail,Asir Region,1/5/2025,Male,27,New,Active,2025
CUST-001527,John Nair,john.nair@outlook.com,9.66585E+12,Al-Ahsa,Al-Jawf Region,4/5/2022,Male,31,Loyal,Active,2022
CUST-001528,Aisha Al-Turki,aisha.alturki@yahoo.com,9.66578E+12,Taif,Northern Borders,7/19/2020,Female,18,Loyal,Active,2020
CUST-001529,Sara Al-Ghamdi,sara.alghamdi@gmail.com,9.66578E+12,Buraidah,Asir Region,8/20/2024,Male,36,Regular,Active,2024
CUST-001530,Maha Johnson,maha.johnson@outlook.com,9.66507E+12,Khamis Mushait,Makkah Region,2/4/2025,Female,37,Regular,Active,2025
CUST-001531,Aisha Al-Mutairi,aisha.almutairi@hotmail.com,9.66576E+12,Taif,Eastern Province,5/21/2025,Male,46,Regular,Active,2025
CUST-001532,Nikhil Garcia,nikhil.garcia@outlook.com,9.66564E+12,Qassim,Najran Region,8/15/2021,Male,35,VIP,Inactive,2021
CUST-001533,Rana Al-Mutairi,rana.almutairi@gmail.com,9.6655E+12,Khamis Mushait,Tabuk Region,7/11/2024,Male,22,New,Active,2024
CUST-001534,Huang Rodriguez,huang.rodriguez@hotmail.com,9.6654E+12,Qassim,Al-Qassim Region,12/10/2025,Male,58,Loyal,Inactive,2025
CUST-001535,Ahmed Al-Farsi,ahmed.alfarsi@gmail.com,9.66558E+12,Yanbu,Al-Qassim Region,10/29/2023,Male,48,Regular,Active,2023
CUST-001536,Saad Al-Mahmoud,saad.almahmoud@hotmail.com,9.66564E+12,Taif,Al-Qassim Region,3/28/2022,Female,60,VIP,Active,2022
CUST-001537,Robert Wang,robert.wang@icloud.com,9.66534E+12,Hail,Riyadh Region,10/8/2023,Female,48,Regular,Inactive,2023
CUST-001538,Michael Li,michael.li@yahoo.com,9.66569E+12,Riyadh,Al-Bahah Region,11/8/2020,Male,54,Regular,Active,2020
CUST-001539,Richard Al-Harbi,richard.alharbi@yahoo.com,9.66577E+12,Qassim,Al-Bahah Region,10/24/2020,Male,61,Loyal,Active,2020
CUST-001540,Lina Al-Khalifa,lina.alkhalifa@yahoo.com,9.66536E+12,Medina,Riyadh Region,11/16/2022,Male,55,Loyal,Active,2022
CUST-001541,Maha Al-Faisal,maha.alfaisal@icloud.com,9.66574E+12,Mecca,Hail Region,8/27/2022,Male,23,VIP,Inactive,2022
CUST-001542,Mia Al-Khalifa,mia.alkhalifa@yahoo.com,9.66507E+12,Taif,Najran Region,11/15/2021,Male,49,Regular,Active,2021
CUST-001543,Yang Singh,yang.singh@gmail.com,9.66518E+12,Al-Kharj,Asir Region,2/11/2023,Male,45,VIP,Active,2023
CUST-001544,Pavan Rao,pavan.rao@icloud.com,9.66521E+12,Medina,Al-Jawf Region,3/28/2020,Female,30,Regular,Active,2020
CUST-001545,Lina Al-Khalifa,lina.alkhalifa@gmail.com,9.66524E+12,Tabuk,Asir Region,6/27/2021,Female,47,New,Active,2021
CUST-001546,Lina Zhou,lina.zhou@yahoo.com,9.66503E+12,Tabuk,Hail Region,5/12/2023,Female,27,New,Active,2023
CUST-001547,Emma Gupta,emma.gupta@gmail.com,9.66526E+12,Jeddah,Najran Region,12/18/2021,Female,24,New,Active,2021
CUST-001548,Noura Al-Shehri,noura.alshehri@yahoo.com,9.66562E+12,Yanbu,Asir Region,11/11/2021,Female,63,VIP,Active,2021
CUST-001549,Sara Wu,sara.wu@icloud.com,9.66594E+12,Al-Ahsa,Northern Borders,12/6/2021,Female,35,VIP,Active,2021
CUST-001550,Evelyn Brown,evelyn.brown@gmail.com,9.66536E+12,Buraidah,Northern Borders,3/19/2025,Male,55,New,Active,2025
CUST-001551,Huang Al-Ghamdi,huang.alghamdi@yahoo.com,9.66583E+12,Qassim,Jazan Region,6/4/2024,Male,21,Regular,Inactive,2024
CUST-001552,Yang Jones,yang.jones@yahoo.com,9.66532E+12,Khamis Mushait,Al-Qassim Region,10/30/2020,Male,52,New,Active,2020
CUST-001553,Isabella Chen,isabella.chen@gmail.com,9.66545E+12,Hail,Najran Region,7/11/2021,Male,20,Loyal,Active,2021
CUST-001554,Zhang Brown,zhang.brown@yahoo.com,9.6654E+12,Mecca,Najran Region,8/28/2021,Female,22,Loyal,Inactive,2021
CUST-001555,Fahad Al-Khalifa,fahad.alkhalifa@hotmail.com,9.66573E+12,Taif,Hail Region,5/2/2020,Male,18,New,Active,2020
CUST-001556,Liu Al-Mahmoud,liu.almahmoud@gmail.com,9.66515E+12,Khobar,Al-Bahah Region,11/28/2020,Male,62,Regular,Active,2020
CUST-001557,Li Al-Zahrani,li.alzahrani@outlook.com,9.6659E+12,Najran,Riyadh Region,4/15/2020,Male,40,VIP,Active,2020
CUST-001558,Karan Al-Ahmari,karan.alahmari@icloud.com,9.66545E+12,Taif,Eastern Province,12/14/2020,Male,56,Loyal,Active,2020
CUST-001559,Olivia Liu,olivia.liu@gmail.com,9.66523E+12,Buraidah,Najran Region,6/22/2020,Female,42,Loyal,Active,2020
CUST-001560,Sophia Iyer,sophia.iyer@outlook.com,9.66502E+12,Sakaka,Riyadh Region,1/12/2020,Female,33,Loyal,Active,2020
CUST-001561,Raj Singh,raj.singh@gmail.com,9.66558E+12,Taif,Najran Region,9/6/2021,Female,42,New,Active,2021
CUST-001562,Richard Al-Farsi,richard.alfarsi@hotmail.com,9.66584E+12,Hail,Hail Region,7/19/2020,Female,37,Regular,Inactive,2020
CUST-001563,Robert Al-Mahmoud,robert.almahmoud@gmail.com,9.66582E+12,Jubail,Riyadh Region,7/23/2024,Male,33,Loyal,Inactive,2024
CUST-001564,Zhang Zhou,zhang.zhou@icloud.com,9.66579E+12,Najran,Riyadh Region,11/23/2025,Male,26,New,Active,2025
CUST-001565,Maha Al-Ghamdi,maha.alghamdi@gmail.com,9.66564E+12,Khamis Mushait,Makkah Region,12/7/2025,Male,34,VIP,Active,2025
CUST-001566,Charlotte Wang,charlotte.wang@outlook.com,9.66538E+12,Tabuk,Northern Borders,2/7/2022,Male,43,VIP,Active,2022
CUST-001567,Ibrahim Al-Dosari,ibrahim.aldosari@gmail.com,9.66526E+12,Sakaka,Al-Jawf Region,4/23/2023,Male,51,VIP,Active,2023
CUST-001568,Dana Smith,dana.smith@gmail.com,9.66537E+12,Dammam,Hail Region,12/4/2025,Female,31,New,Active,2025
CUST-001569,Nikhil Miller,nikhil.miller@gmail.com,9.66572E+12,Jizan,Tabuk Region,5/15/2024,Male,40,VIP,Active,2024
CUST-001570,Liu Al-Harbi,liu.alharbi@yahoo.com,9.66564E+12,Najran,Hail Region,2/4/2022,Female,30,New,Active,2022
CUST-001571,Emma Gupta,emma.gupta@hotmail.com,9.66565E+12,Buraidah,Najran Region,12/12/2025,Male,32,New,Active,2025
CUST-001572,Huda Yang,huda.yang@icloud.com,9.66583E+12,Taif,Hail Region,7/3/2021,Female,57,New,Active,2021
CUST-001573,Ali Rodriguez,ali.rodriguez@gmail.com,9.66544E+12,Tabuk,Asir Region,5/5/2022,Female,30,VIP,Inactive,2022
CUST-001574,John Al-Hassan,john.alhassan@gmail.com,9.66564E+12,Dammam,Makkah Region,1/3/2021,Male,63,Loyal,Inactive,2021
CUST-001575,Matthew Al-Mahmoud,matthew.almahmoud@gmail.com,9.66582E+12,Sakaka,Asir Region,9/14/2022,Male,58,Regular,Active,2022
CUST-001576,Noura Al-Malki,noura.almalki@outlook.com,9.66554E+12,Jeddah,Northern Borders,5/22/2020,Male,23,Loyal,Active,2020
CUST-001577,Robert Al-Zahrani,robert.alzahrani@outlook.com,9.66586E+12,Qassim,Al-Bahah Region,11/18/2025,Male,18,Regular,Active,2025
CUST-001578,Chen Al-Otaibi,chen.alotaibi@gmail.com,9.66592E+12,Hail,Northern Borders,4/3/2021,Male,56,New,Active,2021
CUST-001579,Ravi Gupta,ravi.gupta@hotmail.com,9.6658E+12,Jubail,Tabuk Region,3/7/2023,Male,64,Loyal,Active,2023
CUST-001580,Yang Zhou,yang.zhou@yahoo.com,9.66566E+12,Sakaka,Hail Region,7/2/2021,Male,22,VIP,Inactive,2021
CUST-001581,Khalid Al-Ahmari,khalid.alahmari@icloud.com,9.66595E+12,Medina,Najran Region,4/12/2023,Male,32,Loyal,Inactive,2023
CUST-001582,Emma Singh,emma.singh@gmail.com,9.66593E+12,Yanbu,Asir Region,11/29/2021,Male,31,Regular,Active,2021
CUST-001583,Huda Rao,huda.rao@hotmail.com,9.66556E+12,Yanbu,Makkah Region,1/12/2021,Female,20,VIP,Active,2021
CUST-001584,Isabella Chen,isabella.chen@outlook.com,9.66506E+12,Riyadh,Hail Region,8/31/2022,Female,43,Loyal,Active,2022
CUST-001585,Wei Al-Khalifa,wei.alkhalifa@gmail.com,9.66582E+12,Medina,Al-Bahah Region,6/11/2021,Female,19,New,Active,2021
CUST-001586,Liu Al-Ghamdi,liu.alghamdi@icloud.com,9.66536E+12,Jizan,Northern Borders,12/28/2020,Male,42,Regular,Active,2020
CUST-001587,Khalid Kumar,khalid.kumar@yahoo.com,9.66513E+12,Tabuk,Tabuk Region,10/26/2023,Female,21,Loyal,Inactive,2023
CUST-001588,Charlotte Johnson,charlotte.johnson@outlook.com,9.66592E+12,Jubail,Al-Jawf Region,6/10/2025,Female,53,Regular,Inactive,2025
CUST-001589,Noura Liu,noura.liu@hotmail.com,9.66542E+12,Medina,Asir Region,5/30/2023,Male,51,Loyal,Active,2023
CUST-001590,Michael Martinez,michael.martinez@yahoo.com,9.6658E+12,Qassim,Al-Bahah Region,12/5/2025,Male,44,New,Active,2025
CUST-001591,Lina Al-Faisal,lina.alfaisal@hotmail.com,9.66593E+12,Jeddah,Makkah Region,2/26/2024,Female,62,New,Inactive,2024
CUST-001592,Chen Al-Ghamdi,chen.alghamdi@icloud.com,9.66559E+12,Al-Kharj,Al-Bahah Region,9/22/2020,Female,36,Regular,Active,2020
CUST-001593,Sunil Rao,sunil.rao@hotmail.com,9.66593E+12,Jizan,Al-Qassim Region,9/19/2024,Female,60,VIP,Inactive,2024
CUST-001594,Vikram Wu,vikram.wu@icloud.com,9.66572E+12,Khamis Mushait,Tabuk Region,8/17/2021,Female,55,Loyal,Inactive,2021
CUST-001595,Huda Al-Farsi,huda.alfarsi@hotmail.com,9.66592E+12,Buraidah,Riyadh Region,8/11/2025,Female,54,Regular,Active,2025
CUST-001596,Yang Williams,yang.williams@gmail.com,9.66524E+12,Buraidah,Eastern Province,10/26/2024,Female,54,New,Active,2024
CUST-001597,Abigail Al-Mutairi,abigail.almutairi@gmail.com,9.66587E+12,Dammam,Northern Borders,4/27/2021,Female,44,New,Active,2021
CUST-001598,Fatima Al-Khalifa,fatima.alkhalifa@yahoo.com,9.66549E+12,Abha,Najran Region,6/21/2022,Female,60,VIP,Active,2022
CUST-001599,Huang Liu,huang.liu@yahoo.com,9.66581E+12,Buraidah,Riyadh Region,11/12/2023,Female,60,New,Active,2023
CUST-001600,Huang Al-Mutairi,huang.almutairi@icloud.com,9.66597E+12,Hail,Riyadh Region,8/26/2021,Female,55,VIP,Inactive,2021
CUST-001601,Karan Al-Farsi,karan.alfarsi@outlook.com,9.66542E+12,Qassim,Northern Borders,3/29/2024,Female,44,New,Active,2024
CUST-001602,Ahmed Yang,ahmed.yang@outlook.com,9.66562E+12,Dammam,Asir Region,12/4/2025,Female,54,VIP,Active,2025
CUST-001603,Rana Williams,rana.williams@hotmail.com,9.66568E+12,Dammam,Asir Region,6/26/2023,Female,58,New,Active,2023
CUST-001604,Wang Smith,wang.smith@outlook.com,9.66531E+12,Riyadh,Al-Jawf Region,10/5/2025,Female,56,Loyal,Active,2025
CUST-001605,Khalid Al-Ghamdi,khalid.alghamdi@gmail.com,9.66568E+12,Tabuk,Makkah Region,11/28/2020,Male,57,VIP,Active,2020
CUST-001606,Omar Al-Shehri,omar.alshehri@outlook.com,9.66582E+12,Sakaka,Al-Jawf Region,2/17/2023,Male,36,New,Active,2023
CUST-001607,Omar Mehta,omar.mehta@outlook.com,9.66529E+12,Khamis Mushait,Asir Region,12/20/2024,Female,58,Regular,Active,2024
CUST-001608,Amit Sharma,amit.sharma@yahoo.com,9.66545E+12,Riyadh,Jazan Region,12/9/2024,Female,56,VIP,Active,2024
CUST-001609,Sara Al-Ghamdi,sara.alghamdi@outlook.com,9.66526E+12,Yanbu,Al-Jawf Region,6/16/2021,Male,40,New,Inactive,2021
CUST-001610,Li Al-Qahtani,li.alqahtani@outlook.com,9.66576E+12,Jeddah,Eastern Province,9/30/2020,Female,19,Loyal,Inactive,2020
CUST-001611,Karan Chen,karan.chen@hotmail.com,9.66514E+12,Tabuk,Asir Region,2/2/2025,Male,23,Regular,Active,2025
CUST-001612,David Al-Hassan,david.alhassan@yahoo.com,9.66536E+12,Jizan,Makkah Region,3/28/2025,Male,47,New,Active,2025
CUST-001613,Zhang Smith,zhang.smith@gmail.com,9.66519E+12,Khobar,Riyadh Region,4/4/2024,Male,32,Loyal,Active,2024
CUST-001614,Chen Zhang,chen.zhang@hotmail.com,9.66527E+12,Jubail,Najran Region,11/13/2023,Female,25,Regular,Active,2023
CUST-001615,Daniel Al-Shehri,daniel.alshehri@icloud.com,9.66545E+12,Taif,Al-Qassim Region,7/20/2020,Male,55,VIP,Active,2020
CUST-001616,Ibrahim Reddy,ibrahim.reddy@hotmail.com,9.66582E+12,Medina,Northern Borders,2/2/2023,Female,21,Regular,Active,2023
CUST-001617,Noura Al-Dosari,noura.aldosari@hotmail.com,9.66516E+12,Jubail,Najran Region,3/19/2021,Male,47,Loyal,Inactive,2021
CUST-001618,Sara Johnson,sara.johnson@gmail.com,9.66503E+12,Mecca,Jazan Region,1/17/2022,Male,58,Regular,Active,2022
CUST-001619,Isabella Nair,isabella.nair@yahoo.com,9.66598E+12,Hail,Al-Bahah Region,7/5/2025,Female,32,Loyal,Active,2025
CUST-001620,Liu Chen,liu.chen@yahoo.com,9.66518E+12,Khobar,Najran Region,7/28/2023,Female,19,VIP,Active,2023
CUST-001621,Amelia Al-Nasser,amelia.alnasser@outlook.com,9.66508E+12,Al-Kharj,Najran Region,10/21/2024,Female,61,New,Active,2024
CUST-001622,Emma Al-Mutairi,emma.almutairi@gmail.com,9.66568E+12,Abha,Northern Borders,10/23/2025,Male,18,VIP,Active,2025
CUST-001623,Robert Chen,robert.chen@yahoo.com,9.6652E+12,Khobar,Eastern Province,7/6/2022,Female,38,Regular,Active,2022
CUST-001624,William Al-Dosari,william.aldosari@hotmail.com,9.66505E+12,Qassim,Jazan Region,3/5/2021,Female,43,Regular,Active,2021
CUST-001625,Isabella Al-Faisal,isabella.alfaisal@yahoo.com,9.66519E+12,Dammam,Hail Region,6/17/2024,Female,56,New,Inactive,2024
CUST-001626,Harper Chen,harper.chen@hotmail.com,9.66537E+12,Sakaka,Al-Qassim Region,3/28/2023,Male,28,Regular,Active,2023
CUST-001627,Zhang Singh,zhang.singh@gmail.com,9.66594E+12,Qassim,Northern Borders,10/24/2022,Female,59,Regular,Active,2022
CUST-001628,Yang Wu,yang.wu@hotmail.com,9.66598E+12,Qassim,Al-Jawf Region,9/27/2020,Male,36,VIP,Active,2020
CUST-001629,Raj Chen,raj.chen@icloud.com,9.66571E+12,Al-Ahsa,Makkah Region,1/2/2024,Male,33,Loyal,Active,2024
CUST-001630,Robert Wang,robert.wang@yahoo.com,9.6659E+12,Khobar,Riyadh Region,1/25/2025,Female,42,New,Inactive,2025
CUST-001631,Khalid Al-Mahmoud,khalid.almahmoud@outlook.com,9.66579E+12,Qassim,Jazan Region,4/23/2024,Male,57,Loyal,Inactive,2024
CUST-001632,Olivia Al-Hassan,olivia.alhassan@yahoo.com,9.66525E+12,Khamis Mushait,Al-Qassim Region,3/14/2022,Female,65,New,Inactive,2022
CUST-001633,John Al-Dosari,john.aldosari@icloud.com,9.66506E+12,Khobar,Al-Jawf Region,8/30/2022,Female,21,VIP,Active,2022
CUST-001634,Arjun Sharma,arjun.sharma@outlook.com,9.66569E+12,Hail,Al-Jawf Region,2/13/2025,Male,19,New,Active,2025
CUST-001635,Maha Chen,maha.chen@yahoo.com,9.66556E+12,Taif,Tabuk Region,1/17/2022,Female,47,Loyal,Active,2022
CUST-001636,Yousef Patel,yousef.patel@icloud.com,9.66543E+12,Abha,Al-Jawf Region,6/29/2021,Female,43,Regular,Active,2021
CUST-001637,Mia Huang,mia.huang@gmail.com,9.66556E+12,Khobar,Tabuk Region,11/22/2020,Female,29,VIP,Active,2020
CUST-001638,Fatima Singh,fatima.singh@outlook.com,9.66529E+12,Khobar,Northern Borders,6/26/2022,Male,39,VIP,Active,2022
CUST-001639,Lina Zhang,lina.zhang@gmail.com,9.66586E+12,Najran,Hail Region,4/15/2020,Female,51,VIP,Active,2020
CUST-001640,Zhang Yang,zhang.yang@hotmail.com,9.66509E+12,Hail,Jazan Region,3/22/2023,Female,32,New,Active,2023
CUST-001641,Dana Al-Saud,dana.alsaud@icloud.com,9.66518E+12,Al-Kharj,Makkah Region,4/8/2021,Female,56,Loyal,Active,2021
CUST-001642,Omar Williams,omar.williams@icloud.com,9.66559E+12,Abha,Tabuk Region,6/3/2020,Male,41,Regular,Active,2020
CUST-001643,Dana Al-Qahtani,dana.alqahtani@hotmail.com,9.66547E+12,Medina,Hail Region,9/4/2023,Male,24,Regular,Active,2023
CUST-001644,James Zhou,james.zhou@yahoo.com,9.66567E+12,Khamis Mushait,Makkah Region,9/2/2022,Female,46,VIP,Active,2022
CUST-001645,Mohammed Zhou,mohammed.zhou@hotmail.com,9.6653E+12,Medina,Tabuk Region,12/22/2020,Male,40,Regular,Active,2020
CUST-001646,Robert Zhou,robert.zhou@icloud.com,9.66519E+12,Khamis Mushait,Jazan Region,9/3/2020,Male,48,New,Active,2020
CUST-001647,James Al-Malki,james.almalki@yahoo.com,9.66588E+12,Qassim,Hail Region,7/5/2024,Male,26,VIP,Inactive,2024
CUST-001648,Li Al-Jaber,li.aljaber@outlook.com,9.66562E+12,Hail,Al-Qassim Region,9/5/2025,Female,46,Loyal,Active,2025
CUST-001649,Dana Smith,dana.smith@yahoo.com,9.66576E+12,Khamis Mushait,Hail Region,2/19/2023,Female,64,Loyal,Active,2023
CUST-001650,Wei Kumar,wei.kumar@icloud.com,9.66543E+12,Khamis Mushait,Eastern Province,6/1/2023,Male,23,Loyal,Active,2023
CUST-001651,Mohammed Al-Malki,mohammed.almalki@gmail.com,9.66502E+12,Dammam,Tabuk Region,3/5/2024,Male,55,Regular,Active,2024
CUST-001652,Huda Al-Malki,huda.almalki@gmail.com,9.66555E+12,Mecca,Asir Region,1/23/2020,Female,39,Loyal,Active,2020
CUST-001653,Isabella Brown,isabella.brown@outlook.com,9.66583E+12,Medina,Tabuk Region,5/27/2023,Female,51,Loyal,Active,2023
CUST-001654,Harper Zhou,harper.zhou@outlook.com,9.66528E+12,Abha,Northern Borders,1/13/2025,Female,64,VIP,Active,2025
CUST-001655,Ibrahim Al-Khalifa,ibrahim.alkhalifa@gmail.com,9.66526E+12,Khamis Mushait,Al-Bahah Region,11/17/2021,Female,36,Regular,Active,2021
CUST-001656,Isabella Brown,isabella.brown@yahoo.com,9.66582E+12,Dammam,Asir Region,9/14/2020,Male,30,Regular,Active,2020
CUST-001657,Raj Martinez,raj.martinez@icloud.com,9.66512E+12,Jizan,Al-Bahah Region,2/3/2020,Male,51,Regular,Active,2020
CUST-001658,Rana Li,rana.li@yahoo.com,9.66538E+12,Al-Ahsa,Hail Region,4/9/2020,Male,48,Loyal,Inactive,2020
CUST-001659,Sunil Al-Qahtani,sunil.alqahtani@outlook.com,9.66523E+12,Najran,Jazan Region,3/16/2025,Female,34,VIP,Inactive,2025
CUST-001660,Raj Davis,raj.davis@outlook.com,9.66526E+12,Dammam,Al-Qassim Region,5/13/2020,Female,27,New,Inactive,2020
CUST-001661,Chen Al-Jaber,chen.aljaber@outlook.com,9.6657E+12,Qassim,Asir Region,2/22/2021,Female,21,Regular,Active,2021
CUST-001662,Abdullah Al-Faisal,abdullah.alfaisal@outlook.com,9.66522E+12,Al-Ahsa,Al-Jawf Region,5/30/2022,Male,46,Regular,Inactive,2022
CUST-001663,Vikram Zhao,vikram.zhao@yahoo.com,9.66505E+12,Khobar,Eastern Province,9/27/2021,Male,65,Loyal,Active,2021
CUST-001664,Saad Al-Mahmoud,saad.almahmoud@outlook.com,9.6656E+12,Al-Kharj,Makkah Region,5/26/2023,Male,53,Regular,Active,2023
CUST-001665,Huang Smith,huang.smith@hotmail.com,9.66554E+12,Al-Kharj,Najran Region,4/12/2022,Female,53,VIP,Active,2022
CUST-001666,Richard Al-Ahmari,richard.alahmari@outlook.com,9.66578E+12,Abha,Eastern Province,5/29/2024,Female,33,New,Inactive,2024
CUST-001667,Michael Miller,michael.miller@hotmail.com,9.66598E+12,Sakaka,Al-Bahah Region,4/22/2021,Male,46,Loyal,Active,2021
CUST-001668,Fatima Huang,fatima.huang@yahoo.com,9.66572E+12,Khobar,Riyadh Region,9/18/2023,Male,60,Loyal,Inactive,2023
CUST-001669,Zhao Li,zhao.li@gmail.com,9.66538E+12,Hail,Eastern Province,10/26/2025,Male,26,Regular,Active,2025
CUST-001670,Li Al-Dosari,li.aldosari@gmail.com,9.66526E+12,Jizan,Al-Bahah Region,8/10/2020,Male,29,New,Active,2020
CUST-001671,Rana Al-Nasser,rana.alnasser@icloud.com,9.66579E+12,Al-Ahsa,Najran Region,8/24/2025,Female,40,Regular,Active,2025
CUST-001672,Arjun Zhang,arjun.zhang@hotmail.com,9.66524E+12,Qassim,Northern Borders,9/6/2020,Male,30,New,Active,2020
CUST-001673,Dana Garcia,dana.garcia@outlook.com,9.66519E+12,Al-Kharj,Hail Region,3/24/2021,Female,22,VIP,Active,2021
CUST-001674,Noura Al-Mahmoud,noura.almahmoud@icloud.com,9.66511E+12,Dammam,Al-Jawf Region,11/16/2021,Female,60,New,Active,2021
CUST-001675,Dana Williams,dana.williams@outlook.com,9.6655E+12,Khamis Mushait,Asir Region,8/20/2020,Male,18,Loyal,Active,2020
CUST-001676,Fahad Brown,fahad.brown@icloud.com,9.66572E+12,Sakaka,Makkah Region,8/17/2021,Female,21,Regular,Active,2021
CUST-001677,Abdullah Brown,abdullah.brown@yahoo.com,9.66517E+12,Yanbu,Jazan Region,7/25/2021,Male,25,New,Active,2021
CUST-001678,Abdullah Gupta,abdullah.gupta@outlook.com,9.66513E+12,Khobar,Riyadh Region,5/10/2021,Male,46,Regular,Active,2021
CUST-001679,Arjun Al-Khalifa,arjun.alkhalifa@icloud.com,9.66574E+12,Tabuk,Al-Qassim Region,5/26/2022,Male,36,Regular,Active,2022
CUST-001680,Robert Singh,robert.singh@yahoo.com,9.66581E+12,Khobar,Jazan Region,5/19/2023,Male,27,VIP,Active,2023
CUST-001681,Saad Al-Qahtani,saad.alqahtani@hotmail.com,9.66508E+12,Jizan,Al-Jawf Region,11/19/2025,Male,39,New,Inactive,2025
CUST-001682,Arjun Kumar,arjun.kumar@yahoo.com,9.66529E+12,Buraidah,Northern Borders,6/11/2021,Male,55,Regular,Active,2021
CUST-001683,David Al-Mahmoud,david.almahmoud@outlook.com,9.6652E+12,Riyadh,Asir Region,11/15/2023,Male,62,Loyal,Active,2023
CUST-001684,Nikhil Al-Zahrani,nikhil.alzahrani@yahoo.com,9.66573E+12,Dammam,Tabuk Region,2/20/2022,Female,40,VIP,Inactive,2022
CUST-001685,James Gupta,james.gupta@hotmail.com,9.66524E+12,Riyadh,Tabuk Region,11/2/2020,Male,19,Regular,Active,2020
CUST-001686,Wu Al-Ghamdi,wu.alghamdi@outlook.com,9.66516E+12,Sakaka,Eastern Province,5/17/2025,Male,53,Loyal,Active,2025
CUST-001687,Omar Smith,omar.smith@icloud.com,9.66592E+12,Al-Ahsa,Al-Bahah Region,12/15/2020,Female,45,New,Active,2020
CUST-001688,Lina Al-Malki,lina.almalki@yahoo.com,9.66548E+12,Medina,Hail Region,8/1/2023,Female,28,New,Active,2023
CUST-001689,Ravi Al-Hassan,ravi.alhassan@hotmail.com,9.66504E+12,Jeddah,Makkah Region,3/10/2020,Female,43,Loyal,Inactive,2020
CUST-001690,Zhao Al-Jaber,zhao.aljaber@outlook.com,9.66557E+12,Buraidah,Al-Qassim Region,9/22/2020,Female,46,VIP,Active,2020
CUST-001691,Reem Iyer,reem.iyer@yahoo.com,9.66534E+12,Jubail,Makkah Region,7/14/2021,Female,47,Loyal,Active,2021
CUST-001692,Abdullah Al-Harbi,abdullah.alharbi@icloud.com,9.66503E+12,Khamis Mushait,Makkah Region,6/7/2020,Male,19,Loyal,Inactive,2020
CUST-001693,Lina Al-Zahrani,lina.alzahrani@outlook.com,9.66565E+12,Mecca,Jazan Region,10/25/2021,Female,51,New,Inactive,2021
CUST-001694,Ahmed Liu,ahmed.liu@gmail.com,9.66557E+12,Medina,Eastern Province,5/4/2020,Male,39,New,Active,2020
CUST-001695,Fahad Williams,fahad.williams@icloud.com,9.66506E+12,Al-Ahsa,Makkah Region,10/6/2022,Male,47,Regular,Active,2022
CUST-001696,Fahad Al-Ghamdi,fahad.alghamdi@hotmail.com,9.66558E+12,Taif,Jazan Region,5/14/2023,Male,43,Regular,Active,2023
CUST-001697,Sunil Williams,sunil.williams@gmail.com,9.66509E+12,Yanbu,Eastern Province,11/30/2023,Female,46,Loyal,Active,2023
CUST-001698,Evelyn Miller,evelyn.miller@outlook.com,9.66504E+12,Medina,Najran Region,1/23/2020,Female,30,Regular,Inactive,2020
CUST-001699,William Smith,william.smith@outlook.com,9.66547E+12,Jizan,Northern Borders,9/1/2021,Male,40,New,Inactive,2021
CUST-001700,Huda Al-Malki,huda.almalki@outlook.com,9.66501E+12,Jeddah,Tabuk Region,7/8/2024,Female,45,New,Active,2024
CUST-001701,Michael Al-Saud,michael.alsaud@icloud.com,9.66502E+12,Medina,Riyadh Region,1/4/2025,Female,60,Loyal,Active,2025
CUST-001702,Zhao Miller,zhao.miller@gmail.com,9.6651E+12,Taif,Al-Qassim Region,8/24/2022,Male,63,VIP,Inactive,2022
CUST-001703,Ahmed Kumar,ahmed.kumar@yahoo.com,9.66515E+12,Khobar,Riyadh Region,11/12/2022,Male,55,VIP,Inactive,2022
CUST-001704,Chen Li,chen.li@outlook.com,9.66598E+12,Jubail,Al-Jawf Region,7/5/2022,Male,30,Loyal,Inactive,2022
CUST-001705,Daniel Al-Dosari,daniel.aldosari@gmail.com,9.66566E+12,Sakaka,Najran Region,4/13/2023,Male,44,Loyal,Active,2023
CUST-001706,Ibrahim Brown,ibrahim.brown@outlook.com,9.66542E+12,Jubail,Jazan Region,12/26/2022,Male,32,Regular,Active,2022
CUST-001707,Thomas Johnson,thomas.johnson@yahoo.com,9.6659E+12,Al-Kharj,Al-Qassim Region,3/30/2023,Male,57,Loyal,Active,2023
CUST-001708,Khalid Al-Hassan,khalid.alhassan@hotmail.com,9.66527E+12,Dammam,Riyadh Region,5/27/2022,Female,21,Loyal,Inactive,2022
CUST-001709,Zhang Smith,zhang.smith@gmail.com,9.66517E+12,Jeddah,Eastern Province,4/22/2020,Female,24,New,Active,2020
CUST-001710,James Al-Dosari,james.aldosari@icloud.com,9.66598E+12,Sakaka,Najran Region,1/11/2025,Male,25,New,Active,2025
CUST-001711,Mohammed Al-Mahmoud,mohammed.almahmoud@icloud.com,9.66589E+12,Al-Kharj,Tabuk Region,9/12/2025,Male,22,Loyal,Active,2025
CUST-001712,Dana Chen,dana.chen@yahoo.com,9.66523E+12,Al-Ahsa,Hail Region,11/7/2025,Male,54,Loyal,Inactive,2025
CUST-001713,James Rao,james.rao@gmail.com,9.66583E+12,Jeddah,Riyadh Region,11/28/2022,Male,44,Loyal,Active,2022
CUST-001714,Emma Al-Turki,emma.alturki@gmail.com,9.66524E+12,Jizan,Al-Qassim Region,12/14/2020,Female,56,Loyal,Active,2020
CUST-001715,Pavan Al-Faisal,pavan.alfaisal@gmail.com,9.66528E+12,Jubail,Al-Jawf Region,1/12/2023,Male,56,Loyal,Inactive,2023
CUST-001716,Huang Zhang,huang.zhang@yahoo.com,9.66576E+12,Al-Kharj,Al-Jawf Region,5/8/2025,Male,35,New,Inactive,2025
CUST-001717,David Jones,david.jones@gmail.com,9.66542E+12,Al-Kharj,Northern Borders,4/5/2021,Female,45,New,Active,2021
CUST-001718,Huang Yang,huang.yang@yahoo.com,9.66528E+12,Buraidah,Al-Jawf Region,7/7/2022,Female,64,Loyal,Active,2022
CUST-001719,Saad Al-Jaber,saad.aljaber@outlook.com,9.666E+12,Jizan,Eastern Province,4/14/2023,Male,56,Loyal,Active,2023
CUST-001720,Wang Zhou,wang.zhou@outlook.com,9.66568E+12,Abha,Al-Bahah Region,12/20/2022,Female,19,VIP,Active,2022
CUST-001721,Sophia Martinez,sophia.martinez@yahoo.com,9.66517E+12,Riyadh,Eastern Province,10/16/2023,Male,42,Regular,Active,2023
CUST-001722,Wu Patel,wu.patel@icloud.com,9.66539E+12,Yanbu,Tabuk Region,5/27/2021,Male,50,Regular,Active,2021
CUST-001723,Mia Reddy,mia.reddy@icloud.com,9.66584E+12,Sakaka,Riyadh Region,11/20/2024,Male,34,Loyal,Active,2024
CUST-001724,Ibrahim Al-Nasser,ibrahim.alnasser@icloud.com,9.66579E+12,Al-Kharj,Makkah Region,10/6/2024,Male,57,New,Active,2024
CUST-001725,Dana Al-Shehri,dana.alshehri@yahoo.com,9.66519E+12,Abha,Hail Region,10/30/2021,Male,63,Loyal,Active,2021
CUST-001726,Lina Brown,lina.brown@outlook.com,9.66561E+12,Hail,Eastern Province,10/15/2022,Male,34,VIP,Inactive,2022
CUST-001727,Sophia Al-Zahrani,sophia.alzahrani@outlook.com,9.66551E+12,Khobar,Hail Region,2/14/2023,Female,49,Regular,Active,2023
CUST-001728,Abdullah Zhou,abdullah.zhou@gmail.com,9.66565E+12,Jeddah,Asir Region,3/30/2023,Female,19,Loyal,Active,2023
CUST-001729,Zhang Al-Shehri,zhang.alshehri@outlook.com,9.66572E+12,Khamis Mushait,Eastern Province,11/25/2022,Male,52,New,Active,2022
CUST-001730,Matthew Yang,matthew.yang@yahoo.com,9.66515E+12,Mecca,Jazan Region,1/14/2023,Female,51,New,Active,2023
CUST-001731,Wang Kumar,wang.kumar@icloud.com,9.66526E+12,Jizan,Tabuk Region,9/25/2024,Male,62,Loyal,Inactive,2024
CUST-001732,Charlotte Rao,charlotte.rao@hotmail.com,9.66586E+12,Al-Kharj,Tabuk Region,1/4/2021,Female,39,VIP,Active,2021
CUST-001733,Li Al-Turki,li.alturki@gmail.com,9.66513E+12,Sakaka,Eastern Province,1/9/2022,Male,61,Loyal,Active,2022
CUST-001734,Huda Al-Mutairi,huda.almutairi@outlook.com,9.66506E+12,Medina,Makkah Region,4/27/2025,Male,45,New,Active,2025
CUST-001735,Wang Wu,wang.wu@icloud.com,9.66586E+12,Tabuk,Northern Borders,7/11/2023,Male,44,Regular,Active,2023
CUST-001736,Sophia Zhao,sophia.zhao@hotmail.com,9.66556E+12,Sakaka,Riyadh Region,4/1/2024,Female,18,New,Active,2024
CUST-001737,Evelyn Al-Faisal,evelyn.alfaisal@icloud.com,9.66543E+12,Buraidah,Najran Region,10/21/2022,Male,21,VIP,Active,2022
CUST-001738,Robert Al-Dosari,robert.aldosari@hotmail.com,9.66589E+12,Yanbu,Northern Borders,7/30/2025,Female,21,VIP,Active,2025
CUST-001739,Rana Smith,rana.smith@gmail.com,9.66545E+12,Yanbu,Hail Region,6/30/2025,Female,39,New,Inactive,2025
CUST-001740,Daniel Martinez,daniel.martinez@hotmail.com,9.66534E+12,Khamis Mushait,Al-Qassim Region,4/28/2020,Female,26,Regular,Active,2020
CUST-001741,Rana Reddy,rana.reddy@outlook.com,9.6653E+12,Khobar,Northern Borders,10/10/2023,Female,21,New,Active,2023
CUST-001742,Raj Singh,raj.singh@icloud.com,9.66596E+12,Abha,Riyadh Region,2/7/2020,Female,28,Regular,Active,2020
CUST-001743,Fatima Al-Farsi,fatima.alfarsi@hotmail.com,9.66527E+12,Yanbu,Jazan Region,4/25/2025,Female,43,Regular,Active,2025
CUST-001744,Abigail Al-Shehri,abigail.alshehri@outlook.com,9.66502E+12,Mecca,Eastern Province,2/24/2023,Male,23,VIP,Inactive,2023
CUST-001745,Chen Miller,chen.miller@icloud.com,9.6659E+12,Jizan,Riyadh Region,1/26/2020,Male,24,Loyal,Inactive,2020
CUST-001746,Isabella Reddy,isabella.reddy@outlook.com,9.66579E+12,Dammam,Asir Region,11/20/2020,Male,54,VIP,Active,2020
CUST-001747,Wu Al-Rashid,wu.alrashid@hotmail.com,9.66573E+12,Yanbu,Tabuk Region,11/3/2021,Female,22,Regular,Active,2021
CUST-001748,Zhao Smith,zhao.smith@gmail.com,9.66538E+12,Taif,Asir Region,5/14/2025,Female,32,Loyal,Active,2025
CUST-001749,Ravi Zhao,ravi.zhao@outlook.com,9.66582E+12,Al-Ahsa,Najran Region,12/6/2023,Male,41,VIP,Inactive,2023
CUST-001750,Fatima Martinez,fatima.martinez@yahoo.com,9.66518E+12,Abha,Najran Region,8/21/2023,Female,41,VIP,Active,2023
CUST-001751,Ali Al-Dosari,ali.aldosari@outlook.com,9.66545E+12,Najran,Tabuk Region,3/28/2025,Female,65,Regular,Active,2025
CUST-001752,Zhang Al-Shehri,zhang.alshehri@gmail.com,9.66524E+12,Dammam,Al-Bahah Region,1/6/2025,Female,52,Loyal,Inactive,2025
CUST-001753,Amit Al-Qahtani,amit.alqahtani@outlook.com,9.66576E+12,Tabuk,Asir Region,4/17/2023,Male,49,Regular,Active,2023
CUST-001754,Aisha Yang,aisha.yang@icloud.com,9.66563E+12,Mecca,Jazan Region,12/19/2023,Male,59,New,Active,2023
CUST-001755,Evelyn Gupta,evelyn.gupta@yahoo.com,9.66504E+12,Hail,Al-Bahah Region,3/7/2022,Male,42,Regular,Active,2022
CUST-001756,Amit Chen,amit.chen@icloud.com,9.66525E+12,Sakaka,Asir Region,9/17/2023,Male,37,New,Active,2023
CUST-001757,Zhang Al-Mutairi,zhang.almutairi@gmail.com,9.66582E+12,Jizan,Jazan Region,4/26/2025,Female,50,New,Active,2025
CUST-001758,David Johnson,david.johnson@hotmail.com,9.66544E+12,Najran,Tabuk Region,12/8/2022,Female,21,Regular,Inactive,2022
CUST-001759,Yang Sharma,yang.sharma@gmail.com,9.66579E+12,Sakaka,Asir Region,1/18/2025,Male,18,VIP,Active,2025
CUST-001760,Vikram Wu,vikram.wu@gmail.com,9.66528E+12,Al-Ahsa,Najran Region,9/30/2025,Female,52,Loyal,Inactive,2025
CUST-001761,Amelia Zhao,amelia.zhao@outlook.com,9.66598E+12,Khamis Mushait,Eastern Province,9/6/2020,Female,38,Loyal,Inactive,2020
CUST-001762,Ravi Al-Malki,ravi.almalki@outlook.com,9.66515E+12,Al-Ahsa,Al-Jawf Region,7/17/2021,Female,42,Regular,Active,2021
CUST-001763,Li Al-Qahtani,li.alqahtani@icloud.com,9.66586E+12,Taif,Eastern Province,1/1/2023,Male,31,Regular,Inactive,2023
CUST-001764,Daniel Smith,daniel.smith@icloud.com,9.66534E+12,Al-Kharj,Makkah Region,9/10/2021,Male,59,Loyal,Active,2021
CUST-001765,William Smith,william.smith@icloud.com,9.66533E+12,Khamis Mushait,Najran Region,7/21/2020,Male,28,Regular,Active,2020
CUST-001766,Ali Al-Ahmari,ali.alahmari@gmail.com,9.66524E+12,Khobar,Riyadh Region,3/7/2020,Male,62,Loyal,Active,2020
CUST-001767,Thomas Gupta,thomas.gupta@gmail.com,9.66501E+12,Khamis Mushait,Al-Jawf Region,5/23/2025,Female,25,New,Inactive,2025
CUST-001768,Fahad Rodriguez,fahad.rodriguez@yahoo.com,9.66556E+12,Mecca,Tabuk Region,9/9/2020,Male,53,VIP,Active,2020
CUST-001769,Vikram Garcia,vikram.garcia@gmail.com,9.66598E+12,Jeddah,Jazan Region,2/5/2023,Female,53,Regular,Active,2023
CUST-001770,John Martinez,john.martinez@outlook.com,9.66595E+12,Medina,Riyadh Region,1/15/2020,Male,64,New,Active,2020
CUST-001771,Wang Al-Nasser,wang.alnasser@outlook.com,9.66521E+12,Najran,Tabuk Region,9/11/2023,Female,46,New,Active,2023
CUST-001772,Mohammed Al-Mutairi,mohammed.almutairi@gmail.com,9.66567E+12,Jizan,Northern Borders,1/5/2023,Male,22,New,Active,2023
CUST-001773,Zhao Sharma,zhao.sharma@hotmail.com,9.66512E+12,Abha,Tabuk Region,1/7/2020,Female,52,VIP,Active,2020
CUST-001774,William Zhou,william.zhou@icloud.com,9.66549E+12,Jubail,Riyadh Region,11/11/2025,Male,41,Regular,Active,2025
CUST-001775,Richard Yang,richard.yang@yahoo.com,9.66548E+12,Dammam,Northern Borders,12/28/2025,Female,28,Loyal,Inactive,2025
CUST-001776,Matthew Al-Rashid,matthew.alrashid@icloud.com,9.66538E+12,Yanbu,Najran Region,10/31/2025,Male,48,Loyal,Inactive,2025
CUST-001777,Khalid Sharma,khalid.sharma@gmail.com,9.66559E+12,Yanbu,Eastern Province,1/26/2024,Female,22,Loyal,Active,2024
CUST-001778,Mohammed Al-Mutairi,mohammed.almutairi@icloud.com,9.66533E+12,Riyadh,Makkah Region,6/27/2021,Female,62,VIP,Active,2021
CUST-001779,Zhang Al-Saud,zhang.alsaud@icloud.com,9.66599E+12,Khobar,Northern Borders,3/1/2020,Female,23,New,Inactive,2020
CUST-001780,James Al-Malki,james.almalki@gmail.com,9.66576E+12,Hail,Najran Region,7/11/2023,Male,47,Loyal,Active,2023
CUST-001781,Reem Al-Hassan,reem.alhassan@gmail.com,9.66528E+12,Buraidah,Northern Borders,1/27/2022,Male,24,Regular,Active,2022
CUST-001782,Fahad Wu,fahad.wu@icloud.com,9.66563E+12,Yanbu,Tabuk Region,12/26/2021,Male,27,Loyal,Active,2021
CUST-001783,Sophia Zhao,sophia.zhao@gmail.com,9.66572E+12,Taif,Al-Bahah Region,2/9/2024,Female,26,New,Inactive,2024
CUST-001784,David Al-Dosari,david.aldosari@hotmail.com,9.66558E+12,Jeddah,Hail Region,11/17/2024,Male,18,Regular,Active,2024
CUST-001785,Zhang Sharma,zhang.sharma@outlook.com,9.66509E+12,Riyadh,Al-Bahah Region,7/22/2020,Male,58,Loyal,Active,2020
CUST-001786,Wu Al-Hassan,wu.alhassan@hotmail.com,9.66565E+12,Jeddah,Jazan Region,12/4/2021,Male,26,VIP,Active,2021
CUST-001787,Fatima Zhang,fatima.zhang@yahoo.com,9.66589E+12,Hail,Al-Bahah Region,2/20/2023,Male,21,New,Active,2023
CUST-001788,Isabella Al-Faisal,isabella.alfaisal@icloud.com,9.66523E+12,Taif,Al-Bahah Region,1/27/2025,Male,23,Regular,Active,2025
CUST-001789,Khalid Gupta,khalid.gupta@icloud.com,9.66551E+12,Jubail,Makkah Region,8/29/2020,Female,53,New,Active,2020
CUST-001790,Abdullah Huang,abdullah.huang@hotmail.com,9.66509E+12,Khobar,Jazan Region,3/23/2021,Male,38,Regular,Active,2021
CUST-001791,Fahad Al-Khalifa,fahad.alkhalifa@gmail.com,9.66554E+12,Al-Ahsa,Riyadh Region,7/11/2021,Male,20,New,Active,2021
CUST-001792,Khalid Iyer,khalid.iyer@icloud.com,9.66551E+12,Riyadh,Jazan Region,11/16/2022,Male,50,VIP,Inactive,2022
CUST-001793,Sunil Kumar,sunil.kumar@hotmail.com,9.6654E+12,Dammam,Al-Qassim Region,11/7/2025,Female,44,Regular,Active,2025
CUST-001794,David Al-Malki,david.almalki@icloud.com,9.66545E+12,Jubail,Makkah Region,8/20/2024,Male,57,Regular,Active,2024
CUST-001795,Aisha Martinez,aisha.martinez@icloud.com,9.66514E+12,Mecca,Riyadh Region,11/22/2022,Female,20,Regular,Active,2022
CUST-001796,Nikhil Yang,nikhil.yang@icloud.com,9.66564E+12,Khobar,Makkah Region,4/2/2025,Female,31,VIP,Active,2025
CUST-001797,Rana Liu,rana.liu@yahoo.com,9.66553E+12,Yanbu,Najran Region,9/4/2020,Female,35,Loyal,Active,2020
CUST-001798,Sanjay Iyer,sanjay.iyer@outlook.com,9.66539E+12,Qassim,Asir Region,10/26/2022,Female,52,Regular,Inactive,2022
CUST-001799,Dana Johnson,dana.johnson@hotmail.com,9.66536E+12,Buraidah,Northern Borders,7/18/2021,Male,39,VIP,Active,2021
CUST-001800,Daniel Rao,daniel.rao@hotmail.com,9.66506E+12,Najran,Jazan Region,10/6/2023,Female,23,VIP,Active,2023
CUST-001801,Sara Brown,sara.brown@icloud.com,9.66521E+12,Sakaka,Riyadh Region,9/27/2023,Female,24,New,Active,2023
CUST-001802,Raj Al-Mutairi,raj.almutairi@hotmail.com,9.6651E+12,Sakaka,Makkah Region,8/14/2022,Male,23,New,Active,2022
CUST-001803,Nikhil Zhang,nikhil.zhang@outlook.com,9.66519E+12,Riyadh,Eastern Province,9/7/2023,Female,63,Loyal,Active,2023
CUST-001804,Omar Al-Dosari,omar.aldosari@yahoo.com,9.6653E+12,Riyadh,Northern Borders,2/28/2024,Male,38,VIP,Active,2024
CUST-001805,Karan Johnson,karan.johnson@gmail.com,9.6652E+12,Dammam,Eastern Province,11/27/2024,Female,54,VIP,Active,2024
CUST-001806,Ahmed Smith,ahmed.smith@outlook.com,9.66502E+12,Hail,Makkah Region,10/13/2023,Male,64,Regular,Active,2023
CUST-001807,Li Al-Faisal,li.alfaisal@icloud.com,9.66547E+12,Sakaka,Hail Region,5/11/2020,Female,36,New,Active,2020
CUST-001808,Saad Al-Nasser,saad.alnasser@outlook.com,9.66533E+12,Al-Ahsa,Al-Qassim Region,7/21/2020,Female,63,VIP,Active,2020
CUST-001809,Zhao Jones,zhao.jones@gmail.com,9.66501E+12,Jizan,Tabuk Region,6/4/2022,Female,64,New,Active,2022
CUST-001810,Ravi Zhao,ravi.zhao@gmail.com,9.66505E+12,Najran,Eastern Province,5/8/2020,Male,45,New,Inactive,2020
CUST-001811,Abigail Al-Mutairi,abigail.almutairi@hotmail.com,9.66512E+12,Qassim,Tabuk Region,1/19/2021,Male,59,VIP,Inactive,2021
CUST-001812,Abigail Johnson,abigail.johnson@icloud.com,9.66556E+12,Abha,Hail Region,10/26/2023,Male,20,VIP,Active,2023
CUST-001813,Khalid Al-Harbi,khalid.alharbi@gmail.com,9.66568E+12,Al-Kharj,Al-Qassim Region,2/23/2020,Male,43,Loyal,Inactive,2020
CUST-001814,Omar Al-Shehri,omar.alshehri@icloud.com,9.66567E+12,Jubail,Tabuk Region,6/29/2020,Male,48,VIP,Active,2020
CUST-001815,Sunil Brown,sunil.brown@yahoo.com,9.66595E+12,Buraidah,Al-Qassim Region,3/15/2024,Male,19,New,Active,2024
CUST-001816,Olivia Mehta,olivia.mehta@outlook.com,9.66525E+12,Hail,Riyadh Region,6/11/2022,Male,58,VIP,Active,2022
CUST-001817,Khalid Li,khalid.li@yahoo.com,9.66565E+12,Taif,Eastern Province,5/21/2024,Male,36,New,Active,2024
CUST-001818,Mia Miller,mia.miller@yahoo.com,9.66592E+12,Khobar,Al-Jawf Region,9/4/2021,Male,32,VIP,Active,2021
CUST-001819,Zhang Al-Zahrani,zhang.alzahrani@gmail.com,9.66501E+12,Al-Kharj,Riyadh Region,9/23/2024,Male,40,Regular,Active,2024
CUST-001820,Raj Al-Nasser,raj.alnasser@icloud.com,9.66587E+12,Khamis Mushait,Tabuk Region,9/22/2022,Male,27,New,Active,2022
CUST-001821,Robert Reddy,robert.reddy@outlook.com,9.66533E+12,Sakaka,Riyadh Region,2/27/2023,Female,47,VIP,Inactive,2023
CUST-001822,Charlotte Chen,charlotte.chen@outlook.com,9.66559E+12,Khobar,Makkah Region,12/1/2021,Female,37,Regular,Active,2021
CUST-001823,Ali Jones,ali.jones@yahoo.com,9.66563E+12,Riyadh,Al-Bahah Region,8/2/2021,Female,41,VIP,Inactive,2021
CUST-001824,Fatima Al-Shehri,fatima.alshehri@hotmail.com,9.66577E+12,Riyadh,Al-Bahah Region,5/31/2021,Male,46,New,Active,2021
CUST-001825,Li Patel,li.patel@yahoo.com,9.66538E+12,Riyadh,Eastern Province,2/13/2022,Female,62,Regular,Active,2022
CUST-001826,Vikram Wu,vikram.wu@yahoo.com,9.66516E+12,Khamis Mushait,Makkah Region,11/9/2025,Female,64,New,Active,2025
CUST-001827,Amelia Al-Zahrani,amelia.alzahrani@outlook.com,9.66513E+12,Khamis Mushait,Northern Borders,5/16/2022,Female,39,New,Inactive,2022
CUST-001828,Yang Kumar,yang.kumar@icloud.com,9.66577E+12,Khobar,Al-Bahah Region,1/20/2021,Female,53,New,Active,2021
CUST-001829,Pavan Al-Jaber,pavan.aljaber@hotmail.com,9.66537E+12,Qassim,Al-Bahah Region,6/3/2022,Male,53,Loyal,Inactive,2022
CUST-001830,Ibrahim Zhang,ibrahim.zhang@icloud.com,9.66573E+12,Khamis Mushait,Tabuk Region,9/20/2023,Female,21,New,Inactive,2023
CUST-001831,Yousef Smith,yousef.smith@outlook.com,9.66521E+12,Jeddah,Eastern Province,5/25/2022,Female,52,Regular,Active,2022
CUST-001832,Yousef Al-Turki,yousef.alturki@yahoo.com,9.66504E+12,Mecca,Tabuk Region,2/15/2023,Female,35,Regular,Active,2023
CUST-001833,Wu Al-Khalifa,wu.alkhalifa@icloud.com,9.66512E+12,Yanbu,Hail Region,3/14/2022,Male,61,Regular,Active,2022
CUST-001834,Yousef Al-Harbi,yousef.alharbi@yahoo.com,9.66505E+12,Dammam,Asir Region,6/21/2021,Male,63,Loyal,Active,2021
CUST-001835,David Al-Malki,david.almalki@gmail.com,9.66536E+12,Tabuk,Riyadh Region,6/19/2021,Male,44,VIP,Active,2021
CUST-001836,Richard Miller,richard.miller@outlook.com,9.66531E+12,Jeddah,Hail Region,8/3/2022,Female,47,Loyal,Active,2022
CUST-001837,William Zhao,william.zhao@gmail.com,9.66598E+12,Abha,Eastern Province,10/17/2020,Male,59,Regular,Inactive,2020
CUST-001838,Fahad Nair,fahad.nair@gmail.com,9.66575E+12,Jizan,Al-Qassim Region,6/16/2020,Male,55,Regular,Active,2020
CUST-001839,Wei Al-Otaibi,wei.alotaibi@hotmail.com,9.66538E+12,Taif,Makkah Region,5/4/2024,Female,28,Regular,Inactive,2024
CUST-001840,Fahad Williams,fahad.williams@gmail.com,9.66568E+12,Riyadh,Najran Region,8/16/2020,Female,43,VIP,Active,2020
CUST-001841,Wang Reddy,wang.reddy@outlook.com,9.66506E+12,Abha,Al-Bahah Region,6/1/2024,Male,23,Loyal,Active,2024
CUST-001842,James Al-Ghamdi,james.alghamdi@hotmail.com,9.66595E+12,Taif,Tabuk Region,5/28/2020,Female,45,Loyal,Active,2020
CUST-001843,Karan Martinez,karan.martinez@icloud.com,9.66534E+12,Al-Kharj,Northern Borders,11/9/2023,Male,37,Loyal,Active,2023
CUST-001844,Matthew Williams,matthew.williams@yahoo.com,9.66526E+12,Dammam,Northern Borders,4/26/2021,Male,36,Regular,Active,2021
CUST-001845,Noura Nair,noura.nair@yahoo.com,9.6656E+12,Qassim,Al-Bahah Region,8/6/2023,Female,61,Regular,Active,2023
CUST-001846,Karan Zhang,karan.zhang@icloud.com,9.66508E+12,Jubail,Al-Qassim Region,2/5/2021,Female,27,Regular,Active,2021
CUST-001847,Zhao Al-Hassan,zhao.alhassan@gmail.com,9.66599E+12,Jizan,Tabuk Region,6/22/2022,Male,53,VIP,Active,2022
CUST-001848,Yang Al-Malki,yang.almalki@hotmail.com,9.66574E+12,Najran,Al-Jawf Region,8/23/2020,Female,52,Regular,Active,2020
CUST-001849,Huda Miller,huda.miller@yahoo.com,9.66504E+12,Mecca,Makkah Region,2/7/2024,Female,43,New,Active,2024
CUST-001850,Amit Davis,amit.davis@hotmail.com,9.66576E+12,Al-Kharj,Al-Jawf Region,1/5/2023,Female,39,Loyal,Active,2023
CUST-001851,Harper Al-Hassan,harper.alhassan@hotmail.com,9.66554E+12,Najran,Asir Region,11/23/2024,Female,54,Loyal,Active,2024
CUST-001852,William Gupta,william.gupta@icloud.com,9.66586E+12,Mecca,Northern Borders,5/4/2022,Female,26,New,Active,2022
CUST-001853,Michael Rodriguez,michael.rodriguez@hotmail.com,9.66508E+12,Riyadh,Al-Qassim Region,9/22/2023,Female,50,New,Active,2023
CUST-001854,Fatima Al-Nasser,fatima.alnasser@outlook.com,9.66593E+12,Hail,Hail Region,4/10/2024,Female,37,Loyal,Active,2024
CUST-001855,Abdullah Garcia,abdullah.garcia@gmail.com,9.66575E+12,Dammam,Asir Region,2/16/2024,Male,35,Regular,Active,2024
CUST-001856,Abdullah Rodriguez,abdullah.rodriguez@gmail.com,9.6655E+12,Qassim,Al-Qassim Region,3/11/2022,Male,28,Loyal,Active,2022
CUST-001857,Dana Al-Jaber,dana.aljaber@hotmail.com,9.66544E+12,Jeddah,Jazan Region,8/17/2024,Male,60,Loyal,Active,2024
CUST-001858,Saad Al-Dosari,saad.aldosari@gmail.com,9.66508E+12,Medina,Jazan Region,12/14/2025,Female,28,Regular,Active,2025
CUST-001859,Fahad Sharma,fahad.sharma@icloud.com,9.66572E+12,Qassim,Tabuk Region,7/27/2023,Male,31,VIP,Active,2023
CUST-001860,Sanjay Johnson,sanjay.johnson@outlook.com,9.66587E+12,Taif,Tabuk Region,8/2/2025,Male,25,Loyal,Active,2025
CUST-001861,Vikram Smith,vikram.smith@gmail.com,9.66587E+12,Hail,Al-Bahah Region,8/27/2021,Male,46,Loyal,Active,2021
CUST-001862,Yousef Huang,yousef.huang@outlook.com,9.66565E+12,Yanbu,Asir Region,3/9/2022,Female,18,New,Active,2022
CUST-001863,Zhao Al-Ghamdi,zhao.alghamdi@gmail.com,9.66553E+12,Al-Ahsa,Najran Region,9/14/2020,Male,41,VIP,Inactive,2020
CUST-001864,Arjun Al-Harbi,arjun.alharbi@gmail.com,9.66503E+12,Jubail,Al-Jawf Region,12/30/2021,Male,22,VIP,Active,2021
CUST-001865,John Mehta,john.mehta@yahoo.com,9.66517E+12,Riyadh,Al-Qassim Region,5/18/2023,Male,54,New,Active,2023
CUST-001866,Pavan Reddy,pavan.reddy@icloud.com,9.66518E+12,Khobar,Riyadh Region,3/23/2022,Male,30,Loyal,Inactive,2022
CUST-001867,David Patel,david.patel@yahoo.com,9.66586E+12,Khobar,Al-Bahah Region,4/19/2020,Male,54,Loyal,Active,2020
CUST-001868,David Al-Malki,david.almalki@hotmail.com,9.66596E+12,Tabuk,Asir Region,8/30/2021,Male,27,Loyal,Active,2021
CUST-001869,Ravi Zhou,ravi.zhou@yahoo.com,9.66589E+12,Sakaka,Eastern Province,1/6/2020,Female,41,Loyal,Active,2020
CUST-001870,Wei Patel,wei.patel@yahoo.com,9.66524E+12,Yanbu,Northern Borders,12/22/2020,Female,20,Loyal,Active,2020
CUST-001871,Fahad Al-Ghamdi,fahad.alghamdi@icloud.com,9.66572E+12,Khamis Mushait,Eastern Province,5/12/2024,Female,25,Regular,Active,2024
CUST-001872,Robert Al-Harbi,robert.alharbi@gmail.com,9.66508E+12,Medina,Eastern Province,6/11/2024,Male,40,Regular,Inactive,2024
CUST-001873,Karan Yang,karan.yang@yahoo.com,9.66518E+12,Yanbu,Al-Bahah Region,12/9/2022,Female,43,Loyal,Active,2022
CUST-001874,John Rao,john.rao@hotmail.com,9.66523E+12,Tabuk,Asir Region,9/17/2021,Male,28,New,Active,2021
CUST-001875,Pavan Wu,pavan.wu@hotmail.com,9.66543E+12,Najran,Najran Region,9/23/2021,Male,29,VIP,Active,2021
CUST-001876,Omar Gupta,omar.gupta@yahoo.com,9.66596E+12,Tabuk,Hail Region,7/20/2020,Female,33,Loyal,Active,2020
CUST-001877,Khalid Al-Faisal,khalid.alfaisal@gmail.com,9.66582E+12,Taif,Northern Borders,7/7/2025,Female,24,Regular,Active,2025
CUST-001878,Olivia Al-Turki,olivia.alturki@hotmail.com,9.66539E+12,Buraidah,Makkah Region,8/19/2023,Male,18,New,Active,2023
CUST-001879,Nikhil Gupta,nikhil.gupta@yahoo.com,9.6657E+12,Jeddah,Najran Region,3/20/2023,Female,32,Loyal,Active,2023
CUST-001880,Robert Al-Shehri,robert.alshehri@hotmail.com,9.66547E+12,Jeddah,Hail Region,7/28/2023,Female,54,New,Active,2023
CUST-001881,Wu Al-Saud,wu.alsaud@gmail.com,9.66552E+12,Yanbu,Al-Bahah Region,1/1/2023,Male,22,VIP,Active,2023
CUST-001882,Thomas Davis,thomas.davis@gmail.com,9.666E+12,Mecca,Al-Qassim Region,3/19/2024,Male,55,VIP,Active,2024
CUST-001883,Charlotte Li,charlotte.li@hotmail.com,9.66522E+12,Jubail,Riyadh Region,7/15/2021,Male,34,Regular,Active,2021
CUST-001884,Sara Al-Turki,sara.alturki@gmail.com,9.66519E+12,Jubail,Makkah Region,7/10/2021,Male,27,VIP,Active,2021
CUST-001885,Aisha Huang,aisha.huang@yahoo.com,9.66569E+12,Jizan,Jazan Region,12/18/2025,Female,43,New,Inactive,2025
CUST-001886,Isabella Wang,isabella.wang@yahoo.com,9.66513E+12,Yanbu,Jazan Region,6/4/2025,Male,23,Regular,Active,2025
CUST-001887,Daniel Al-Faisal,daniel.alfaisal@outlook.com,9.66507E+12,Hail,Al-Bahah Region,12/12/2025,Female,59,Loyal,Active,2025
CUST-001888,Huda Al-Saud,huda.alsaud@yahoo.com,9.66595E+12,Tabuk,Makkah Region,1/10/2021,Female,39,VIP,Active,2021
CUST-001889,Mohammed Zhang,mohammed.zhang@icloud.com,9.66553E+12,Abha,Makkah Region,8/15/2021,Male,28,New,Inactive,2021
CUST-001890,Khalid Patel,khalid.patel@gmail.com,9.66558E+12,Jizan,Tabuk Region,3/4/2023,Female,36,Loyal,Active,2023
CUST-001891,Sunil Al-Ghamdi,sunil.alghamdi@gmail.com,9.66527E+12,Qassim,Jazan Region,6/8/2024,Female,37,Loyal,Active,2024
CUST-001892,William Martinez,william.martinez@icloud.com,9.66579E+12,Al-Ahsa,Tabuk Region,12/30/2020,Female,30,Loyal,Active,2020
CUST-001893,Thomas Al-Mutairi,thomas.almutairi@gmail.com,9.66545E+12,Jeddah,Riyadh Region,7/23/2024,Male,40,VIP,Active,2024
CUST-001894,Emma Williams,emma.williams@gmail.com,9.66596E+12,Taif,Al-Qassim Region,10/13/2024,Male,47,Loyal,Active,2024
CUST-001895,Abdullah Al-Saud,abdullah.alsaud@icloud.com,9.66553E+12,Al-Kharj,Al-Bahah Region,4/6/2024,Male,38,Regular,Active,2024
CUST-001896,Ravi Sharma,ravi.sharma@icloud.com,9.66571E+12,Khobar,Hail Region,12/3/2023,Male,28,Regular,Active,2023
CUST-001897,Richard Al-Dosari,richard.aldosari@yahoo.com,9.66565E+12,Abha,Makkah Region,7/10/2023,Female,51,VIP,Inactive,2023
CUST-001898,William Patel,william.patel@hotmail.com,9.6657E+12,Yanbu,Asir Region,5/7/2023,Female,34,VIP,Active,2023
CUST-001899,Dana Al-Hassan,dana.alhassan@hotmail.com,9.66515E+12,Sakaka,Makkah Region,6/8/2024,Male,56,Regular,Active,2024
CUST-001900,Maha Zhao,maha.zhao@outlook.com,9.66544E+12,Al-Kharj,Tabuk Region,8/6/2024,Female,19,Regular,Active,2024
CUST-001901,Lina Al-Ghamdi,lina.alghamdi@icloud.com,9.66558E+12,Yanbu,Eastern Province,5/7/2025,Male,54,VIP,Active,2025
CUST-001902,Huda Smith,huda.smith@gmail.com,9.66509E+12,Al-Ahsa,Eastern Province,9/7/2020,Male,25,Loyal,Active,2020
CUST-001903,Emma Kumar,emma.kumar@hotmail.com,9.66586E+12,Tabuk,Tabuk Region,8/17/2024,Female,39,Loyal,Inactive,2024
CUST-001904,Yousef Al-Jaber,yousef.aljaber@yahoo.com,9.66504E+12,Riyadh,Riyadh Region,5/21/2023,Female,54,Loyal,Active,2023
CUST-001905,Robert Al-Shehri,robert.alshehri@yahoo.com,9.66594E+12,Al-Kharj,Riyadh Region,4/22/2020,Male,65,VIP,Active,2020
CUST-001906,Yousef Al-Jaber,yousef.aljaber@gmail.com,9.66537E+12,Hail,Northern Borders,12/30/2023,Female,30,VIP,Inactive,2023
CUST-001907,Michael Al-Saud,michael.alsaud@outlook.com,9.66508E+12,Yanbu,Makkah Region,6/13/2022,Male,34,VIP,Inactive,2022
CUST-001908,Dana Williams,dana.williams@hotmail.com,9.66556E+12,Jizan,Asir Region,12/12/2020,Male,32,VIP,Active,2020
CUST-001909,Yang Brown,yang.brown@hotmail.com,9.66524E+12,Yanbu,Eastern Province,7/9/2021,Male,33,Regular,Active,2021
CUST-001910,Matthew Rodriguez,matthew.rodriguez@yahoo.com,9.66546E+12,Tabuk,Al-Jawf Region,3/17/2021,Male,37,Regular,Active,2021
CUST-001911,Sunil Zhao,sunil.zhao@outlook.com,9.6659E+12,Jizan,Najran Region,4/24/2020,Male,53,VIP,Active,2020
CUST-001912,Amelia Davis,amelia.davis@outlook.com,9.66592E+12,Dammam,Al-Jawf Region,1/2/2021,Female,46,VIP,Active,2021
CUST-001913,Matthew Miller,matthew.miller@yahoo.com,9.66505E+12,Tabuk,Hail Region,8/27/2020,Male,32,VIP,Active,2020
CUST-001914,Sara Smith,sara.smith@icloud.com,9.66595E+12,Yanbu,Northern Borders,10/17/2023,Male,46,VIP,Active,2023
CUST-001915,Aisha Williams,aisha.williams@yahoo.com,9.66583E+12,Sakaka,Asir Region,2/8/2020,Male,19,Regular,Active,2020
CUST-001916,William Huang,william.huang@gmail.com,9.66534E+12,Riyadh,Asir Region,3/30/2020,Male,30,VIP,Active,2020
CUST-001917,Matthew Rao,matthew.rao@gmail.com,9.6652E+12,Yanbu,Jazan Region,2/4/2024,Male,46,Loyal,Active,2024
CUST-001918,Nikhil Wang,nikhil.wang@icloud.com,9.66596E+12,Hail,Asir Region,8/20/2020,Male,35,VIP,Active,2020
CUST-001919,Omar Al-Qahtani,omar.alqahtani@yahoo.com,9.66539E+12,Qassim,Tabuk Region,6/20/2025,Male,33,New,Active,2025
CUST-001920,Maha Al-Hassan,maha.alhassan@yahoo.com,9.66503E+12,Qassim,Tabuk Region,2/20/2025,Male,55,New,Active,2025
CUST-001921,Matthew Al-Hassan,matthew.alhassan@yahoo.com,9.6653E+12,Dammam,Tabuk Region,8/1/2020,Female,21,Loyal,Active,2020
CUST-001922,Zhao Miller,zhao.miller@icloud.com,9.66572E+12,Jubail,Al-Jawf Region,7/21/2025,Female,34,Loyal,Active,2025
CUST-001923,Abigail Wu,abigail.wu@yahoo.com,9.66542E+12,Jizan,Hail Region,7/20/2022,Female,27,Loyal,Active,2022
CUST-001924,Michael Zhang,michael.zhang@gmail.com,9.66523E+12,Hail,Al-Qassim Region,6/13/2020,Female,42,Loyal,Inactive,2020
CUST-001925,Reem Al-Hassan,reem.alhassan@hotmail.com,9.66583E+12,Abha,Jazan Region,10/17/2022,Male,46,New,Active,2022
CUST-001926,Saad Al-Malki,saad.almalki@gmail.com,9.66512E+12,Medina,Najran Region,2/18/2025,Male,33,VIP,Inactive,2025
CUST-001927,Richard Al-Khalifa,richard.alkhalifa@icloud.com,9.6651E+12,Mecca,Jazan Region,7/21/2020,Female,36,New,Active,2020
CUST-001928,Evelyn Al-Farsi,evelyn.alfarsi@hotmail.com,9.66519E+12,Sakaka,Al-Qassim Region,10/28/2022,Female,29,VIP,Active,2022
CUST-001929,Olivia Al-Zahrani,olivia.alzahrani@yahoo.com,9.66523E+12,Jubail,Northern Borders,11/8/2022,Male,32,Loyal,Active,2022
CUST-001930,Sara Al-Otaibi,sara.alotaibi@hotmail.com,9.66543E+12,Dammam,Makkah Region,3/18/2024,Male,42,VIP,Active,2024
CUST-001931,Harper Al-Faisal,harper.alfaisal@outlook.com,9.66534E+12,Riyadh,Al-Bahah Region,3/11/2022,Male,36,VIP,Active,2022
CUST-001932,Daniel Al-Otaibi,daniel.alotaibi@hotmail.com,9.66588E+12,Jubail,Najran Region,9/16/2023,Male,35,Loyal,Active,2023
CUST-001933,Li Smith,li.smith@gmail.com,9.66559E+12,Jizan,Najran Region,12/1/2023,Male,57,VIP,Active,2023
CUST-001934,Wei Al-Dosari,wei.aldosari@outlook.com,9.66574E+12,Sakaka,Al-Bahah Region,1/14/2022,Female,45,Regular,Active,2022
CUST-001935,Yang Wu,yang.wu@hotmail.com,9.66564E+12,Taif,Eastern Province,1/26/2025,Female,48,VIP,Active,2025
CUST-001936,Sara Patel,sara.patel@icloud.com,9.66521E+12,Yanbu,Makkah Region,6/23/2024,Female,52,New,Active,2024
CUST-001937,Li Wu,li.wu@yahoo.com,9.6651E+12,Najran,Al-Qassim Region,10/7/2021,Male,55,VIP,Active,2021
CUST-001938,Khalid Kumar,khalid.kumar@outlook.com,9.66532E+12,Dammam,Al-Qassim Region,7/25/2023,Female,60,Loyal,Active,2023
CUST-001939,Thomas Garcia,thomas.garcia@outlook.com,9.6653E+12,Yanbu,Eastern Province,4/30/2023,Male,20,Loyal,Active,2023
CUST-001940,Khalid Singh,khalid.singh@hotmail.com,9.66598E+12,Riyadh,Al-Jawf Region,10/23/2023,Male,30,Regular,Active,2023
CUST-001941,Lina Al-Faisal,lina.alfaisal@icloud.com,9.66502E+12,Taif,Al-Qassim Region,12/29/2025,Male,63,Regular,Active,2025
CUST-001942,Chen Al-Faisal,chen.alfaisal@gmail.com,9.66523E+12,Medina,Eastern Province,11/8/2020,Female,65,VIP,Inactive,2020
CUST-001943,Arjun Al-Ahmari,arjun.alahmari@hotmail.com,9.66583E+12,Yanbu,Najran Region,9/4/2024,Female,43,VIP,Active,2024
CUST-001944,Saad Al-Nasser,saad.alnasser@icloud.com,9.66518E+12,Hail,Tabuk Region,8/27/2020,Female,37,VIP,Active,2020
CUST-001945,Wang Al-Dosari,wang.aldosari@gmail.com,9.66506E+12,Khobar,Al-Qassim Region,8/20/2025,Female,46,Loyal,Active,2025
CUST-001946,Wang Kumar,wang.kumar@icloud.com,9.66556E+12,Jizan,Tabuk Region,6/23/2024,Female,65,New,Inactive,2024
CUST-001947,Thomas Al-Mahmoud,thomas.almahmoud@yahoo.com,9.66535E+12,Khobar,Makkah Region,7/31/2021,Female,27,Regular,Active,2021
CUST-001948,Aisha Johnson,aisha.johnson@gmail.com,9.66542E+12,Jeddah,Tabuk Region,10/30/2021,Female,52,Regular,Active,2021
CUST-001949,Reem Al-Mahmoud,reem.almahmoud@outlook.com,9.66589E+12,Medina,Makkah Region,4/13/2025,Female,27,Loyal,Inactive,2025
CUST-001950,Abigail Wu,abigail.wu@icloud.com,9.66549E+12,Khamis Mushait,Makkah Region,10/20/2021,Male,25,New,Active,2021
CUST-001951,Lina Iyer,lina.iyer@outlook.com,9.66561E+12,Khobar,Al-Bahah Region,1/9/2020,Male,18,VIP,Active,2020
CUST-001952,Sanjay Smith,sanjay.smith@icloud.com,9.66554E+12,Qassim,Northern Borders,2/11/2022,Male,18,VIP,Active,2022
CUST-001953,John Johnson,john.johnson@hotmail.com,9.66538E+12,Abha,Najran Region,1/8/2020,Female,53,Regular,Active,2020
CUST-001954,Wang Zhou,wang.zhou@yahoo.com,9.66599E+12,Jeddah,Riyadh Region,1/21/2025,Female,52,Loyal,Active,2025
CUST-001955,Chen Mehta,chen.mehta@outlook.com,9.66534E+12,Khobar,Najran Region,4/27/2022,Female,61,Regular,Active,2022
CUST-001956,Chen Wang,chen.wang@outlook.com,9.66518E+12,Hail,Al-Jawf Region,4/12/2021,Female,29,Loyal,Active,2021
CUST-001957,Saad Garcia,saad.garcia@outlook.com,9.66585E+12,Medina,Riyadh Region,10/31/2020,Male,27,Regular,Active,2020
CUST-001958,Huang Jones,huang.jones@icloud.com,9.66522E+12,Qassim,Najran Region,7/5/2022,Female,29,Loyal,Inactive,2022
CUST-001959,Amit Al-Shehri,amit.alshehri@icloud.com,9.66575E+12,Riyadh,Northern Borders,5/29/2025,Female,42,New,Active,2025
CUST-001960,Thomas Al-Nasser,thomas.alnasser@hotmail.com,9.66593E+12,Riyadh,Al-Jawf Region,11/10/2025,Male,59,VIP,Active,2025
CUST-001961,Nikhil Al-Shehri,nikhil.alshehri@icloud.com,9.66527E+12,Sakaka,Jazan Region,8/5/2024,Male,47,New,Active,2024
CUST-001962,Harper Nair,harper.nair@icloud.com,9.6659E+12,Abha,Najran Region,5/9/2023,Female,60,Loyal,Active,2023
CUST-001963,Sanjay Al-Dosari,sanjay.aldosari@gmail.com,9.66526E+12,Jizan,Hail Region,6/23/2024,Female,28,VIP,Inactive,2024
CUST-001964,Wang Al-Zahrani,wang.alzahrani@yahoo.com,9.66557E+12,Tabuk,Tabuk Region,9/8/2025,Male,39,VIP,Active,2025
CUST-001965,Evelyn Davis,evelyn.davis@outlook.com,9.66507E+12,Buraidah,Eastern Province,4/2/2020,Female,35,Loyal,Active,2020
CUST-001966,Pavan Zhou,pavan.zhou@outlook.com,9.66569E+12,Buraidah,Makkah Region,11/28/2024,Female,49,New,Inactive,2024
CUST-001967,Ahmed Yang,ahmed.yang@icloud.com,9.66575E+12,Jubail,Tabuk Region,12/12/2023,Female,43,VIP,Active,2023
CUST-001968,Sophia Williams,sophia.williams@icloud.com,9.66585E+12,Medina,Northern Borders,3/7/2025,Male,36,Loyal,Inactive,2025
CUST-001969,Raj Singh,raj.singh@yahoo.com,9.66569E+12,Qassim,Najran Region,3/13/2021,Female,36,New,Active,2021
CUST-001970,Reem Kumar,reem.kumar@gmail.com,9.66593E+12,Khamis Mushait,Northern Borders,2/10/2020,Female,28,New,Active,2020
CUST-001971,Sara Reddy,sara.reddy@yahoo.com,9.66572E+12,Jizan,Northern Borders,4/2/2023,Male,19,Regular,Active,2023
CUST-001972,Mia Miller,mia.miller@hotmail.com,9.66582E+12,Abha,Riyadh Region,2/17/2022,Male,39,Loyal,Active,2022
CUST-001973,Arjun Chen,arjun.chen@icloud.com,9.66539E+12,Sakaka,Al-Bahah Region,4/24/2025,Female,65,New,Inactive,2025
CUST-001974,David Nair,david.nair@yahoo.com,9.66503E+12,Al-Ahsa,Hail Region,2/22/2020,Male,18,Regular,Active,2020
CUST-001975,Karan Patel,karan.patel@outlook.com,9.66562E+12,Al-Kharj,Al-Qassim Region,12/28/2023,Male,19,VIP,Active,2023
CUST-001976,Reem Al-Zahrani,reem.alzahrani@icloud.com,9.66549E+12,Tabuk,Jazan Region,4/20/2023,Female,46,New,Inactive,2023
CUST-001977,Pavan Wang,pavan.wang@gmail.com,9.66518E+12,Jubail,Eastern Province,8/24/2024,Male,19,New,Active,2024
CUST-001978,Thomas Sharma,thomas.sharma@gmail.com,9.66504E+12,Taif,Tabuk Region,5/26/2023,Female,26,New,Active,2023
CUST-001979,Emma Davis,emma.davis@hotmail.com,9.66568E+12,Jizan,Hail Region,11/6/2021,Female,20,Loyal,Active,2021
CUST-001980,Wei Al-Jaber,wei.aljaber@yahoo.com,9.66515E+12,Najran,Al-Qassim Region,11/21/2024,Female,26,VIP,Active,2024
CUST-001981,Nikhil Johnson,nikhil.johnson@yahoo.com,9.66523E+12,Sakaka,Riyadh Region,9/20/2023,Male,31,VIP,Active,2023
CUST-001982,Wei Al-Otaibi,wei.alotaibi@hotmail.com,9.66575E+12,Jubail,Northern Borders,5/28/2023,Female,61,VIP,Active,2023
CUST-001983,Evelyn Jones,evelyn.jones@icloud.com,9.66565E+12,Khobar,Makkah Region,8/7/2022,Male,38,New,Active,2022
CUST-001984,Wang Al-Qahtani,wang.alqahtani@yahoo.com,9.66545E+12,Najran,Asir Region,2/20/2021,Male,62,New,Active,2021
CUST-001985,Sanjay Garcia,sanjay.garcia@outlook.com,9.6653E+12,Khobar,Makkah Region,10/5/2020,Female,33,Regular,Active,2020
CUST-001986,Olivia Smith,olivia.smith@outlook.com,9.66548E+12,Qassim,Al-Bahah Region,10/6/2022,Female,53,VIP,Active,2022
CUST-001987,Charlotte Kumar,charlotte.kumar@yahoo.com,9.66529E+12,Buraidah,Eastern Province,11/19/2023,Male,63,VIP,Active,2023
CUST-001988,William Al-Ahmari,william.alahmari@icloud.com,9.66558E+12,Najran,Al-Qassim Region,12/10/2020,Female,22,New,Active,2020
CUST-001989,Zhao Al-Ghamdi,zhao.alghamdi@icloud.com,9.66506E+12,Buraidah,Al-Qassim Region,1/14/2021,Female,46,Loyal,Active,2021
CUST-001990,Maha Wang,maha.wang@yahoo.com,9.6656E+12,Tabuk,Hail Region,8/1/2021,Female,46,VIP,Active,2021
CUST-001991,Wang Mehta,wang.mehta@gmail.com,9.66559E+12,Buraidah,Al-Bahah Region,2/24/2025,Male,34,VIP,Inactive,2025
CUST-001992,Noura Al-Harbi,noura.alharbi@hotmail.com,9.66538E+12,Khamis Mushait,Najran Region,5/4/2020,Male,30,New,Inactive,2020
CUST-001993,Noura Nair,noura.nair@gmail.com,9.66514E+12,Abha,Al-Jawf Region,11/4/2025,Male,45,New,Inactive,2025
CUST-001994,Emma Zhang,emma.zhang@icloud.com,9.66528E+12,Mecca,Hail Region,12/14/2021,Female,52,Loyal,Active,2021
CUST-001995,Ahmed Rodriguez,ahmed.rodriguez@icloud.com,9.66563E+12,Hail,Al-Jawf Region,9/13/2020,Female,29,New,Active,2020
CUST-001996,Ravi Martinez,ravi.martinez@outlook.com,9.6656E+12,Tabuk,Hail Region,7/16/2022,Female,50,New,Active,2022
CUST-001997,Sophia Huang,sophia.huang@gmail.com,9.66557E+12,Jubail,Asir Region,4/13/2023,Female,42,Loyal,Active,2023
CUST-001998,Sanjay Wang,sanjay.wang@outlook.com,9.66563E+12,Al-Kharj,Northern Borders,9/24/2020,Female,32,Regular,Active,2020
CUST-001999,Yousef Zhao,yousef.zhao@icloud.com,9.66594E+12,Jizan,Al-Jawf Region,10/27/2024,Female,39,New,Inactive,2024
CUST-002000,Harper Huang,harper.huang@icloud.com,9.66501E+12,Medina,Riyadh Region,12/20/2025,Female,48,Regular,Inactive,2025
CUST-002001,Mohammed Chen,mohammed.chen@yahoo.com,9.66553E+12,Medina,Al-Bahah Region,12/14/2020,Female,60,VIP,Active,2020
CUST-002002,Sara Al-Faisal,sara.alfaisal@hotmail.com,9.66565E+12,Khamis Mushait,Najran Region,5/3/2023,Female,55,VIP,Active,2023
CUST-002003,Sara Yang,sara.yang@hotmail.com,9.66575E+12,Al-Kharj,Hail Region,10/30/2025,Male,51,New,Inactive,2025
CUST-002004,Omar Johnson,omar.johnson@yahoo.com,9.66517E+12,Al-Kharj,Jazan Region,10/30/2020,Male,37,Regular,Inactive,2020
CUST-002005,Zhao Rao,zhao.rao@gmail.com,9.66571E+12,Hail,Al-Qassim Region,12/7/2025,Female,34,VIP,Active,2025
CUST-002006,Wei Davis,wei.davis@yahoo.com,9.66568E+12,Khobar,Najran Region,5/21/2024,Male,23,Regular,Active,2024
CUST-002007,Raj Al-Otaibi,raj.alotaibi@yahoo.com,9.66588E+12,Hail,Northern Borders,4/12/2021,Male,54,Regular,Inactive,2021
CUST-002008,Olivia Chen,olivia.chen@gmail.com,9.66546E+12,Al-Kharj,Riyadh Region,4/2/2020,Male,24,Loyal,Active,2020
CUST-002009,Amelia Al-Ghamdi,amelia.alghamdi@hotmail.com,9.66553E+12,Qassim,Northern Borders,9/28/2024,Male,32,VIP,Active,2024
CUST-002010,Raj Al-Turki,raj.alturki@hotmail.com,9.66588E+12,Riyadh,Al-Bahah Region,3/18/2025,Male,60,VIP,Active,2025
CUST-002011,Yousef Al-Dosari,yousef.aldosari@outlook.com,9.66503E+12,Medina,Al-Qassim Region,9/14/2022,Male,18,Regular,Inactive,2022
CUST-002012,Yousef Huang,yousef.huang@outlook.com,9.66543E+12,Hail,Hail Region,5/11/2021,Male,64,Loyal,Active,2021
CUST-002013,Amelia Al-Ghamdi,amelia.alghamdi@icloud.com,9.66558E+12,Medina,Najran Region,5/18/2021,Male,36,VIP,Active,2021
CUST-002014,Yang Al-Malki,yang.almalki@hotmail.com,9.66537E+12,Tabuk,Northern Borders,10/12/2020,Female,62,Loyal,Active,2020
CUST-002015,Robert Al-Nasser,robert.alnasser@outlook.com,9.66527E+12,Mecca,Asir Region,11/29/2023,Female,54,Regular,Active,2023
CUST-002016,David Garcia,david.garcia@icloud.com,9.66501E+12,Hail,Najran Region,8/10/2023,Female,23,VIP,Active,2023
CUST-002017,Daniel Al-Turki,daniel.alturki@yahoo.com,9.6652E+12,Hail,Northern Borders,3/18/2024,Male,55,Loyal,Inactive,2024
CUST-002018,Fatima Patel,fatima.patel@hotmail.com,9.66512E+12,Jizan,Tabuk Region,10/5/2022,Female,61,New,Active,2022
CUST-002019,Wang Zhang,wang.zhang@yahoo.com,9.66578E+12,Khobar,Jazan Region,4/25/2020,Male,52,Loyal,Active,2020
CUST-002020,Richard Al-Rashid,richard.alrashid@hotmail.com,9.66535E+12,Khobar,Najran Region,12/2/2020,Female,34,VIP,Active,2020
CUST-002021,Chen Al-Hassan,chen.alhassan@outlook.com,9.66511E+12,Medina,Al-Qassim Region,3/6/2025,Female,58,Regular,Active,2025
CUST-002022,Mia Al-Saud,mia.alsaud@hotmail.com,9.66565E+12,Jeddah,Hail Region,5/24/2021,Male,30,New,Active,2021
CUST-002023,Olivia Brown,olivia.brown@gmail.com,9.66543E+12,Jubail,Northern Borders,5/4/2022,Female,26,New,Active,2022
CUST-002024,Raj Miller,raj.miller@hotmail.com,9.66573E+12,Khamis Mushait,Al-Qassim Region,7/30/2022,Female,31,New,Inactive,2022
CUST-002025,Richard Huang,richard.huang@gmail.com,9.66568E+12,Jizan,Tabuk Region,1/15/2020,Male,29,VIP,Inactive,2020
CUST-002026,Sophia Mehta,sophia.mehta@hotmail.com,9.66556E+12,Medina,Al-Bahah Region,8/29/2022,Female,52,Loyal,Active,2022
CUST-002027,Zhang Li,zhang.li@gmail.com,9.66575E+12,Tabuk,Riyadh Region,10/6/2024,Male,24,Loyal,Active,2024
CUST-002028,Nikhil Al-Mahmoud,nikhil.almahmoud@gmail.com,9.66535E+12,Tabuk,Al-Qassim Region,8/25/2025,Male,50,Loyal,Active,2025
CUST-002029,Charlotte Wang,charlotte.wang@outlook.com,9.66558E+12,Abha,Al-Bahah Region,8/16/2022,Male,43,VIP,Active,2022
CUST-002030,Daniel Al-Rashid,daniel.alrashid@hotmail.com,9.66514E+12,Riyadh,Al-Qassim Region,2/21/2020,Male,40,Regular,Inactive,2020
CUST-002031,Chen Al-Saud,chen.alsaud@outlook.com,9.66504E+12,Qassim,Eastern Province,6/9/2024,Male,40,VIP,Active,2024
CUST-002032,Ali Miller,ali.miller@gmail.com,9.66524E+12,Mecca,Al-Qassim Region,5/22/2020,Female,46,Loyal,Active,2020
CUST-002033,Ahmed Davis,ahmed.davis@hotmail.com,9.66511E+12,Jeddah,Al-Bahah Region,7/19/2025,Female,24,Regular,Active,2025
CUST-002034,Maha Sharma,maha.sharma@yahoo.com,9.6659E+12,Mecca,Riyadh Region,5/31/2025,Female,24,Regular,Active,2025
CUST-002035,Pavan Davis,pavan.davis@icloud.com,9.66571E+12,Al-Kharj,Al-Bahah Region,4/28/2025,Male,65,Loyal,Active,2025
CUST-002036,Liu Huang,liu.huang@outlook.com,9.66533E+12,Khobar,Hail Region,11/16/2020,Female,37,Regular,Active,2020
CUST-002037,Reem Al-Rashid,reem.alrashid@hotmail.com,9.66533E+12,Yanbu,Makkah Region,3/17/2021,Male,20,Regular,Active,2021
CUST-002038,Robert Liu,robert.liu@outlook.com,9.66516E+12,Tabuk,Riyadh Region,4/29/2025,Male,27,Loyal,Active,2025
CUST-002039,Ravi Al-Faisal,ravi.alfaisal@yahoo.com,9.66503E+12,Jeddah,Riyadh Region,10/5/2023,Male,43,Loyal,Active,2023
CUST-002040,Khalid Huang,khalid.huang@hotmail.com,9.66536E+12,Qassim,Al-Qassim Region,5/7/2020,Male,39,Loyal,Active,2020
CUST-002041,Evelyn Kumar,evelyn.kumar@gmail.com,9.66502E+12,Jubail,Asir Region,7/13/2021,Female,54,New,Active,2021
CUST-002042,Li Mehta,li.mehta@yahoo.com,9.66597E+12,Mecca,Asir Region,5/21/2020,Female,28,Regular,Active,2020
CUST-002043,Saad Brown,saad.brown@icloud.com,9.66569E+12,Jeddah,Al-Bahah Region,9/17/2025,Female,22,Loyal,Active,2025
CUST-002044,Ibrahim Johnson,ibrahim.johnson@gmail.com,9.66504E+12,Hail,Al-Bahah Region,2/18/2023,Female,25,Loyal,Active,2023
CUST-002045,Amelia Smith,amelia.smith@icloud.com,9.66517E+12,Riyadh,Jazan Region,11/17/2022,Female,33,Loyal,Active,2022
CUST-002046,Ibrahim Jones,ibrahim.jones@hotmail.com,9.66543E+12,Khobar,Hail Region,8/13/2021,Male,59,Loyal,Active,2021
CUST-002047,Ibrahim Singh,ibrahim.singh@yahoo.com,9.66539E+12,Taif,Makkah Region,8/4/2021,Male,55,VIP,Active,2021
CUST-002048,Sanjay Rao,sanjay.rao@outlook.com,9.66526E+12,Sakaka,Riyadh Region,5/2/2022,Male,44,VIP,Active,2022
CUST-002049,Saad Jones,saad.jones@yahoo.com,9.66576E+12,Mecca,Al-Jawf Region,3/22/2025,Female,64,New,Active,2025
CUST-002050,Maha Patel,maha.patel@hotmail.com,9.66598E+12,Najran,Makkah Region,4/14/2024,Male,26,New,Active,2024
CUST-002051,Amelia Al-Turki,amelia.alturki@gmail.com,9.66558E+12,Al-Kharj,Makkah Region,11/30/2021,Female,52,Loyal,Active,2021
CUST-002052,Amit Wu,amit.wu@icloud.com,9.66564E+12,Jubail,Najran Region,10/18/2024,Female,26,Regular,Active,2024
CUST-002053,Robert Al-Ghamdi,robert.alghamdi@gmail.com,9.66588E+12,Taif,Tabuk Region,2/11/2025,Female,19,Regular,Active,2025
CUST-002054,Chen Al-Turki,chen.alturki@icloud.com,9.66519E+12,Medina,Al-Qassim Region,5/13/2020,Female,36,Regular,Active,2020
CUST-002055,Thomas Martinez,thomas.martinez@gmail.com,9.66506E+12,Al-Kharj,Al-Bahah Region,12/7/2025,Male,43,Regular,Active,2025
CUST-002056,Wei Kumar,wei.kumar@yahoo.com,9.66548E+12,Taif,Najran Region,11/25/2024,Female,46,New,Inactive,2024
CUST-002057,Sara Al-Ahmari,sara.alahmari@yahoo.com,9.66598E+12,Yanbu,Hail Region,1/28/2023,Female,29,Regular,Active,2023
CUST-002058,Sara Al-Shehri,sara.alshehri@yahoo.com,9.66538E+12,Dammam,Riyadh Region,1/11/2024,Female,18,Regular,Active,2024
CUST-002059,Ahmed Al-Ghamdi,ahmed.alghamdi@gmail.com,9.66508E+12,Khamis Mushait,Northern Borders,10/15/2022,Female,65,Loyal,Active,2022
CUST-002060,Huda Zhao,huda.zhao@gmail.com,9.66591E+12,Riyadh,Najran Region,11/4/2025,Male,25,VIP,Active,2025
CUST-002061,William Al-Rashid,william.alrashid@gmail.com,9.66592E+12,Jizan,Al-Qassim Region,9/15/2021,Male,26,Loyal,Active,2021
CUST-002062,Wu Mehta,wu.mehta@icloud.com,9.66589E+12,Al-Ahsa,Al-Bahah Region,7/2/2020,Female,18,VIP,Active,2020
CUST-002063,Mia Al-Qahtani,mia.alqahtani@icloud.com,9.66567E+12,Taif,Northern Borders,9/30/2022,Male,21,New,Inactive,2022
CUST-002064,Chen Zhao,chen.zhao@icloud.com,9.66544E+12,Abha,Northern Borders,5/1/2021,Male,64,Regular,Active,2021
CUST-002065,Fahad Al-Zahrani,fahad.alzahrani@icloud.com,9.66515E+12,Mecca,Al-Jawf Region,2/21/2024,Female,39,Regular,Inactive,2024
CUST-002066,Li Martinez,li.martinez@yahoo.com,9.66504E+12,Taif,Al-Jawf Region,2/19/2020,Male,41,Regular,Active,2020
CUST-002067,Pavan Garcia,pavan.garcia@hotmail.com,9.66567E+12,Riyadh,Jazan Region,8/10/2023,Female,54,VIP,Active,2023
CUST-002068,Harper Al-Hassan,harper.alhassan@hotmail.com,9.66567E+12,Al-Ahsa,Eastern Province,8/7/2020,Male,21,Regular,Active,2020
CUST-002069,Yang Al-Faisal,yang.alfaisal@gmail.com,9.66528E+12,Mecca,Al-Bahah Region,9/7/2025,Male,26,Regular,Inactive,2025
CUST-002070,Daniel Wu,daniel.wu@hotmail.com,9.66503E+12,Jizan,Eastern Province,5/17/2020,Female,50,New,Active,2020
CUST-002071,Rana Al-Mutairi,rana.almutairi@hotmail.com,9.66527E+12,Abha,Hail Region,2/28/2022,Female,37,Regular,Active,2022
CUST-002072,David Mehta,david.mehta@gmail.com,9.66505E+12,Mecca,Eastern Province,1/22/2021,Male,53,VIP,Active,2021
CUST-002073,Charlotte Al-Ahmari,charlotte.alahmari@outlook.com,9.66519E+12,Khobar,Al-Jawf Region,9/2/2023,Female,54,New,Active,2023
CUST-002074,Arjun Reddy,arjun.reddy@gmail.com,9.66502E+12,Al-Ahsa,Al-Qassim Region,12/9/2021,Male,21,VIP,Active,2021
CUST-002075,Richard Al-Otaibi,richard.alotaibi@gmail.com,9.66513E+12,Qassim,Asir Region,11/9/2025,Male,47,New,Active,2025
CUST-002076,Fahad Al-Mahmoud,fahad.almahmoud@yahoo.com,9.66533E+12,Al-Kharj,Al-Bahah Region,10/15/2024,Male,40,New,Active,2024
CUST-002077,Mohammed Al-Faisal,mohammed.alfaisal@hotmail.com,9.66586E+12,Riyadh,Jazan Region,10/24/2024,Female,38,Regular,Active,2024
CUST-002078,Dana Gupta,dana.gupta@gmail.com,9.6655E+12,Khobar,Eastern Province,12/6/2024,Female,32,VIP,Active,2024
CUST-002079,Chen Al-Otaibi,chen.alotaibi@gmail.com,9.66592E+12,Hail,Asir Region,1/29/2020,Female,49,Regular,Active,2020
CUST-002080,Olivia Al-Farsi,olivia.alfarsi@hotmail.com,9.66536E+12,Qassim,Northern Borders,12/6/2020,Female,44,Regular,Active,2020
CUST-002081,John Al-Nasser,john.alnasser@gmail.com,9.66527E+12,Khobar,Northern Borders,1/29/2025,Male,50,Loyal,Active,2025
CUST-002082,Sunil Gupta,sunil.gupta@hotmail.com,9.66563E+12,Dammam,Tabuk Region,11/9/2020,Female,44,Loyal,Inactive,2020
CUST-002083,Zhang Davis,zhang.davis@icloud.com,9.66547E+12,Al-Ahsa,Makkah Region,10/15/2021,Male,58,Regular,Active,2021
CUST-002084,Ahmed Al-Harbi,ahmed.alharbi@outlook.com,9.66518E+12,Buraidah,Najran Region,6/2/2025,Female,27,Regular,Active,2025
CUST-002085,John Davis,john.davis@yahoo.com,9.66542E+12,Buraidah,Al-Bahah Region,9/13/2024,Female,53,Regular,Active,2024
CUST-002086,Ibrahim Al-Qahtani,ibrahim.alqahtani@hotmail.com,9.66564E+12,Sakaka,Al-Bahah Region,12/30/2023,Male,40,VIP,Inactive,2023
CUST-002087,Wei Johnson,wei.johnson@gmail.com,9.6657E+12,Taif,Tabuk Region,12/26/2020,Male,24,Loyal,Active,2020
CUST-002088,Mia Yang,mia.yang@gmail.com,9.66583E+12,Al-Ahsa,Asir Region,1/11/2020,Female,32,VIP,Active,2020
CUST-002089,Michael Al-Dosari,michael.aldosari@icloud.com,9.66548E+12,Khamis Mushait,Eastern Province,9/22/2020,Female,55,Loyal,Inactive,2020
CUST-002090,Mohammed Reddy,mohammed.reddy@outlook.com,9.66541E+12,Najran,Makkah Region,2/16/2021,Male,29,New,Active,2021
CUST-002091,Chen Sharma,chen.sharma@hotmail.com,9.6654E+12,Taif,Makkah Region,2/2/2022,Male,19,New,Active,2022
CUST-002092,Omar Martinez,omar.martinez@icloud.com,9.66587E+12,Riyadh,Asir Region,7/27/2025,Male,24,Loyal,Active,2025
CUST-002093,Omar Williams,omar.williams@yahoo.com,9.66504E+12,Medina,Al-Qassim Region,1/3/2025,Male,23,New,Active,2025
CUST-002094,Ali Al-Rashid,ali.alrashid@yahoo.com,9.66547E+12,Medina,Asir Region,3/14/2021,Female,65,New,Inactive,2021
CUST-002095,Chen Mehta,chen.mehta@icloud.com,9.66562E+12,Medina,Al-Jawf Region,5/8/2024,Male,40,New,Inactive,2024
CUST-002096,Rana Al-Zahrani,rana.alzahrani@icloud.com,9.6655E+12,Al-Ahsa,Najran Region,9/8/2023,Female,18,New,Active,2023
CUST-002097,Noura Rao,noura.rao@hotmail.com,9.66536E+12,Khamis Mushait,Eastern Province,5/3/2021,Male,48,Regular,Inactive,2021
CUST-002098,Isabella Al-Dosari,isabella.aldosari@outlook.com,9.66581E+12,Jubail,Eastern Province,3/31/2025,Male,63,Regular,Active,2025
CUST-002099,Abdullah Nair,abdullah.nair@gmail.com,9.66561E+12,Qassim,Al-Bahah Region,9/28/2025,Male,57,Loyal,Active,2025
CUST-002100,Yousef Williams,yousef.williams@icloud.com,9.666E+12,Jizan,Tabuk Region,5/24/2025,Female,25,Regular,Active,2025
CUST-002101,Michael Jones,michael.jones@gmail.com,9.66577E+12,Qassim,Makkah Region,1/29/2020,Male,36,New,Inactive,2020
CUST-002102,James Patel,james.patel@outlook.com,9.66581E+12,Riyadh,Eastern Province,11/18/2022,Female,30,Regular,Active,2022
CUST-002103,Yang Reddy,yang.reddy@yahoo.com,9.66523E+12,Jizan,Al-Qassim Region,6/4/2020,Female,56,Loyal,Inactive,2020
CUST-002104,David Mehta,david.mehta@hotmail.com,9.6657E+12,Jubail,Riyadh Region,5/12/2024,Female,61,VIP,Active,2024
CUST-002105,Thomas Zhou,thomas.zhou@gmail.com,9.66539E+12,Najran,Al-Bahah Region,8/4/2021,Male,38,New,Active,2021
CUST-002106,Wang Nair,wang.nair@hotmail.com,9.66526E+12,Mecca,Riyadh Region,5/21/2025,Male,31,Regular,Active,2025
CUST-002107,Ali Al-Faisal,ali.alfaisal@icloud.com,9.66543E+12,Buraidah,Asir Region,4/5/2021,Male,54,Regular,Active,2021
CUST-002108,Mia Rodriguez,mia.rodriguez@icloud.com,9.66514E+12,Riyadh,Riyadh Region,5/19/2023,Male,65,Loyal,Inactive,2023
CUST-002109,Li Al-Shehri,li.alshehri@gmail.com,9.66554E+12,Jeddah,Eastern Province,2/17/2021,Female,22,Loyal,Active,2021
CUST-002110,Amit Sharma,amit.sharma@icloud.com,9.66565E+12,Jizan,Al-Bahah Region,9/30/2022,Male,60,VIP,Active,2022
CUST-002111,Dana Yang,dana.yang@gmail.com,9.66511E+12,Hail,Riyadh Region,4/30/2021,Female,49,Loyal,Active,2021
CUST-002112,Nikhil Al-Farsi,nikhil.alfarsi@outlook.com,9.66589E+12,Yanbu,Makkah Region,8/3/2023,Female,33,VIP,Active,2023
CUST-002113,Sanjay Al-Nasser,sanjay.alnasser@gmail.com,9.66528E+12,Mecca,Jazan Region,7/11/2025,Female,24,Regular,Active,2025
CUST-002114,Harper Sharma,harper.sharma@icloud.com,9.66578E+12,Medina,Hail Region,1/23/2024,Female,27,Loyal,Active,2024
CUST-002115,Pavan Al-Turki,pavan.alturki@icloud.com,9.66573E+12,Abha,Al-Bahah Region,4/19/2024,Male,27,VIP,Active,2024
CUST-002116,Thomas Al-Nasser,thomas.alnasser@hotmail.com,9.66547E+12,Al-Ahsa,Jazan Region,8/1/2021,Male,40,New,Active,2021
CUST-002117,Saad Al-Otaibi,saad.alotaibi@outlook.com,9.66532E+12,Khamis Mushait,Jazan Region,5/16/2021,Female,42,VIP,Active,2021
CUST-002118,Mia Al-Faisal,mia.alfaisal@yahoo.com,9.6658E+12,Jeddah,Asir Region,2/4/2021,Female,38,VIP,Active,2021
CUST-002119,Isabella Al-Otaibi,isabella.alotaibi@yahoo.com,9.66575E+12,Mecca,Tabuk Region,8/23/2025,Female,63,Loyal,Active,2025
CUST-002120,Robert Al-Ghamdi,robert.alghamdi@yahoo.com,9.66593E+12,Hail,Tabuk Region,6/3/2024,Female,27,Loyal,Active,2024
CUST-002121,Charlotte Liu,charlotte.liu@hotmail.com,9.66507E+12,Yanbu,Northern Borders,10/23/2022,Male,18,Loyal,Active,2022
CUST-002122,Karan Brown,karan.brown@yahoo.com,9.66572E+12,Tabuk,Hail Region,5/2/2022,Female,48,Loyal,Active,2022
CUST-002123,David Wu,david.wu@yahoo.com,9.66538E+12,Yanbu,Al-Bahah Region,8/26/2025,Female,56,New,Active,2025
CUST-002124,Huang Al-Turki,huang.alturki@gmail.com,9.66548E+12,Khamis Mushait,Northern Borders,8/15/2022,Male,21,VIP,Active,2022
CUST-002125,Nikhil Garcia,nikhil.garcia@hotmail.com,9.66506E+12,Riyadh,Al-Jawf Region,11/19/2025,Male,48,Regular,Inactive,2025
CUST-002126,Richard Al-Khalifa,richard.alkhalifa@gmail.com,9.66559E+12,Al-Ahsa,Northern Borders,11/20/2022,Male,38,Regular,Active,2022
CUST-002127,Richard Rao,richard.rao@gmail.com,9.66578E+12,Sakaka,Jazan Region,8/9/2025,Female,40,VIP,Active,2025
CUST-002128,Thomas Al-Shehri,thomas.alshehri@icloud.com,9.66504E+12,Khamis Mushait,Tabuk Region,8/25/2021,Male,48,Regular,Active,2021
CUST-002129,Sanjay Al-Malki,sanjay.almalki@outlook.com,9.66533E+12,Jeddah,Al-Bahah Region,12/22/2021,Male,59,Regular,Active,2021
CUST-002130,Saad Al-Zahrani,saad.alzahrani@gmail.com,9.66576E+12,Jubail,Northern Borders,5/9/2021,Female,24,Loyal,Active,2021
CUST-002131,Omar Al-Jaber,omar.aljaber@hotmail.com,9.66529E+12,Qassim,Hail Region,4/12/2021,Female,35,Loyal,Inactive,2021
CUST-002132,Charlotte Jones,charlotte.jones@gmail.com,9.66553E+12,Medina,Northern Borders,2/2/2020,Male,55,Regular,Active,2020
CUST-002133,Mohammed Johnson,mohammed.johnson@outlook.com,9.66598E+12,Riyadh,Makkah Region,12/26/2022,Male,61,Loyal,Active,2022
CUST-002134,Olivia Al-Shehri,olivia.alshehri@gmail.com,9.66568E+12,Riyadh,Makkah Region,1/19/2025,Female,19,Regular,Active,2025
CUST-002135,William Williams,william.williams@outlook.com,9.66506E+12,Riyadh,Riyadh Region,4/7/2023,Male,31,Regular,Active,2023
CUST-002136,Wang Mehta,wang.mehta@yahoo.com,9.66545E+12,Jizan,Al-Qassim Region,7/5/2022,Male,46,Regular,Inactive,2022
CUST-002137,Maha Rao,maha.rao@outlook.com,9.66538E+12,Riyadh,Najran Region,6/29/2022,Male,65,Loyal,Active,2022
CUST-002138,Rana Al-Ghamdi,rana.alghamdi@yahoo.com,9.66559E+12,Sakaka,Najran Region,8/24/2023,Male,62,Regular,Inactive,2023
CUST-002139,Lina Al-Malki,lina.almalki@outlook.com,9.66528E+12,Khobar,Najran Region,12/22/2020,Male,54,New,Active,2020
CUST-002140,Lina Patel,lina.patel@gmail.com,9.66549E+12,Yanbu,Riyadh Region,5/28/2021,Female,63,Loyal,Active,2021
CUST-002141,William Al-Faisal,william.alfaisal@hotmail.com,9.66527E+12,Khobar,Najran Region,5/29/2023,Female,31,Loyal,Active,2023
CUST-002142,Abigail Al-Khalifa,abigail.alkhalifa@icloud.com,9.66551E+12,Al-Ahsa,Al-Bahah Region,1/3/2020,Female,37,New,Active,2020
CUST-002143,Sanjay Li,sanjay.li@hotmail.com,9.66561E+12,Khobar,Riyadh Region,2/11/2020,Male,54,Regular,Inactive,2020
CUST-002144,Ali Smith,ali.smith@yahoo.com,9.66516E+12,Buraidah,Asir Region,5/13/2020,Female,34,New,Inactive,2020
CUST-002145,Lina Johnson,lina.johnson@yahoo.com,9.66554E+12,Abha,Asir Region,12/10/2021,Male,28,Regular,Active,2021
CUST-002146,Khalid Al-Harbi,khalid.alharbi@yahoo.com,9.6656E+12,Hail,Hail Region,8/31/2020,Male,57,Regular,Active,2020
CUST-002147,Reem Singh,reem.singh@gmail.com,9.66536E+12,Al-Kharj,Najran Region,3/12/2023,Male,57,Regular,Active,2023
CUST-002148,Aisha Smith,aisha.smith@hotmail.com,9.66536E+12,Khobar,Al-Qassim Region,10/13/2024,Male,18,New,Active,2024
CUST-002149,Amelia Al-Khalifa,amelia.alkhalifa@icloud.com,9.66533E+12,Dammam,Tabuk Region,1/11/2023,Male,28,New,Active,2023
CUST-002150,Nikhil Singh,nikhil.singh@icloud.com,9.66565E+12,Sakaka,Al-Qassim Region,7/2/2021,Male,25,Regular,Active,2021
CUST-002151,Olivia Reddy,olivia.reddy@yahoo.com,9.66517E+12,Al-Ahsa,Tabuk Region,3/2/2024,Female,28,New,Active,2024
CUST-002152,Robert Johnson,robert.johnson@icloud.com,9.6655E+12,Mecca,Al-Qassim Region,4/12/2022,Female,39,New,Inactive,2022
CUST-002153,Yousef Johnson,yousef.johnson@outlook.com,9.66572E+12,Abha,Makkah Region,5/26/2025,Female,32,Loyal,Active,2025
CUST-002154,Thomas Davis,thomas.davis@outlook.com,9.66553E+12,Khamis Mushait,Al-Jawf Region,6/20/2024,Female,42,New,Active,2024
CUST-002155,Ravi Al-Otaibi,ravi.alotaibi@icloud.com,9.66563E+12,Al-Ahsa,Asir Region,4/18/2020,Male,54,Regular,Inactive,2020
CUST-002156,Huang Davis,huang.davis@hotmail.com,9.66525E+12,Jeddah,Asir Region,11/11/2021,Male,22,VIP,Active,2021
CUST-002157,Liu Singh,liu.singh@hotmail.com,9.66505E+12,Medina,Tabuk Region,5/9/2022,Male,24,New,Active,2022
CUST-002158,Huda Al-Turki,huda.alturki@gmail.com,9.66587E+12,Jubail,Al-Qassim Region,3/3/2025,Male,34,Loyal,Inactive,2025
CUST-002159,Yousef Sharma,yousef.sharma@hotmail.com,9.66523E+12,Mecca,Najran Region,8/25/2022,Female,58,VIP,Inactive,2022
CUST-002160,Wei Al-Ahmari,wei.alahmari@icloud.com,9.66521E+12,Buraidah,Najran Region,6/1/2025,Female,20,Loyal,Active,2025
CUST-002161,Raj Gupta,raj.gupta@icloud.com,9.66534E+12,Abha,Eastern Province,10/27/2024,Female,24,VIP,Inactive,2024
CUST-002162,Omar Smith,omar.smith@hotmail.com,9.66578E+12,Buraidah,Northern Borders,1/31/2023,Male,51,VIP,Inactive,2023
CUST-002163,Wei Patel,wei.patel@icloud.com,9.66584E+12,Qassim,Eastern Province,8/6/2023,Female,63,Loyal,Active,2023
CUST-002164,William Johnson,william.johnson@gmail.com,9.66585E+12,Jizan,Jazan Region,5/28/2021,Male,41,VIP,Active,2021
CUST-002165,Liu Al-Jaber,liu.aljaber@hotmail.com,9.66552E+12,Al-Kharj,Northern Borders,11/22/2021,Male,29,Regular,Active,2021
CUST-002166,Ahmed Al-Nasser,ahmed.alnasser@gmail.com,9.66583E+12,Najran,Al-Bahah Region,7/19/2024,Male,37,Loyal,Active,2024
CUST-002167,Charlotte Nair,charlotte.nair@yahoo.com,9.66594E+12,Khobar,Al-Jawf Region,2/22/2020,Male,28,Regular,Active,2020
CUST-002168,Wu Davis,wu.davis@gmail.com,9.66549E+12,Al-Kharj,Eastern Province,2/16/2020,Male,56,Loyal,Active,2020
CUST-002169,Sara Al-Mutairi,sara.almutairi@outlook.com,9.66503E+12,Yanbu,Northern Borders,1/2/2020,Female,39,New,Inactive,2020
CUST-002170,James Iyer,james.iyer@yahoo.com,9.66522E+12,Jubail,Tabuk Region,6/10/2020,Male,63,Regular,Inactive,2020
CUST-002171,Khalid Al-Ghamdi,khalid.alghamdi@gmail.com,9.66594E+12,Abha,Hail Region,4/2/2022,Male,26,Regular,Active,2022
CUST-002172,Wang Mehta,wang.mehta@gmail.com,9.66519E+12,Abha,Northern Borders,1/24/2020,Male,44,New,Inactive,2020
CUST-002173,Ibrahim Mehta,ibrahim.mehta@outlook.com,9.66505E+12,Jizan,Tabuk Region,6/27/2024,Male,61,Loyal,Active,2024
CUST-002174,Emma Iyer,emma.iyer@yahoo.com,9.66565E+12,Tabuk,Al-Bahah Region,11/23/2025,Female,18,New,Inactive,2025
CUST-002175,John Jones,john.jones@outlook.com,9.66524E+12,Taif,Northern Borders,1/4/2021,Female,45,Regular,Active,2021
CUST-002176,Karan Al-Ahmari,karan.alahmari@yahoo.com,9.66537E+12,Medina,Riyadh Region,11/26/2022,Female,63,New,Active,2022
CUST-002177,Dana Al-Malki,dana.almalki@yahoo.com,9.66516E+12,Najran,Tabuk Region,3/24/2023,Male,65,Regular,Active,2023
CUST-002178,Fatima Mehta,fatima.mehta@outlook.com,9.66568E+12,Najran,Jazan Region,9/17/2024,Male,45,Regular,Active,2024
CUST-002179,Evelyn Rodriguez,evelyn.rodriguez@yahoo.com,9.66592E+12,Taif,Northern Borders,10/11/2020,Female,38,VIP,Active,2020
CUST-002180,Sophia Yang,sophia.yang@outlook.com,9.66502E+12,Jubail,Al-Qassim Region,2/12/2022,Male,37,Regular,Active,2022
CUST-002181,Yang Smith,yang.smith@hotmail.com,9.66584E+12,Al-Ahsa,Tabuk Region,12/28/2022,Female,22,Loyal,Active,2022
CUST-002182,Lina Davis,lina.davis@hotmail.com,9.66565E+12,Tabuk,Najran Region,5/11/2024,Female,46,New,Active,2024
CUST-002183,David Rodriguez,david.rodriguez@icloud.com,9.66554E+12,Jizan,Eastern Province,9/8/2024,Male,35,Loyal,Active,2024
CUST-002184,Aisha Liu,aisha.liu@outlook.com,9.66542E+12,Riyadh,Riyadh Region,10/20/2023,Male,50,VIP,Active,2023
CUST-002185,Emma Al-Khalifa,emma.alkhalifa@hotmail.com,9.66522E+12,Jizan,Al-Bahah Region,2/14/2023,Male,38,New,Active,2023
CUST-002186,Harper Al-Jaber,harper.aljaber@yahoo.com,9.66578E+12,Mecca,Tabuk Region,10/16/2024,Male,37,Loyal,Active,2024
CUST-002187,Sanjay Al-Zahrani,sanjay.alzahrani@hotmail.com,9.66537E+12,Khamis Mushait,Najran Region,12/8/2022,Female,31,Loyal,Active,2022
CUST-002188,William Al-Mahmoud,william.almahmoud@outlook.com,9.66518E+12,Al-Ahsa,Al-Jawf Region,12/10/2023,Female,34,Loyal,Active,2023
CUST-002189,Yousef Al-Dosari,yousef.aldosari@outlook.com,9.66536E+12,Qassim,Makkah Region,2/15/2024,Female,62,New,Inactive,2024
CUST-002190,James Liu,james.liu@icloud.com,9.66591E+12,Jeddah,Eastern Province,1/28/2025,Female,62,Regular,Inactive,2025
CUST-002191,Wang Al-Ahmari,wang.alahmari@gmail.com,9.66585E+12,Hail,Riyadh Region,2/4/2025,Female,19,VIP,Active,2025
CUST-002192,James Nair,james.nair@outlook.com,9.66506E+12,Jeddah,Asir Region,10/12/2022,Female,35,Loyal,Inactive,2022
CUST-002193,Sophia Garcia,sophia.garcia@yahoo.com,9.66506E+12,Jubail,Al-Jawf Region,12/7/2024,Male,19,Loyal,Active,2024
CUST-002194,Ravi Al-Ahmari,ravi.alahmari@icloud.com,9.66523E+12,Khobar,Northern Borders,8/7/2024,Female,54,VIP,Active,2024
CUST-002195,Abigail Al-Otaibi,abigail.alotaibi@icloud.com,9.66578E+12,Khamis Mushait,Northern Borders,9/9/2023,Male,50,VIP,Inactive,2023
CUST-002196,Li Al-Harbi,li.alharbi@outlook.com,9.66574E+12,Al-Kharj,Northern Borders,4/17/2022,Female,61,Regular,Inactive,2022
CUST-002197,Ravi Zhou,ravi.zhou@icloud.com,9.66576E+12,Riyadh,Al-Bahah Region,7/13/2023,Female,19,VIP,Inactive,2023
CUST-002198,Yousef Al-Malki,yousef.almalki@gmail.com,9.66572E+12,Taif,Al-Jawf Region,9/26/2024,Male,52,Loyal,Active,2024
CUST-002199,Mohammed Nair,mohammed.nair@outlook.com,9.66534E+12,Jeddah,Makkah Region,7/5/2024,Male,54,New,Active,2024
CUST-002200,Aisha Zhao,aisha.zhao@icloud.com,9.66528E+12,Sakaka,Makkah Region,10/16/2021,Female,25,Regular,Active,2021
CUST-002201,Ravi Kumar,ravi.kumar@yahoo.com,9.66537E+12,Mecca,Jazan Region,1/25/2020,Female,37,VIP,Active,2020
CUST-002202,William Zhao,william.zhao@hotmail.com,9.66521E+12,Tabuk,Al-Bahah Region,8/18/2022,Male,61,Regular,Active,2022
CUST-002203,Dana Al-Dosari,dana.aldosari@icloud.com,9.66503E+12,Buraidah,Hail Region,9/10/2024,Female,19,Loyal,Inactive,2024
CUST-002204,Fatima Al-Shehri,fatima.alshehri@icloud.com,9.66558E+12,Al-Ahsa,Asir Region,1/9/2020,Female,34,Regular,Active,2020
CUST-002205,Lina Yang,lina.yang@icloud.com,9.6655E+12,Abha,Riyadh Region,8/23/2021,Male,47,New,Active,2021
CUST-002206,Emma Zhang,emma.zhang@gmail.com,9.6657E+12,Jizan,Al-Jawf Region,1/15/2023,Male,61,New,Active,2023
CUST-002207,Yang Al-Faisal,yang.alfaisal@icloud.com,9.66592E+12,Medina,Northern Borders,10/31/2022,Male,59,New,Active,2022
CUST-002208,Ahmed Williams,ahmed.williams@outlook.com,9.66503E+12,Jubail,Riyadh Region,10/1/2021,Female,58,VIP,Active,2021
CUST-002209,Daniel Al-Ghamdi,daniel.alghamdi@yahoo.com,9.66508E+12,Qassim,Riyadh Region,10/21/2025,Male,47,Regular,Active,2025
CUST-002210,Ibrahim Liu,ibrahim.liu@yahoo.com,9.66597E+12,Qassim,Eastern Province,4/27/2023,Female,51,VIP,Active,2023
CUST-002211,Arjun Al-Otaibi,arjun.alotaibi@outlook.com,9.66528E+12,Khamis Mushait,Al-Jawf Region,10/20/2023,Male,59,Loyal,Active,2023
CUST-002212,Fahad Al-Shehri,fahad.alshehri@outlook.com,9.66581E+12,Yanbu,Al-Qassim Region,4/5/2021,Female,25,Regular,Active,2021
CUST-002213,William Reddy,william.reddy@yahoo.com,9.66508E+12,Jeddah,Najran Region,6/30/2021,Male,33,New,Active,2021
CUST-002214,Omar Al-Saud,omar.alsaud@yahoo.com,9.66564E+12,Taif,Tabuk Region,1/8/2023,Male,38,Loyal,Active,2023
CUST-002215,Vikram Miller,vikram.miller@hotmail.com,9.66588E+12,Riyadh,Makkah Region,1/1/2022,Male,65,VIP,Active,2022
CUST-002216,Dana Smith,dana.smith@hotmail.com,9.66536E+12,Sakaka,Riyadh Region,1/3/2021,Male,32,Loyal,Active,2021
CUST-002217,Huda Al-Rashid,huda.alrashid@yahoo.com,9.66585E+12,Al-Kharj,Jazan Region,7/17/2024,Male,33,Loyal,Active,2024
CUST-002218,Ahmed Al-Malki,ahmed.almalki@hotmail.com,9.66536E+12,Hail,Eastern Province,6/16/2023,Male,40,VIP,Active,2023
CUST-002219,Ravi Al-Nasser,ravi.alnasser@outlook.com,9.66548E+12,Mecca,Al-Bahah Region,12/22/2025,Female,41,VIP,Active,2025
CUST-002220,Huda Reddy,huda.reddy@hotmail.com,9.66588E+12,Dammam,Makkah Region,12/13/2023,Female,49,Regular,Inactive,2023
CUST-002221,James Davis,james.davis@outlook.com,9.66563E+12,Tabuk,Eastern Province,8/3/2022,Female,20,Loyal,Active,2022
CUST-002222,Li Mehta,li.mehta@icloud.com,9.66598E+12,Yanbu,Tabuk Region,10/28/2020,Male,41,VIP,Inactive,2020
CUST-002223,Chen Li,chen.li@yahoo.com,9.66522E+12,Taif,Eastern Province,11/18/2025,Female,29,Regular,Active,2025
CUST-002224,Amelia Zhou,amelia.zhou@yahoo.com,9.66506E+12,Yanbu,Northern Borders,10/24/2020,Female,54,Loyal,Active,2020
CUST-002225,Aisha Patel,aisha.patel@outlook.com,9.66599E+12,Sakaka,Al-Jawf Region,9/24/2021,Male,31,VIP,Inactive,2021
CUST-002226,Sanjay Wang,sanjay.wang@outlook.com,9.66588E+12,Al-Ahsa,Al-Bahah Region,7/22/2025,Female,57,Regular,Active,2025
CUST-002227,Zhao Al-Jaber,zhao.aljaber@outlook.com,9.66505E+12,Medina,Asir Region,11/9/2022,Male,21,VIP,Inactive,2022
CUST-002228,Chen Garcia,chen.garcia@gmail.com,9.66554E+12,Sakaka,Najran Region,2/15/2022,Male,27,Regular,Active,2022
CUST-002229,Ahmed Al-Otaibi,ahmed.alotaibi@gmail.com,9.66515E+12,Buraidah,Riyadh Region,3/25/2025,Female,27,New,Active,2025
CUST-002230,Sanjay Al-Faisal,sanjay.alfaisal@yahoo.com,9.66505E+12,Al-Kharj,Makkah Region,6/10/2022,Female,25,New,Active,2022
CUST-002231,Isabella Huang,isabella.huang@outlook.com,9.66553E+12,Qassim,Jazan Region,6/26/2021,Male,55,Loyal,Active,2021
CUST-002232,Wang Al-Turki,wang.alturki@outlook.com,9.66543E+12,Dammam,Tabuk Region,2/16/2020,Female,57,Regular,Active,2020
CUST-002233,Isabella Johnson,isabella.johnson@yahoo.com,9.66554E+12,Riyadh,Al-Qassim Region,6/7/2025,Female,45,New,Inactive,2025
CUST-002234,Rana Yang,rana.yang@icloud.com,9.66563E+12,Al-Kharj,Najran Region,5/19/2020,Female,43,Regular,Active,2020
CUST-002235,Fahad Wang,fahad.wang@hotmail.com,9.66539E+12,Riyadh,Jazan Region,7/31/2024,Female,24,Loyal,Inactive,2024
CUST-002236,Michael Wang,michael.wang@yahoo.com,9.66541E+12,Buraidah,Asir Region,6/12/2023,Female,34,New,Active,2023
CUST-002237,John Jones,john.jones@gmail.com,9.66537E+12,Sakaka,Hail Region,7/15/2024,Male,18,New,Active,2024
CUST-002238,Olivia Li,olivia.li@yahoo.com,9.66522E+12,Jubail,Hail Region,9/11/2020,Male,44,New,Inactive,2020
CUST-002239,Pavan Al-Turki,pavan.alturki@yahoo.com,9.66503E+12,Hail,Al-Qassim Region,10/17/2020,Male,51,Loyal,Active,2020
CUST-002240,Noura Mehta,noura.mehta@gmail.com,9.66535E+12,Khobar,Tabuk Region,6/25/2023,Female,46,VIP,Inactive,2023
CUST-002241,Evelyn Al-Rashid,evelyn.alrashid@hotmail.com,9.66577E+12,Riyadh,Jazan Region,12/29/2025,Female,26,Regular,Active,2025
CUST-002242,Khalid Al-Rashid,khalid.alrashid@outlook.com,9.66565E+12,Mecca,Al-Qassim Region,10/19/2020,Female,58,New,Inactive,2020
CUST-002243,Zhang Al-Jaber,zhang.aljaber@hotmail.com,9.66517E+12,Abha,Al-Jawf Region,11/12/2021,Female,23,VIP,Active,2021
CUST-002244,Robert Williams,robert.williams@hotmail.com,9.66509E+12,Mecca,Najran Region,12/21/2023,Male,40,VIP,Inactive,2023
CUST-002245,Sanjay Al-Qahtani,sanjay.alqahtani@gmail.com,9.66557E+12,Taif,Tabuk Region,5/26/2024,Female,33,New,Active,2024
CUST-002246,Omar Al-Faisal,omar.alfaisal@outlook.com,9.66571E+12,Jeddah,Tabuk Region,2/16/2020,Male,18,VIP,Active,2020
CUST-002247,Huang Martinez,huang.martinez@gmail.com,9.66585E+12,Riyadh,Asir Region,9/4/2021,Male,23,New,Active,2021
CUST-002248,Harper Gupta,harper.gupta@outlook.com,9.66522E+12,Abha,Najran Region,3/2/2024,Female,61,VIP,Active,2024
CUST-002249,Arjun Rao,arjun.rao@icloud.com,9.66581E+12,Dammam,Northern Borders,8/10/2023,Male,56,VIP,Active,2023
CUST-002250,Huang Gupta,huang.gupta@hotmail.com,9.66569E+12,Tabuk,Asir Region,8/27/2022,Female,64,Loyal,Active,2022
CUST-002251,Aisha Al-Ghamdi,aisha.alghamdi@yahoo.com,9.66597E+12,Buraidah,Tabuk Region,3/25/2020,Male,45,Loyal,Active,2020
CUST-002252,Sophia Al-Mahmoud,sophia.almahmoud@icloud.com,9.66587E+12,Jeddah,Al-Qassim Region,11/19/2021,Male,61,New,Inactive,2021
CUST-002253,Ravi Zhou,ravi.zhou@gmail.com,9.66589E+12,Buraidah,Asir Region,11/19/2020,Male,30,Regular,Active,2020
CUST-002254,Robert Al-Zahrani,robert.alzahrani@gmail.com,9.66558E+12,Taif,Najran Region,10/18/2023,Male,39,Regular,Active,2023
CUST-002255,Huda Johnson,huda.johnson@gmail.com,9.66519E+12,Jizan,Riyadh Region,4/24/2023,Female,61,Regular,Active,2023
CUST-002256,Mohammed Kumar,mohammed.kumar@yahoo.com,9.66597E+12,Riyadh,Jazan Region,5/9/2025,Female,41,VIP,Active,2025
CUST-002257,Emma Al-Mahmoud,emma.almahmoud@gmail.com,9.66583E+12,Tabuk,Makkah Region,12/22/2024,Male,36,Loyal,Active,2024
CUST-002258,Chen Zhou,chen.zhou@icloud.com,9.66554E+12,Al-Kharj,Tabuk Region,9/21/2024,Female,42,Loyal,Active,2024
CUST-002259,Liu Nair,liu.nair@yahoo.com,9.66535E+12,Al-Kharj,Northern Borders,1/12/2020,Female,32,New,Active,2020
CUST-002260,Sanjay Gupta,sanjay.gupta@gmail.com,9.66585E+12,Riyadh,Eastern Province,3/11/2024,Female,53,Loyal,Active,2024
CUST-002261,Noura Gupta,noura.gupta@icloud.com,9.66562E+12,Hail,Riyadh Region,5/30/2024,Male,20,Loyal,Active,2024
CUST-002262,Huda Iyer,huda.iyer@gmail.com,9.66552E+12,Dammam,Al-Bahah Region,12/14/2025,Male,59,Loyal,Active,2025
CUST-002263,Wang Al-Rashid,wang.alrashid@icloud.com,9.66589E+12,Medina,Riyadh Region,6/5/2022,Male,55,New,Active,2022
CUST-002264,Omar Al-Khalifa,omar.alkhalifa@yahoo.com,9.66503E+12,Najran,Eastern Province,4/5/2020,Female,39,Regular,Active,2020
CUST-002265,Nikhil Mehta,nikhil.mehta@hotmail.com,9.66597E+12,Sakaka,Hail Region,8/5/2022,Male,54,Regular,Active,2022
CUST-002266,Ali Al-Ghamdi,ali.alghamdi@icloud.com,9.66587E+12,Jeddah,Eastern Province,3/13/2025,Female,49,VIP,Active,2025
CUST-002267,Rana Davis,rana.davis@icloud.com,9.66522E+12,Hail,Tabuk Region,2/27/2023,Female,39,Regular,Inactive,2023
CUST-002268,Fahad Al-Ahmari,fahad.alahmari@icloud.com,9.66509E+12,Qassim,Makkah Region,5/13/2024,Female,58,VIP,Inactive,2024
CUST-002269,Noura Rodriguez,noura.rodriguez@hotmail.com,9.66556E+12,Jizan,Eastern Province,11/18/2021,Female,27,New,Active,2021
CUST-002270,Abigail Li,abigail.li@gmail.com,9.66556E+12,Jizan,Riyadh Region,8/19/2022,Female,24,Loyal,Active,2022
CUST-002271,Dana Chen,dana.chen@outlook.com,9.66507E+12,Riyadh,Tabuk Region,1/12/2025,Male,44,Loyal,Active,2025
CUST-002272,Yousef Williams,yousef.williams@hotmail.com,9.66516E+12,Khamis Mushait,Hail Region,4/21/2020,Male,41,Regular,Active,2020
CUST-002273,Khalid Rao,khalid.rao@yahoo.com,9.66517E+12,Jubail,Makkah Region,7/18/2023,Female,21,VIP,Inactive,2023
CUST-002274,Daniel Huang,daniel.huang@gmail.com,9.66553E+12,Khobar,Tabuk Region,5/22/2023,Male,31,Regular,Inactive,2023
CUST-002275,John Martinez,john.martinez@outlook.com,9.66595E+12,Jeddah,Al-Bahah Region,3/17/2024,Female,64,VIP,Active,2024
CUST-002276,Saad Al-Dosari,saad.aldosari@hotmail.com,9.66579E+12,Jeddah,Hail Region,2/28/2025,Male,54,New,Inactive,2025
CUST-002277,Raj Huang,raj.huang@icloud.com,9.66567E+12,Buraidah,Al-Bahah Region,7/15/2024,Male,45,VIP,Active,2024
CUST-002278,Yang Al-Ahmari,yang.alahmari@icloud.com,9.66534E+12,Hail,Al-Bahah Region,7/20/2025,Female,58,Loyal,Active,2025
CUST-002279,Charlotte Al-Rashid,charlotte.alrashid@hotmail.com,9.66572E+12,Khobar,Asir Region,5/12/2025,Female,64,New,Inactive,2025
CUST-002280,Rana Garcia,rana.garcia@gmail.com,9.66519E+12,Khobar,Eastern Province,4/14/2020,Female,45,Loyal,Active,2020
CUST-002281,Noura Williams,noura.williams@yahoo.com,9.66597E+12,Tabuk,Al-Jawf Region,6/29/2021,Male,54,Loyal,Active,2021
CUST-002282,Rana Al-Harbi,rana.alharbi@yahoo.com,9.66583E+12,Hail,Asir Region,11/2/2021,Female,47,Loyal,Inactive,2021
CUST-002283,Liu Zhao,liu.zhao@yahoo.com,9.66543E+12,Al-Ahsa,Jazan Region,8/27/2022,Male,32,VIP,Active,2022
CUST-002284,Ali Al-Malki,ali.almalki@yahoo.com,9.66521E+12,Al-Kharj,Makkah Region,10/26/2022,Male,22,Loyal,Inactive,2022
CUST-002285,Aisha Jones,aisha.jones@yahoo.com,9.66585E+12,Buraidah,Eastern Province,5/20/2022,Female,49,New,Inactive,2022
CUST-002286,Harper Liu,harper.liu@yahoo.com,9.66591E+12,Jubail,Hail Region,8/8/2023,Male,39,VIP,Active,2023
CUST-002287,Yousef Gupta,yousef.gupta@gmail.com,9.66575E+12,Yanbu,Al-Qassim Region,10/11/2020,Male,53,Regular,Active,2020
CUST-002288,Mohammed Al-Rashid,mohammed.alrashid@outlook.com,9.66544E+12,Tabuk,Al-Jawf Region,9/25/2021,Male,45,Regular,Active,2021
CUST-002289,Olivia Rao,olivia.rao@outlook.com,9.66574E+12,Tabuk,Makkah Region,8/23/2024,Male,43,Loyal,Active,2024
CUST-002290,Amit Wang,amit.wang@gmail.com,9.66571E+12,Tabuk,Najran Region,1/20/2024,Male,33,Loyal,Active,2024
CUST-002291,Michael Zhou,michael.zhou@hotmail.com,9.66529E+12,Khamis Mushait,Tabuk Region,7/8/2021,Female,23,New,Active,2021
CUST-002292,Wei Al-Hassan,wei.alhassan@hotmail.com,9.66503E+12,Jubail,Tabuk Region,3/16/2020,Female,48,VIP,Inactive,2020
CUST-002293,Sara Iyer,sara.iyer@outlook.com,9.66563E+12,Najran,Al-Qassim Region,1/10/2020,Female,28,New,Active,2020
CUST-002294,Huda Al-Hassan,huda.alhassan@outlook.com,9.66538E+12,Najran,Al-Jawf Region,7/10/2024,Female,44,New,Active,2024
CUST-002295,Amelia Rao,amelia.rao@hotmail.com,9.66559E+12,Jubail,Al-Jawf Region,5/5/2022,Male,51,Regular,Inactive,2022
CUST-002296,Ravi Al-Jaber,ravi.aljaber@icloud.com,9.66579E+12,Qassim,Al-Bahah Region,2/11/2023,Male,34,Loyal,Active,2023
CUST-002297,Harper Al-Khalifa,harper.alkhalifa@icloud.com,9.66555E+12,Riyadh,Tabuk Region,4/30/2022,Male,44,Loyal,Active,2022
CUST-002298,Noura Al-Malki,noura.almalki@yahoo.com,9.66539E+12,Taif,Northern Borders,2/19/2021,Male,24,Regular,Inactive,2021
CUST-002299,Harper Al-Hassan,harper.alhassan@icloud.com,9.6652E+12,Medina,Hail Region,3/26/2023,Female,32,VIP,Active,2023
CUST-002300,Ahmed Al-Mutairi,ahmed.almutairi@gmail.com,9.66527E+12,Yanbu,Al-Bahah Region,10/31/2021,Male,30,VIP,Active,2021
CUST-002301,Dana Johnson,dana.johnson@yahoo.com,9.66556E+12,Al-Ahsa,Al-Bahah Region,8/26/2025,Female,22,Regular,Active,2025
CUST-002302,Noura Rao,noura.rao@icloud.com,9.6659E+12,Jubail,Riyadh Region,9/12/2023,Female,22,Loyal,Inactive,2023
CUST-002303,Omar Gupta,omar.gupta@gmail.com,9.66534E+12,Al-Kharj,Al-Jawf Region,2/24/2024,Female,37,Loyal,Inactive,2024
CUST-002304,Evelyn Chen,evelyn.chen@hotmail.com,9.66561E+12,Hail,Najran Region,10/20/2024,Female,57,VIP,Inactive,2024
CUST-002305,Nikhil Gupta,nikhil.gupta@yahoo.com,9.66584E+12,Riyadh,Al-Qassim Region,12/26/2024,Male,30,Loyal,Active,2024
CUST-002306,Omar Chen,omar.chen@gmail.com,9.66593E+12,Yanbu,Makkah Region,4/22/2024,Female,26,New,Active,2024
CUST-002307,Richard Kumar,richard.kumar@hotmail.com,9.66557E+12,Khamis Mushait,Northern Borders,2/11/2023,Female,49,Loyal,Active,2023
CUST-002308,John Al-Nasser,john.alnasser@hotmail.com,9.66576E+12,Medina,Eastern Province,11/9/2022,Female,45,VIP,Active,2022
CUST-002309,Ahmed Al-Ghamdi,ahmed.alghamdi@outlook.com,9.66587E+12,Hail,Najran Region,8/26/2024,Male,36,New,Active,2024
CUST-002310,Khalid Nair,khalid.nair@outlook.com,9.66554E+12,Hail,Makkah Region,9/22/2021,Male,34,VIP,Active,2021
CUST-002311,Khalid Al-Jaber,khalid.aljaber@icloud.com,9.66599E+12,Jubail,Tabuk Region,1/21/2020,Male,30,Regular,Inactive,2020
CUST-002312,Richard Chen,richard.chen@outlook.com,9.66508E+12,Abha,Hail Region,4/8/2025,Male,64,New,Active,2025
CUST-002313,Mohammed Garcia,mohammed.garcia@outlook.com,9.66532E+12,Sakaka,Tabuk Region,1/1/2023,Male,31,Loyal,Active,2023
CUST-002314,Fatima Al-Harbi,fatima.alharbi@hotmail.com,9.66508E+12,Sakaka,Al-Bahah Region,12/30/2025,Male,19,VIP,Active,2025
CUST-002315,Noura Davis,noura.davis@icloud.com,9.66509E+12,Yanbu,Al-Jawf Region,9/28/2020,Female,56,Loyal,Inactive,2020
CUST-002316,Yang Li,yang.li@yahoo.com,9.66546E+12,Dammam,Najran Region,1/5/2023,Male,31,VIP,Active,2023
CUST-002317,Abigail Davis,abigail.davis@icloud.com,9.66505E+12,Hail,Riyadh Region,3/15/2025,Male,40,Loyal,Active,2025
CUST-002318,Dana Zhang,dana.zhang@gmail.com,9.66595E+12,Jubail,Al-Jawf Region,7/1/2022,Female,61,New,Active,2022
CUST-002319,Harper Al-Saud,harper.alsaud@icloud.com,9.66503E+12,Yanbu,Riyadh Region,11/21/2021,Female,35,Regular,Active,2021
CUST-002320,Li Jones,li.jones@gmail.com,9.66558E+12,Sakaka,Eastern Province,9/22/2023,Female,57,New,Active,2023
CUST-002321,Aisha Martinez,aisha.martinez@yahoo.com,9.66504E+12,Medina,Al-Qassim Region,12/7/2024,Female,48,VIP,Inactive,2024
CUST-002322,Thomas Mehta,thomas.mehta@hotmail.com,9.66596E+12,Medina,Al-Jawf Region,6/18/2023,Male,50,Loyal,Active,2023
CUST-002323,Zhao Al-Dosari,zhao.aldosari@icloud.com,9.66524E+12,Riyadh,Najran Region,11/8/2025,Male,56,VIP,Inactive,2025
CUST-002324,Liu Reddy,liu.reddy@icloud.com,9.66542E+12,Al-Kharj,Northern Borders,10/13/2021,Male,59,Regular,Active,2021
CUST-002325,Huang Iyer,huang.iyer@gmail.com,9.66558E+12,Jizan,Al-Bahah Region,2/20/2023,Male,47,Loyal,Active,2023
CUST-002326,Reem Liu,reem.liu@yahoo.com,9.66517E+12,Tabuk,Al-Bahah Region,1/11/2020,Female,43,Regular,Inactive,2020
CUST-002327,Noura Al-Turki,noura.alturki@gmail.com,9.66552E+12,Khamis Mushait,Makkah Region,4/3/2025,Male,36,Regular,Active,2025
CUST-002328,Chen Sharma,chen.sharma@hotmail.com,9.66595E+12,Yanbu,Al-Qassim Region,4/5/2020,Female,27,Regular,Active,2020
CUST-002329,Matthew Al-Mahmoud,matthew.almahmoud@yahoo.com,9.6654E+12,Jubail,Makkah Region,1/18/2025,Male,27,Regular,Active,2025
CUST-002330,Emma Al-Dosari,emma.aldosari@icloud.com,9.66501E+12,Yanbu,Hail Region,1/22/2023,Female,21,VIP,Active,2023
CUST-002331,Daniel Zhao,daniel.zhao@hotmail.com,9.66542E+12,Al-Ahsa,Northern Borders,7/26/2025,Female,38,Regular,Inactive,2025
CUST-002332,Isabella Al-Shehri,isabella.alshehri@icloud.com,9.66589E+12,Jeddah,Jazan Region,5/10/2022,Female,50,New,Active,2022
CUST-002333,Harper Al-Shehri,harper.alshehri@hotmail.com,9.66579E+12,Jeddah,Najran Region,5/24/2023,Female,50,Loyal,Active,2023
CUST-002334,William Yang,william.yang@yahoo.com,9.66585E+12,Qassim,Najran Region,12/20/2024,Female,31,New,Active,2024
CUST-002335,Mohammed Al-Dosari,mohammed.aldosari@outlook.com,9.66562E+12,Dammam,Asir Region,6/22/2024,Male,29,New,Inactive,2024
CUST-002336,Mohammed Al-Saud,mohammed.alsaud@hotmail.com,9.66518E+12,Qassim,Makkah Region,9/25/2021,Female,59,New,Inactive,2021
CUST-002337,Nikhil Al-Malki,nikhil.almalki@gmail.com,9.66571E+12,Jizan,Northern Borders,5/30/2020,Male,21,Loyal,Inactive,2020
CUST-002338,Yousef Jones,yousef.jones@outlook.com,9.66529E+12,Qassim,Eastern Province,5/6/2024,Male,32,VIP,Inactive,2024
CUST-002339,Arjun Iyer,arjun.iyer@hotmail.com,9.66597E+12,Jeddah,Asir Region,7/19/2023,Male,44,Loyal,Active,2023
CUST-002340,Matthew Zhang,matthew.zhang@icloud.com,9.66568E+12,Abha,Asir Region,10/17/2023,Female,62,Loyal,Active,2023
CUST-002341,Li Li,li.li@outlook.com,9.66532E+12,Khobar,Al-Jawf Region,6/12/2022,Male,38,VIP,Active,2022
CUST-002342,Raj Al-Harbi,raj.alharbi@hotmail.com,9.66571E+12,Najran,Eastern Province,1/18/2021,Female,57,Regular,Inactive,2021
CUST-002343,Maha Al-Hassan,maha.alhassan@hotmail.com,9.66542E+12,Buraidah,Hail Region,9/16/2025,Male,24,New,Active,2025
CUST-002344,Khalid Martinez,khalid.martinez@outlook.com,9.6651E+12,Medina,Eastern Province,7/18/2022,Female,21,Regular,Active,2022
CUST-002345,Mia Rao,mia.rao@gmail.com,9.66559E+12,Jizan,Najran Region,11/1/2020,Male,55,Loyal,Active,2020
CUST-002346,Abigail Rao,abigail.rao@icloud.com,9.66503E+12,Abha,Al-Jawf Region,5/24/2023,Female,40,Loyal,Inactive,2023
CUST-002347,Reem Miller,reem.miller@outlook.com,9.66579E+12,Buraidah,Riyadh Region,8/7/2022,Female,64,Loyal,Active,2022
CUST-002348,Chen Al-Otaibi,chen.alotaibi@gmail.com,9.66564E+12,Dammam,Al-Qassim Region,7/31/2023,Female,31,Loyal,Inactive,2023
CUST-002349,Arjun Brown,arjun.brown@gmail.com,9.66559E+12,Jubail,Hail Region,1/29/2025,Male,56,Regular,Active,2025
CUST-002350,Lina Al-Zahrani,lina.alzahrani@icloud.com,9.66569E+12,Tabuk,Al-Bahah Region,6/3/2020,Male,54,New,Active,2020
CUST-002351,Charlotte Sharma,charlotte.sharma@hotmail.com,9.66524E+12,Abha,Eastern Province,5/14/2023,Male,42,VIP,Active,2023
CUST-002352,Charlotte Patel,charlotte.patel@hotmail.com,9.66584E+12,Al-Kharj,Northern Borders,5/12/2024,Male,47,Regular,Active,2024
CUST-002353,Reem Gupta,reem.gupta@outlook.com,9.66546E+12,Khobar,Al-Bahah Region,5/16/2021,Female,65,VIP,Inactive,2021
CUST-002354,Reem Al-Faisal,reem.alfaisal@gmail.com,9.66575E+12,Sakaka,Makkah Region,10/5/2024,Male,46,New,Active,2024
CUST-002355,Ahmed Smith,ahmed.smith@yahoo.com,9.66518E+12,Medina,Northern Borders,10/21/2020,Female,24,Regular,Active,2020
CUST-002356,Wang Davis,wang.davis@outlook.com,9.66562E+12,Al-Kharj,Tabuk Region,4/13/2022,Female,46,VIP,Active,2022
CUST-002357,Sanjay Al-Malki,sanjay.almalki@icloud.com,9.66528E+12,Jizan,Tabuk Region,9/15/2022,Male,19,Regular,Active,2022
CUST-002358,Zhang Al-Saud,zhang.alsaud@hotmail.com,9.66509E+12,Al-Kharj,Northern Borders,2/5/2022,Male,53,Regular,Active,2022
CUST-002359,Robert Rao,robert.rao@outlook.com,9.66519E+12,Jizan,Northern Borders,8/22/2024,Female,22,New,Active,2024
CUST-002360,John Al-Khalifa,john.alkhalifa@outlook.com,9.66535E+12,Khobar,Riyadh Region,7/4/2021,Male,26,Regular,Active,2021
CUST-002361,Abigail Zhao,abigail.zhao@icloud.com,9.66502E+12,Tabuk,Al-Bahah Region,11/27/2024,Female,53,Regular,Active,2024
CUST-002362,Olivia Patel,olivia.patel@icloud.com,9.66502E+12,Jubail,Jazan Region,10/22/2020,Female,27,VIP,Active,2020
CUST-002363,Chen Reddy,chen.reddy@gmail.com,9.66545E+12,Riyadh,Al-Qassim Region,11/3/2021,Male,33,VIP,Active,2021
CUST-002364,Matthew Martinez,matthew.martinez@outlook.com,9.66557E+12,Buraidah,Eastern Province,3/23/2024,Male,25,Loyal,Active,2024
CUST-002365,Olivia Al-Nasser,olivia.alnasser@yahoo.com,9.66564E+12,Mecca,Al-Qassim Region,1/1/2024,Female,57,VIP,Active,2024
CUST-002366,Harper Al-Nasser,harper.alnasser@yahoo.com,9.66528E+12,Al-Ahsa,Northern Borders,12/12/2022,Male,37,New,Active,2022
CUST-002367,Noura Yang,noura.yang@hotmail.com,9.66503E+12,Hail,Hail Region,9/17/2020,Male,35,VIP,Active,2020
CUST-002368,Yang Yang,yang.yang@outlook.com,9.66573E+12,Khobar,Najran Region,7/25/2022,Male,37,Loyal,Active,2022
CUST-002369,Lina Al-Shehri,lina.alshehri@hotmail.com,9.66555E+12,Jizan,Al-Bahah Region,12/8/2020,Female,61,Loyal,Active,2020
CUST-002370,Harper Williams,harper.williams@yahoo.com,9.66552E+12,Medina,Tabuk Region,2/18/2025,Female,55,VIP,Active,2025
CUST-002371,Khalid Al-Malki,khalid.almalki@gmail.com,9.66541E+12,Al-Kharj,Hail Region,3/15/2023,Male,46,Loyal,Active,2023
CUST-002372,Thomas Al-Zahrani,thomas.alzahrani@icloud.com,9.66532E+12,Khamis Mushait,Hail Region,8/18/2025,Male,21,New,Inactive,2025
CUST-002373,Emma Garcia,emma.garcia@gmail.com,9.66544E+12,Al-Kharj,Makkah Region,8/22/2023,Male,22,VIP,Active,2023
CUST-002374,Thomas Wang,thomas.wang@icloud.com,9.66563E+12,Medina,Riyadh Region,6/13/2025,Male,53,Loyal,Active,2025
CUST-002375,Ali Zhou,ali.zhou@outlook.com,9.66585E+12,Yanbu,Tabuk Region,6/11/2021,Female,47,New,Active,2021
CUST-002376,Vikram Yang,vikram.yang@gmail.com,9.66527E+12,Al-Kharj,Al-Jawf Region,3/21/2022,Male,64,New,Active,2022
CUST-002377,Rana Johnson,rana.johnson@yahoo.com,9.66506E+12,Jeddah,Riyadh Region,1/26/2022,Male,21,Regular,Inactive,2022
CUST-002378,Thomas Singh,thomas.singh@hotmail.com,9.66505E+12,Dammam,Eastern Province,3/26/2023,Male,24,VIP,Active,2023
CUST-002379,Mohammed Reddy,mohammed.reddy@outlook.com,9.66571E+12,Medina,Hail Region,11/4/2020,Female,38,Regular,Active,2020
CUST-002380,Saad Reddy,saad.reddy@outlook.com,9.66534E+12,Khamis Mushait,Eastern Province,6/11/2021,Male,26,VIP,Active,2021
CUST-002381,Ali Kumar,ali.kumar@yahoo.com,9.66593E+12,Khobar,Al-Jawf Region,12/22/2021,Male,41,Loyal,Active,2021
CUST-002382,Vikram Al-Otaibi,vikram.alotaibi@gmail.com,9.66592E+12,Mecca,Makkah Region,4/30/2022,Female,52,VIP,Active,2022
CUST-002383,Lina Huang,lina.huang@gmail.com,9.66534E+12,Khobar,Hail Region,1/13/2022,Female,25,Regular,Active,2022
CUST-002384,Huda Al-Mahmoud,huda.almahmoud@icloud.com,9.66546E+12,Yanbu,Al-Jawf Region,3/6/2023,Female,26,Regular,Active,2023
CUST-002385,Fatima Zhang,fatima.zhang@outlook.com,9.66545E+12,Sakaka,Jazan Region,10/19/2024,Male,29,VIP,Inactive,2024
CUST-002386,Sophia Iyer,sophia.iyer@outlook.com,9.66535E+12,Khobar,Al-Bahah Region,8/11/2020,Female,33,Loyal,Active,2020
CUST-002387,Raj Al-Turki,raj.alturki@outlook.com,9.66535E+12,Al-Kharj,Najran Region,1/16/2024,Male,57,Loyal,Active,2024
CUST-002388,David Reddy,david.reddy@gmail.com,9.66553E+12,Jizan,Northern Borders,2/28/2024,Female,54,New,Active,2024
CUST-002389,Olivia Al-Nasser,olivia.alnasser@outlook.com,9.66526E+12,Abha,Al-Jawf Region,9/23/2025,Male,57,Loyal,Active,2025
CUST-002390,Dana Al-Zahrani,dana.alzahrani@hotmail.com,9.66576E+12,Abha,Asir Region,7/14/2024,Female,28,VIP,Active,2024
CUST-002391,Nikhil Davis,nikhil.davis@outlook.com,9.66565E+12,Abha,Hail Region,5/3/2022,Female,26,VIP,Active,2022
CUST-002392,Ibrahim Rodriguez,ibrahim.rodriguez@yahoo.com,9.66568E+12,Al-Kharj,Eastern Province,5/4/2023,Male,39,Loyal,Active,2023
CUST-002393,Sara Al-Faisal,sara.alfaisal@outlook.com,9.66564E+12,Qassim,Asir Region,8/20/2023,Female,31,VIP,Active,2023
CUST-002394,Charlotte Singh,charlotte.singh@icloud.com,9.66564E+12,Al-Kharj,Riyadh Region,8/18/2024,Male,43,Regular,Active,2024
CUST-002395,Amelia Wang,amelia.wang@icloud.com,9.66539E+12,Sakaka,Najran Region,11/12/2020,Female,24,VIP,Active,2020
CUST-002396,Karan Zhang,karan.zhang@gmail.com,9.66516E+12,Khamis Mushait,Al-Jawf Region,3/16/2022,Female,23,New,Active,2022
CUST-002397,Mohammed Li,mohammed.li@yahoo.com,9.66573E+12,Jizan,Riyadh Region,4/15/2025,Male,18,New,Active,2025
CUST-002398,Mia Zhou,mia.zhou@outlook.com,9.66578E+12,Riyadh,Najran Region,7/27/2021,Female,64,VIP,Inactive,2021
CUST-002399,Noura Al-Ahmari,noura.alahmari@yahoo.com,9.66515E+12,Jizan,Asir Region,5/4/2023,Female,43,Regular,Active,2023
CUST-002400,Vikram Davis,vikram.davis@yahoo.com,9.66599E+12,Khobar,Northern Borders,4/29/2023,Female,43,Regular,Active,2023
CUST-002401,Evelyn Al-Zahrani,evelyn.alzahrani@outlook.com,9.66529E+12,Al-Kharj,Al-Jawf Region,5/16/2023,Male,31,Loyal,Inactive,2023
CUST-002402,Rana Zhang,rana.zhang@gmail.com,9.66513E+12,Yanbu,Al-Bahah Region,4/18/2024,Female,54,Loyal,Active,2024
CUST-002403,Abigail Nair,abigail.nair@outlook.com,9.66507E+12,Qassim,Asir Region,6/13/2022,Female,32,New,Active,2022
CUST-002404,Saad Gupta,saad.gupta@gmail.com,9.66526E+12,Al-Kharj,Riyadh Region,4/10/2021,Female,63,Regular,Inactive,2021
CUST-002405,Evelyn Davis,evelyn.davis@icloud.com,9.66502E+12,Tabuk,Asir Region,8/6/2022,Female,35,Regular,Active,2022
CUST-002406,Zhao Al-Turki,zhao.alturki@outlook.com,9.6658E+12,Tabuk,Al-Jawf Region,1/25/2023,Male,36,New,Inactive,2023
CUST-002407,Mia Al-Mutairi,mia.almutairi@hotmail.com,9.66512E+12,Mecca,Northern Borders,7/14/2025,Male,20,New,Active,2025
CUST-002408,Zhao Chen,zhao.chen@gmail.com,9.66516E+12,Riyadh,Tabuk Region,12/6/2020,Male,21,VIP,Active,2020
CUST-002409,Huang Al-Harbi,huang.alharbi@yahoo.com,9.66589E+12,Yanbu,Northern Borders,5/2/2021,Female,52,New,Active,2021
CUST-002410,Yang Zhou,yang.zhou@icloud.com,9.66504E+12,Buraidah,Eastern Province,5/14/2021,Male,34,VIP,Active,2021
CUST-002411,Charlotte Miller,charlotte.miller@yahoo.com,9.66504E+12,Hail,Asir Region,11/1/2020,Female,21,Loyal,Inactive,2020
CUST-002412,Arjun Al-Zahrani,arjun.alzahrani@outlook.com,9.66592E+12,Tabuk,Najran Region,4/14/2024,Male,23,VIP,Active,2024
CUST-002413,Saad Al-Mutairi,saad.almutairi@gmail.com,9.66573E+12,Tabuk,Eastern Province,2/4/2021,Female,19,Regular,Active,2021
CUST-002414,Huang Mehta,huang.mehta@gmail.com,9.66528E+12,Qassim,Al-Jawf Region,12/27/2020,Female,23,New,Active,2020
CUST-002415,Wang Chen,wang.chen@outlook.com,9.66545E+12,Dammam,Jazan Region,11/3/2020,Male,45,Loyal,Inactive,2020
CUST-002416,James Li,james.li@outlook.com,9.66547E+12,Tabuk,Al-Qassim Region,10/20/2020,Male,53,New,Active,2020
CUST-002417,Zhao Al-Saud,zhao.alsaud@outlook.com,9.66549E+12,Medina,Al-Jawf Region,4/1/2024,Male,54,VIP,Active,2024
CUST-002418,Huda Al-Faisal,huda.alfaisal@yahoo.com,9.66516E+12,Buraidah,Riyadh Region,11/7/2020,Male,23,VIP,Active,2020
CUST-002419,Michael Al-Ghamdi,michael.alghamdi@outlook.com,9.666E+12,Yanbu,Al-Jawf Region,1/29/2022,Female,22,Loyal,Inactive,2022
CUST-002420,Rana Patel,rana.patel@hotmail.com,9.66525E+12,Khobar,Al-Jawf Region,7/28/2025,Female,22,New,Active,2025
CUST-002421,Raj Sharma,raj.sharma@hotmail.com,9.66572E+12,Al-Ahsa,Al-Qassim Region,2/4/2023,Female,45,Loyal,Inactive,2023
CUST-002422,Reem Zhang,reem.zhang@icloud.com,9.66594E+12,Jeddah,Riyadh Region,2/21/2024,Male,55,VIP,Active,2024
CUST-002423,Daniel Patel,daniel.patel@outlook.com,9.66536E+12,Najran,Najran Region,4/28/2023,Male,29,Loyal,Active,2023
CUST-002424,Matthew Al-Farsi,matthew.alfarsi@outlook.com,9.66563E+12,Najran,Northern Borders,2/12/2024,Male,34,Loyal,Active,2024
CUST-002425,Emma Al-Otaibi,emma.alotaibi@gmail.com,9.66515E+12,Taif,Makkah Region,6/30/2022,Male,42,Loyal,Active,2022
CUST-002426,Rana Al-Harbi,rana.alharbi@icloud.com,9.66572E+12,Riyadh,Riyadh Region,8/13/2024,Female,52,New,Active,2024
CUST-002427,Li Al-Nasser,li.alnasser@gmail.com,9.66573E+12,Qassim,Eastern Province,2/1/2020,Female,44,Regular,Active,2020
CUST-002428,Sophia Al-Mahmoud,sophia.almahmoud@gmail.com,9.66516E+12,Khobar,Eastern Province,7/28/2022,Male,53,Regular,Active,2022
CUST-002429,Fatima Yang,fatima.yang@yahoo.com,9.66541E+12,Qassim,Tabuk Region,4/13/2025,Female,27,Regular,Active,2025
CUST-002430,Evelyn Zhao,evelyn.zhao@icloud.com,9.66541E+12,Riyadh,Tabuk Region,1/12/2021,Male,64,VIP,Active,2021
CUST-002431,Evelyn Al-Ahmari,evelyn.alahmari@yahoo.com,9.66552E+12,Medina,Asir Region,11/22/2023,Male,38,Regular,Active,2023
CUST-002432,Nikhil Rao,nikhil.rao@yahoo.com,9.6653E+12,Khamis Mushait,Al-Qassim Region,6/21/2021,Male,45,VIP,Active,2021
CUST-002433,Raj Al-Mutairi,raj.almutairi@hotmail.com,9.66578E+12,Jeddah,Al-Qassim Region,3/17/2025,Male,19,Regular,Inactive,2025
CUST-002434,Mohammed Al-Shehri,mohammed.alshehri@gmail.com,9.66542E+12,Sakaka,Tabuk Region,9/11/2023,Male,37,New,Inactive,2023
CUST-002435,Michael Al-Nasser,michael.alnasser@yahoo.com,9.66582E+12,Taif,Tabuk Region,4/7/2025,Female,47,VIP,Active,2025
CUST-002436,Charlotte Al-Harbi,charlotte.alharbi@yahoo.com,9.6652E+12,Khamis Mushait,Al-Jawf Region,7/3/2022,Male,42,Regular,Active,2022
CUST-002437,Olivia Yang,olivia.yang@gmail.com,9.66537E+12,Qassim,Al-Qassim Region,4/17/2021,Male,24,Regular,Inactive,2021
CUST-002438,Amit Al-Hassan,amit.alhassan@outlook.com,9.66544E+12,Jizan,Al-Qassim Region,2/26/2020,Female,39,VIP,Active,2020
CUST-002439,Zhao Li,zhao.li@hotmail.com,9.66599E+12,Buraidah,Al-Bahah Region,3/26/2020,Female,29,New,Active,2020
CUST-002440,Evelyn Iyer,evelyn.iyer@icloud.com,9.66505E+12,Najran,Eastern Province,10/30/2025,Female,18,Loyal,Active,2025
CUST-002441,Amit Al-Ghamdi,amit.alghamdi@outlook.com,9.66557E+12,Al-Ahsa,Asir Region,8/14/2022,Female,35,VIP,Active,2022
CUST-002442,Huang Al-Harbi,huang.alharbi@gmail.com,9.66565E+12,Dammam,Jazan Region,8/24/2024,Male,32,Loyal,Inactive,2024
CUST-002443,Khalid Martinez,khalid.martinez@icloud.com,9.66582E+12,Dammam,Hail Region,6/19/2022,Male,50,VIP,Active,2022
CUST-002444,Emma Al-Mahmoud,emma.almahmoud@outlook.com,9.66599E+12,Khobar,Al-Jawf Region,6/17/2024,Female,35,VIP,Active,2024
CUST-002445,Nikhil Li,nikhil.li@yahoo.com,9.66551E+12,Qassim,Tabuk Region,1/24/2022,Male,65,Regular,Active,2022
CUST-002446,Fatima Brown,fatima.brown@hotmail.com,9.66581E+12,Jeddah,Tabuk Region,11/23/2020,Female,63,Regular,Active,2020
CUST-002447,Abdullah Al-Mahmoud,abdullah.almahmoud@hotmail.com,9.66554E+12,Jizan,Al-Qassim Region,3/18/2021,Female,52,VIP,Active,2021
CUST-002448,Matthew Rodriguez,matthew.rodriguez@icloud.com,9.66506E+12,Khobar,Jazan Region,3/31/2024,Male,28,VIP,Active,2024
CUST-002449,James Rao,james.rao@gmail.com,9.66534E+12,Abha,Al-Jawf Region,8/14/2021,Female,61,VIP,Active,2021
CUST-002450,Fatima Jones,fatima.jones@gmail.com,9.6656E+12,Qassim,Eastern Province,11/21/2025,Female,32,New,Active,2025
CUST-002451,Mohammed Al-Malki,mohammed.almalki@icloud.com,9.66566E+12,Khobar,Al-Bahah Region,1/6/2021,Female,28,New,Active,2021
CUST-002452,Reem Smith,reem.smith@icloud.com,9.66523E+12,Riyadh,Tabuk Region,12/22/2020,Female,47,Regular,Active,2020
CUST-002453,David Al-Dosari,david.aldosari@yahoo.com,9.66593E+12,Jizan,Northern Borders,5/9/2022,Female,18,Loyal,Active,2022
CUST-002454,Yousef Patel,yousef.patel@gmail.com,9.66533E+12,Abha,Al-Qassim Region,10/4/2021,Male,37,VIP,Active,2021
CUST-002455,Fatima Al-Farsi,fatima.alfarsi@gmail.com,9.66562E+12,Al-Kharj,Riyadh Region,3/11/2021,Male,59,Regular,Active,2021
CUST-002456,James Zhou,james.zhou@yahoo.com,9.66579E+12,Jubail,Makkah Region,9/10/2020,Male,21,New,Active,2020
CUST-002457,Sunil Zhao,sunil.zhao@hotmail.com,9.66562E+12,Jizan,Eastern Province,1/24/2022,Female,42,VIP,Active,2022
CUST-002458,Khalid Zhang,khalid.zhang@hotmail.com,9.66559E+12,Buraidah,Riyadh Region,1/15/2025,Male,32,New,Active,2025
CUST-002459,Wei Al-Jaber,wei.aljaber@hotmail.com,9.66533E+12,Abha,Makkah Region,4/26/2024,Female,47,New,Active,2024
CUST-002460,Michael Gupta,michael.gupta@hotmail.com,9.66575E+12,Abha,Jazan Region,2/22/2020,Male,57,VIP,Active,2020
CUST-002461,Aisha Al-Dosari,aisha.aldosari@icloud.com,9.66512E+12,Al-Ahsa,Jazan Region,10/18/2024,Female,63,Loyal,Active,2024
CUST-002462,Omar Patel,omar.patel@yahoo.com,9.6658E+12,Yanbu,Makkah Region,5/27/2021,Male,54,Regular,Inactive,2021
CUST-002463,Fahad Al-Mutairi,fahad.almutairi@hotmail.com,9.66578E+12,Jeddah,Northern Borders,10/30/2020,Male,27,Regular,Active,2020
CUST-002464,Khalid Al-Dosari,khalid.aldosari@gmail.com,9.66567E+12,Qassim,Al-Jawf Region,12/14/2024,Male,42,Loyal,Active,2024
CUST-002465,Noura Singh,noura.singh@yahoo.com,9.66523E+12,Tabuk,Al-Jawf Region,6/14/2025,Male,52,VIP,Inactive,2025
CUST-002466,Ibrahim Al-Shehri,ibrahim.alshehri@yahoo.com,9.6657E+12,Khamis Mushait,Al-Bahah Region,3/11/2023,Female,44,Regular,Active,2023
CUST-002467,Fahad Al-Qahtani,fahad.alqahtani@hotmail.com,9.66529E+12,Buraidah,Asir Region,3/29/2020,Male,19,Regular,Active,2020
CUST-002468,Wang Singh,wang.singh@yahoo.com,9.66598E+12,Al-Kharj,Al-Bahah Region,8/31/2021,Male,62,New,Active,2021
CUST-002469,Ibrahim Miller,ibrahim.miller@outlook.com,9.66559E+12,Khamis Mushait,Northern Borders,4/5/2024,Male,26,Loyal,Inactive,2024
CUST-002470,Sunil Miller,sunil.miller@gmail.com,9.6658E+12,Qassim,Asir Region,7/28/2025,Female,39,New,Active,2025
CUST-002471,Huang Brown,huang.brown@icloud.com,9.66522E+12,Medina,Makkah Region,1/30/2023,Male,42,VIP,Active,2023
CUST-002472,Ravi Iyer,ravi.iyer@outlook.com,9.66543E+12,Yanbu,Jazan Region,6/21/2022,Female,22,Regular,Active,2022
CUST-002473,Fatima Davis,fatima.davis@hotmail.com,9.66554E+12,Abha,Jazan Region,2/5/2024,Female,38,Loyal,Inactive,2024
CUST-002474,Emma Nair,emma.nair@hotmail.com,9.66587E+12,Khamis Mushait,Tabuk Region,10/10/2024,Male,28,VIP,Inactive,2024
CUST-002475,Reem Al-Hassan,reem.alhassan@hotmail.com,9.66511E+12,Buraidah,Northern Borders,7/19/2021,Female,18,Loyal,Inactive,2021
CUST-002476,Yousef Huang,yousef.huang@outlook.com,9.66556E+12,Qassim,Hail Region,3/25/2021,Male,61,New,Active,2021
CUST-002477,Nikhil Al-Malki,nikhil.almalki@outlook.com,9.66568E+12,Khobar,Al-Qassim Region,8/5/2022,Female,62,New,Inactive,2022
CUST-002478,Daniel Zhao,daniel.zhao@yahoo.com,9.66545E+12,Dammam,Makkah Region,6/20/2021,Male,37,Loyal,Active,2021
CUST-002479,Huang Al-Rashid,huang.alrashid@yahoo.com,9.66524E+12,Buraidah,Jazan Region,3/5/2025,Male,36,VIP,Active,2025
CUST-002480,Amit Huang,amit.huang@outlook.com,9.66526E+12,Medina,Najran Region,4/8/2023,Male,47,New,Active,2023
CUST-002481,Lina Al-Faisal,lina.alfaisal@icloud.com,9.66583E+12,Mecca,Tabuk Region,1/28/2025,Male,33,Regular,Active,2025
CUST-002482,Vikram Al-Mahmoud,vikram.almahmoud@yahoo.com,9.66509E+12,Taif,Hail Region,9/19/2020,Female,49,Loyal,Active,2020
CUST-002483,Ahmed Reddy,ahmed.reddy@yahoo.com,9.66569E+12,Abha,Al-Jawf Region,7/29/2021,Female,30,New,Active,2021
CUST-002484,Khalid Al-Malki,khalid.almalki@yahoo.com,9.66502E+12,Khamis Mushait,Tabuk Region,8/23/2025,Female,26,Loyal,Active,2025
CUST-002485,Nikhil Chen,nikhil.chen@yahoo.com,9.66534E+12,Yanbu,Jazan Region,4/9/2024,Male,50,Regular,Inactive,2024
CUST-002486,Evelyn Reddy,evelyn.reddy@outlook.com,9.66514E+12,Jizan,Riyadh Region,10/6/2023,Female,56,VIP,Active,2023
CUST-002487,Yang Wu,yang.wu@yahoo.com,9.66509E+12,Najran,Northern Borders,2/20/2023,Male,25,Regular,Active,2023
CUST-002488,Rana Zhou,rana.zhou@hotmail.com,9.66519E+12,Tabuk,Hail Region,7/23/2020,Male,22,New,Active,2020
CUST-002489,Reem Reddy,reem.reddy@gmail.com,9.66576E+12,Khamis Mushait,Al-Bahah Region,9/2/2020,Male,31,New,Active,2020
CUST-002490,Rana Al-Saud,rana.alsaud@gmail.com,9.66505E+12,Jeddah,Tabuk Region,9/18/2022,Male,40,Loyal,Active,2022
CUST-002491,Huang Zhang,huang.zhang@hotmail.com,9.66514E+12,Hail,Asir Region,11/9/2025,Male,35,Regular,Active,2025
CUST-002492,Dana Mehta,dana.mehta@hotmail.com,9.66558E+12,Jeddah,Asir Region,6/21/2020,Male,24,Loyal,Inactive,2020
CUST-002493,Wu Kumar,wu.kumar@outlook.com,9.66547E+12,Medina,Jazan Region,1/20/2025,Female,20,New,Inactive,2025
CUST-002494,Ali Al-Farsi,ali.alfarsi@outlook.com,9.66516E+12,Sakaka,Najran Region,4/16/2022,Female,62,New,Active,2022
CUST-002495,Fahad Al-Zahrani,fahad.alzahrani@hotmail.com,9.66586E+12,Yanbu,Najran Region,9/26/2024,Male,23,Loyal,Active,2024
CUST-002496,Daniel Patel,daniel.patel@icloud.com,9.66584E+12,Tabuk,Eastern Province,8/22/2024,Male,48,New,Active,2024
CUST-002497,Liu Al-Otaibi,liu.alotaibi@hotmail.com,9.66584E+12,Najran,Asir Region,11/12/2022,Female,59,New,Inactive,2022
CUST-002498,David Iyer,david.iyer@hotmail.com,9.66573E+12,Qassim,Hail Region,10/8/2022,Female,33,Regular,Inactive,2022
CUST-002499,Vikram Zhao,vikram.zhao@icloud.com,9.66525E+12,Khobar,Northern Borders,6/27/2024,Male,24,Loyal,Active,2024
CUST-002500,Michael Yang,michael.yang@gmail.com,9.66515E+12,Qassim,Tabuk Region,10/8/2024,Female,53,Loyal,Inactive,2024
CUST-002501,Liu Brown,liu.brown@gmail.com,9.66531E+12,Dammam,Najran Region,10/28/2023,Male,28,Loyal,Active,2023
CUST-002502,Emma Al-Nasser,emma.alnasser@outlook.com,9.66569E+12,Qassim,Al-Jawf Region,6/28/2022,Female,38,New,Active,2022
CUST-002503,Li Al-Khalifa,li.alkhalifa@gmail.com,9.66525E+12,Dammam,Najran Region,2/27/2024,Female,45,New,Active,2024
CUST-002504,Ahmed Chen,ahmed.chen@outlook.com,9.66531E+12,Qassim,Al-Qassim Region,4/16/2025,Male,64,New,Active,2025
CUST-002505,Pavan Jones,pavan.jones@icloud.com,9.66527E+12,Jubail,Jazan Region,2/10/2025,Male,25,VIP,Active,2025
CUST-002506,John Al-Malki,john.almalki@outlook.com,9.66586E+12,Tabuk,Riyadh Region,9/8/2020,Male,46,New,Active,2020
CUST-002507,Khalid Al-Ghamdi,khalid.alghamdi@yahoo.com,9.66543E+12,Tabuk,Tabuk Region,4/3/2023,Female,31,New,Active,2023
CUST-002508,Sanjay Al-Turki,sanjay.alturki@outlook.com,9.66577E+12,Medina,Al-Qassim Region,10/15/2024,Male,61,Loyal,Active,2024
CUST-002509,Robert Sharma,robert.sharma@icloud.com,9.66566E+12,Jizan,Northern Borders,2/7/2025,Female,36,New,Inactive,2025
CUST-002510,Abigail Al-Mahmoud,abigail.almahmoud@outlook.com,9.66584E+12,Tabuk,Tabuk Region,12/25/2022,Male,19,VIP,Active,2022
CUST-002511,Sara Rodriguez,sara.rodriguez@yahoo.com,9.66566E+12,Tabuk,Jazan Region,3/31/2022,Male,26,New,Inactive,2022
CUST-002512,Khalid Al-Nasser,khalid.alnasser@hotmail.com,9.66539E+12,Riyadh,Jazan Region,3/28/2020,Female,62,VIP,Active,2020
CUST-002513,Arjun Garcia,arjun.garcia@outlook.com,9.66503E+12,Hail,Jazan Region,4/13/2021,Male,39,New,Active,2021
CUST-002514,Ali Al-Shehri,ali.alshehri@outlook.com,9.66527E+12,Riyadh,Riyadh Region,8/26/2025,Male,26,Loyal,Active,2025
CUST-002515,Charlotte Huang,charlotte.huang@yahoo.com,9.66547E+12,Hail,Al-Qassim Region,2/9/2025,Male,32,VIP,Active,2025
CUST-002516,Sophia Zhang,sophia.zhang@yahoo.com,9.66558E+12,Mecca,Al-Qassim Region,2/4/2022,Male,36,Loyal,Active,2022
CUST-002517,Amelia Al-Qahtani,amelia.alqahtani@hotmail.com,9.66564E+12,Khamis Mushait,Northern Borders,5/5/2024,Female,61,Regular,Active,2024
CUST-002518,Mohammed Brown,mohammed.brown@gmail.com,9.66573E+12,Yanbu,Northern Borders,2/3/2024,Male,51,Regular,Active,2024
CUST-002519,William Chen,william.chen@hotmail.com,9.66549E+12,Khobar,Al-Bahah Region,8/2/2025,Male,36,New,Active,2025
CUST-002520,Li Al-Harbi,li.alharbi@yahoo.com,9.66508E+12,Jizan,Al-Jawf Region,7/22/2020,Male,37,Loyal,Active,2020
CUST-002521,John Al-Qahtani,john.alqahtani@icloud.com,9.66509E+12,Hail,Tabuk Region,5/3/2022,Male,49,New,Active,2022
CUST-002522,Vikram Williams,vikram.williams@gmail.com,9.66534E+12,Hail,Northern Borders,6/8/2022,Female,56,Regular,Active,2022
CUST-002523,Fahad Al-Ghamdi,fahad.alghamdi@gmail.com,9.66509E+12,Jeddah,Najran Region,8/19/2022,Male,53,Loyal,Inactive,2022
CUST-002524,Abdullah Al-Mahmoud,abdullah.almahmoud@gmail.com,9.66548E+12,Jeddah,Eastern Province,11/27/2025,Male,39,VIP,Active,2025
CUST-002525,Michael Chen,michael.chen@icloud.com,9.66529E+12,Jeddah,Al-Qassim Region,7/31/2022,Male,34,Regular,Active,2022
CUST-002526,Richard Iyer,richard.iyer@gmail.com,9.66537E+12,Jizan,Eastern Province,12/26/2025,Male,50,New,Active,2025
CUST-002527,Yousef Al-Dosari,yousef.aldosari@outlook.com,9.66582E+12,Najran,Al-Qassim Region,5/26/2023,Female,62,VIP,Active,2023
CUST-002528,Zhang Al-Rashid,zhang.alrashid@hotmail.com,9.66532E+12,Mecca,Riyadh Region,11/29/2023,Male,61,Regular,Active,2023
CUST-002529,Liu Zhou,liu.zhou@outlook.com,9.66574E+12,Sakaka,Jazan Region,8/25/2025,Female,26,New,Inactive,2025
CUST-002530,Harper Al-Ahmari,harper.alahmari@hotmail.com,9.6653E+12,Yanbu,Al-Qassim Region,8/11/2022,Female,44,VIP,Active,2022
CUST-002531,Pavan Al-Mahmoud,pavan.almahmoud@gmail.com,9.66568E+12,Yanbu,Jazan Region,2/6/2021,Female,48,Loyal,Active,2021
CUST-002532,Arjun Liu,arjun.liu@icloud.com,9.66536E+12,Abha,Northern Borders,11/24/2025,Female,19,New,Active,2025
CUST-002533,Yang Al-Jaber,yang.aljaber@yahoo.com,9.66576E+12,Khobar,Al-Qassim Region,10/12/2021,Male,45,Loyal,Active,2021
CUST-002534,Daniel Zhang,daniel.zhang@icloud.com,9.66509E+12,Tabuk,Jazan Region,6/14/2024,Male,43,VIP,Active,2024
CUST-002535,Fatima Yang,fatima.yang@icloud.com,9.66589E+12,Riyadh,Jazan Region,4/8/2023,Male,38,New,Active,2023
CUST-002536,John Singh,john.singh@icloud.com,9.66577E+12,Al-Ahsa,Eastern Province,11/11/2024,Female,56,Loyal,Active,2024
CUST-002537,Reem Al-Otaibi,reem.alotaibi@icloud.com,9.66538E+12,Najran,Al-Bahah Region,12/19/2025,Male,38,New,Active,2025
CUST-002538,Zhao Al-Hassan,zhao.alhassan@hotmail.com,9.66517E+12,Medina,Northern Borders,9/12/2023,Female,53,Regular,Inactive,2023
CUST-002539,Khalid Al-Malki,khalid.almalki@icloud.com,9.66556E+12,Najran,Makkah Region,12/28/2025,Female,23,New,Active,2025
CUST-002540,Isabella Iyer,isabella.iyer@gmail.com,9.6651E+12,Najran,Riyadh Region,1/18/2020,Male,34,VIP,Inactive,2020
CUST-002541,Sunil Al-Saud,sunil.alsaud@yahoo.com,9.66587E+12,Qassim,Jazan Region,12/2/2023,Female,21,Regular,Active,2023
CUST-002542,Nikhil Al-Farsi,nikhil.alfarsi@icloud.com,9.66531E+12,Medina,Makkah Region,9/6/2021,Female,58,New,Active,2021
CUST-002543,Vikram Zhang,vikram.zhang@outlook.com,9.66508E+12,Taif,Eastern Province,4/4/2020,Female,60,VIP,Active,2020
CUST-002544,Fatima Smith,fatima.smith@yahoo.com,9.66536E+12,Sakaka,Asir Region,5/2/2021,Male,42,Regular,Active,2021
CUST-002545,Ahmed Li,ahmed.li@yahoo.com,9.66503E+12,Taif,Eastern Province,4/25/2024,Female,26,VIP,Inactive,2024
CUST-002546,Daniel Sharma,daniel.sharma@yahoo.com,9.6658E+12,Buraidah,Riyadh Region,8/30/2023,Female,62,New,Active,2023
CUST-002547,Dana Reddy,dana.reddy@icloud.com,9.66556E+12,Jubail,Tabuk Region,7/22/2020,Female,52,Loyal,Active,2020
CUST-002548,James Al-Faisal,james.alfaisal@hotmail.com,9.66546E+12,Abha,Tabuk Region,9/14/2023,Male,35,Loyal,Active,2023
CUST-002549,Huang Yang,huang.yang@icloud.com,9.66566E+12,Khamis Mushait,Asir Region,1/1/2023,Male,36,Regular,Active,2023
CUST-002550,Vikram Yang,vikram.yang@outlook.com,9.66527E+12,Jubail,Asir Region,11/13/2024,Female,37,VIP,Active,2024
CUST-002551,Ibrahim Al-Otaibi,ibrahim.alotaibi@outlook.com,9.66576E+12,Khamis Mushait,Jazan Region,1/19/2020,Female,33,Regular,Active,2020
CUST-002552,Nikhil Zhou,nikhil.zhou@icloud.com,9.6654E+12,Taif,Tabuk Region,9/25/2022,Female,56,VIP,Inactive,2022
CUST-002553,Ali Patel,ali.patel@gmail.com,9.66545E+12,Jeddah,Hail Region,5/10/2020,Male,52,VIP,Active,2020
CUST-002554,Matthew Smith,matthew.smith@gmail.com,9.66507E+12,Tabuk,Tabuk Region,12/6/2021,Male,54,New,Active,2021
CUST-002555,Daniel Jones,daniel.jones@outlook.com,9.66529E+12,Hail,Tabuk Region,11/15/2023,Male,33,New,Active,2023
CUST-002556,Richard Al-Malki,richard.almalki@hotmail.com,9.66586E+12,Medina,Hail Region,6/6/2020,Male,62,New,Active,2020
CUST-002557,Michael Al-Otaibi,michael.alotaibi@yahoo.com,9.66582E+12,Buraidah,Asir Region,11/7/2023,Male,22,Regular,Active,2023
CUST-002558,Evelyn Miller,evelyn.miller@yahoo.com,9.66538E+12,Sakaka,Hail Region,2/9/2022,Male,64,New,Active,2022
CUST-002559,Ibrahim Garcia,ibrahim.garcia@hotmail.com,9.66591E+12,Taif,Eastern Province,6/30/2024,Female,29,Loyal,Active,2024
CUST-002560,Ibrahim Yang,ibrahim.yang@outlook.com,9.66563E+12,Najran,Makkah Region,7/28/2020,Female,49,Regular,Inactive,2020
CUST-002561,Aisha Yang,aisha.yang@hotmail.com,9.66555E+12,Hail,Makkah Region,11/29/2022,Female,20,New,Inactive,2022
CUST-002562,Lina Kumar,lina.kumar@gmail.com,9.66517E+12,Buraidah,Hail Region,1/4/2024,Female,61,Regular,Active,2024
CUST-002563,Ravi Al-Harbi,ravi.alharbi@outlook.com,9.66527E+12,Khobar,Najran Region,3/16/2021,Female,47,Regular,Active,2021
CUST-002564,Daniel Miller,daniel.miller@outlook.com,9.66513E+12,Mecca,Al-Jawf Region,7/24/2023,Female,41,Loyal,Active,2023
CUST-002565,Pavan Iyer,pavan.iyer@hotmail.com,9.66513E+12,Yanbu,Riyadh Region,10/5/2025,Female,51,New,Inactive,2025
CUST-002566,Wei Al-Faisal,wei.alfaisal@outlook.com,9.66563E+12,Riyadh,Al-Qassim Region,8/30/2020,Female,54,Regular,Active,2020
CUST-002567,Evelyn Iyer,evelyn.iyer@yahoo.com,9.66504E+12,Sakaka,Al-Qassim Region,10/8/2023,Male,45,Loyal,Active,2023
CUST-002568,Dana Singh,dana.singh@gmail.com,9.66559E+12,Al-Kharj,Najran Region,8/8/2021,Male,61,Loyal,Active,2021
CUST-002569,Lina Al-Dosari,lina.aldosari@gmail.com,9.66524E+12,Taif,Asir Region,12/15/2025,Male,37,VIP,Active,2025
CUST-002570,Arjun Rodriguez,arjun.rodriguez@yahoo.com,9.66503E+12,Najran,Al-Qassim Region,9/19/2022,Female,37,VIP,Active,2022
CUST-002571,Zhang Al-Dosari,zhang.aldosari@yahoo.com,9.66583E+12,Abha,Makkah Region,10/5/2022,Female,26,Loyal,Active,2022
CUST-002572,Nikhil Sharma,nikhil.sharma@outlook.com,9.66567E+12,Khobar,Al-Qassim Region,9/18/2020,Male,63,VIP,Active,2020
CUST-002573,Harper Al-Otaibi,harper.alotaibi@hotmail.com,9.66544E+12,Mecca,Najran Region,4/11/2022,Female,33,Loyal,Inactive,2022
CUST-002574,James Jones,james.jones@gmail.com,9.6651E+12,Khobar,Al-Jawf Region,6/4/2025,Female,25,New,Active,2025
CUST-002575,Mohammed Nair,mohammed.nair@yahoo.com,9.66593E+12,Al-Ahsa,Al-Qassim Region,6/2/2021,Female,39,New,Active,2021
CUST-002576,Noura Smith,noura.smith@icloud.com,9.66517E+12,Dammam,Al-Jawf Region,12/7/2020,Male,64,Loyal,Active,2020
CUST-002577,Chen Zhou,chen.zhou@yahoo.com,9.66522E+12,Al-Kharj,Najran Region,10/5/2022,Female,54,New,Active,2022
CUST-002578,Daniel Brown,daniel.brown@outlook.com,9.66567E+12,Medina,Riyadh Region,1/10/2024,Male,54,Loyal,Active,2024
CUST-002579,Ahmed Rao,ahmed.rao@hotmail.com,9.66559E+12,Sakaka,Al-Bahah Region,11/27/2020,Female,30,New,Active,2020
CUST-002580,Maha Kumar,maha.kumar@gmail.com,9.66503E+12,Riyadh,Eastern Province,3/25/2024,Male,53,Loyal,Inactive,2024
CUST-002581,Abigail Al-Harbi,abigail.alharbi@yahoo.com,9.6655E+12,Najran,Riyadh Region,11/27/2021,Female,50,Loyal,Active,2021
CUST-002582,Pavan Reddy,pavan.reddy@gmail.com,9.6654E+12,Jeddah,Tabuk Region,2/4/2020,Male,35,Loyal,Active,2020
CUST-002583,Karan Patel,karan.patel@hotmail.com,9.66518E+12,Dammam,Asir Region,10/2/2024,Male,20,New,Active,2024
CUST-002584,Wang Yang,wang.yang@yahoo.com,9.66573E+12,Mecca,Riyadh Region,7/8/2023,Male,33,Regular,Active,2023
CUST-002585,Robert Al-Ghamdi,robert.alghamdi@gmail.com,9.66585E+12,Khobar,Eastern Province,1/12/2020,Male,33,Regular,Active,2020
CUST-002586,Wei Garcia,wei.garcia@yahoo.com,9.66508E+12,Tabuk,Al-Jawf Region,11/10/2020,Female,51,New,Active,2020
CUST-002587,Lina Nair,lina.nair@gmail.com,9.66538E+12,Al-Kharj,Al-Jawf Region,12/18/2020,Female,33,Loyal,Inactive,2020
CUST-002588,Ahmed Mehta,ahmed.mehta@icloud.com,9.66595E+12,Jubail,Northern Borders,5/28/2025,Male,20,New,Active,2025
CUST-002589,David Al-Malki,david.almalki@gmail.com,9.66542E+12,Jeddah,Jazan Region,2/6/2020,Female,25,Loyal,Active,2020
CUST-002590,Maha Yang,maha.yang@hotmail.com,9.6651E+12,Qassim,Al-Qassim Region,8/6/2023,Male,29,Regular,Active,2023
CUST-002591,Ahmed Liu,ahmed.liu@hotmail.com,9.66512E+12,Al-Kharj,Makkah Region,12/20/2022,Female,41,VIP,Active,2022
CUST-002592,Richard Wu,richard.wu@outlook.com,9.66529E+12,Jizan,Hail Region,10/18/2023,Female,25,Regular,Active,2023
CUST-002593,Thomas Li,thomas.li@gmail.com,9.66537E+12,Al-Ahsa,Al-Bahah Region,4/21/2021,Female,27,Loyal,Active,2021
CUST-002594,Harper Patel,harper.patel@outlook.com,9.66513E+12,Jizan,Northern Borders,12/9/2024,Male,19,VIP,Active,2024
CUST-002595,Olivia Brown,olivia.brown@outlook.com,9.66514E+12,Qassim,Najran Region,5/11/2025,Female,20,Regular,Active,2025
CUST-002596,Noura Al-Dosari,noura.aldosari@hotmail.com,9.66562E+12,Buraidah,Tabuk Region,5/20/2024,Female,29,Loyal,Active,2024
CUST-002597,Noura Al-Mahmoud,noura.almahmoud@yahoo.com,9.66505E+12,Medina,Makkah Region,2/15/2025,Female,24,VIP,Active,2025
CUST-002598,Raj Al-Turki,raj.alturki@gmail.com,9.66553E+12,Buraidah,Najran Region,7/17/2022,Male,56,Loyal,Inactive,2022
CUST-002599,Sanjay Nair,sanjay.nair@yahoo.com,9.66565E+12,Jubail,Riyadh Region,10/22/2022,Female,38,Loyal,Inactive,2022
CUST-002600,Amelia Gupta,amelia.gupta@icloud.com,9.66587E+12,Riyadh,Asir Region,3/25/2024,Male,18,New,Active,2024
CUST-002601,Mia Jones,mia.jones@outlook.com,9.666E+12,Abha,Northern Borders,7/18/2022,Male,40,Regular,Active,2022
CUST-002602,Nikhil Al-Hassan,nikhil.alhassan@icloud.com,9.6652E+12,Khobar,Jazan Region,8/24/2020,Female,39,Regular,Active,2020
CUST-002603,Khalid Al-Harbi,khalid.alharbi@hotmail.com,9.66506E+12,Dammam,Al-Qassim Region,1/20/2021,Male,52,Loyal,Active,2021
CUST-002604,Yousef Zhang,yousef.zhang@yahoo.com,9.66547E+12,Medina,Najran Region,2/27/2022,Male,23,New,Active,2022
CUST-002605,Ravi Zhao,ravi.zhao@outlook.com,9.66507E+12,Hail,Al-Jawf Region,1/9/2025,Female,54,Loyal,Active,2025
CUST-002606,Harper Zhou,harper.zhou@outlook.com,9.66599E+12,Jeddah,Hail Region,10/22/2021,Male,24,Loyal,Active,2021
CUST-002607,Abdullah Davis,abdullah.davis@icloud.com,9.66566E+12,Yanbu,Hail Region,10/17/2025,Male,53,New,Active,2025
CUST-002608,Thomas Al-Shehri,thomas.alshehri@outlook.com,9.66539E+12,Hail,Northern Borders,9/23/2022,Male,44,Regular,Active,2022
CUST-002609,Sara Wu,sara.wu@outlook.com,9.66556E+12,Al-Ahsa,Eastern Province,8/24/2024,Male,44,VIP,Inactive,2024
CUST-002610,Richard Brown,richard.brown@outlook.com,9.66588E+12,Mecca,Makkah Region,5/15/2022,Male,43,Regular,Active,2022
CUST-002611,Abdullah Al-Nasser,abdullah.alnasser@yahoo.com,9.66508E+12,Mecca,Northern Borders,7/15/2025,Female,30,Regular,Active,2025
CUST-002612,Robert Jones,robert.jones@yahoo.com,9.66563E+12,Abha,Makkah Region,4/9/2025,Female,35,New,Active,2025
CUST-002613,Dana Al-Mutairi,dana.almutairi@icloud.com,9.66504E+12,Jubail,Al-Jawf Region,10/31/2021,Female,65,VIP,Active,2021
CUST-002614,Isabella Al-Jaber,isabella.aljaber@hotmail.com,9.66584E+12,Hail,Al-Bahah Region,9/20/2024,Male,61,New,Active,2024
CUST-002615,Emma Davis,emma.davis@yahoo.com,9.66599E+12,Dammam,Eastern Province,8/12/2023,Female,24,Loyal,Active,2023
CUST-002616,Khalid Wu,khalid.wu@yahoo.com,9.66558E+12,Mecca,Al-Jawf Region,11/6/2022,Female,44,Regular,Active,2022
CUST-002617,Chen Al-Hassan,chen.alhassan@yahoo.com,9.66536E+12,Jeddah,Makkah Region,6/6/2024,Male,54,VIP,Active,2024
CUST-002618,Rana Al-Zahrani,rana.alzahrani@yahoo.com,9.66584E+12,Hail,Asir Region,1/19/2021,Female,42,Regular,Active,2021
CUST-002619,Evelyn Garcia,evelyn.garcia@gmail.com,9.66579E+12,Jizan,Najran Region,10/15/2023,Male,59,Loyal,Active,2023
CUST-002620,James Zhao,james.zhao@icloud.com,9.66573E+12,Taif,Al-Bahah Region,5/11/2020,Male,62,New,Active,2020
CUST-002621,Emma Al-Saud,emma.alsaud@yahoo.com,9.6656E+12,Mecca,Northern Borders,6/28/2024,Male,22,Regular,Active,2024
CUST-002622,Abigail Wang,abigail.wang@yahoo.com,9.66567E+12,Riyadh,Jazan Region,7/11/2021,Male,48,Regular,Active,2021
CUST-002623,Ahmed Al-Hassan,ahmed.alhassan@yahoo.com,9.66543E+12,Khobar,Al-Jawf Region,11/30/2021,Female,24,Regular,Active,2021
CUST-002624,Richard Al-Dosari,richard.aldosari@yahoo.com,9.66524E+12,Yanbu,Hail Region,6/17/2023,Male,24,New,Active,2023
CUST-002625,Reem Davis,reem.davis@yahoo.com,9.66548E+12,Taif,Eastern Province,5/6/2020,Male,62,VIP,Active,2020
CUST-002626,Li Al-Nasser,li.alnasser@hotmail.com,9.66509E+12,Buraidah,Jazan Region,8/11/2024,Female,62,New,Active,2024
CUST-002627,Arjun Al-Khalifa,arjun.alkhalifa@icloud.com,9.6657E+12,Mecca,Hail Region,9/2/2024,Female,18,VIP,Active,2024
CUST-002628,Dana Li,dana.li@hotmail.com,9.66539E+12,Qassim,Al-Qassim Region,9/23/2020,Male,47,New,Active,2020
CUST-002629,Dana Al-Saud,dana.alsaud@yahoo.com,9.66545E+12,Mecca,Al-Jawf Region,8/16/2020,Male,42,New,Active,2020
CUST-002630,Mohammed Al-Faisal,mohammed.alfaisal@yahoo.com,9.66556E+12,Hail,Al-Qassim Region,12/30/2022,Male,65,Regular,Active,2022
CUST-002631,Raj Johnson,raj.johnson@yahoo.com,9.66576E+12,Jizan,Northern Borders,9/30/2024,Male,28,VIP,Active,2024
CUST-002632,Lina Chen,lina.chen@outlook.com,9.66519E+12,Taif,Makkah Region,9/24/2020,Male,56,New,Inactive,2020
CUST-002633,Wei Jones,wei.jones@hotmail.com,9.66525E+12,Dammam,Tabuk Region,1/10/2020,Female,45,Regular,Inactive,2020
CUST-002634,Sanjay Williams,sanjay.williams@hotmail.com,9.66564E+12,Tabuk,Tabuk Region,10/20/2025,Male,33,VIP,Active,2025
CUST-002635,Emma Sharma,emma.sharma@gmail.com,9.66586E+12,Yanbu,Al-Qassim Region,11/8/2022,Male,50,Loyal,Active,2022
CUST-002636,Li Rodriguez,li.rodriguez@yahoo.com,9.66544E+12,Qassim,Eastern Province,4/20/2024,Male,53,VIP,Active,2024
CUST-002637,Mohammed Rao,mohammed.rao@hotmail.com,9.66536E+12,Riyadh,Al-Qassim Region,11/23/2023,Male,53,VIP,Inactive,2023
CUST-002638,Maha Wang,maha.wang@gmail.com,9.66539E+12,Yanbu,Al-Qassim Region,9/24/2024,Female,38,Regular,Active,2024
CUST-002639,Evelyn Al-Zahrani,evelyn.alzahrani@outlook.com,9.66565E+12,Jeddah,Tabuk Region,2/18/2025,Male,53,Regular,Active,2025
CUST-002640,Ali Al-Nasser,ali.alnasser@icloud.com,9.66596E+12,Taif,Eastern Province,9/14/2025,Female,31,VIP,Active,2025
CUST-002641,Sanjay Al-Mahmoud,sanjay.almahmoud@icloud.com,9.6657E+12,Jizan,Najran Region,11/11/2024,Female,46,VIP,Active,2024
CUST-002642,Mohammed Nair,mohammed.nair@gmail.com,9.6658E+12,Riyadh,Northern Borders,7/29/2020,Male,34,Loyal,Active,2020
CUST-002643,Fahad Al-Otaibi,fahad.alotaibi@yahoo.com,9.66584E+12,Al-Ahsa,Makkah Region,10/11/2023,Female,48,VIP,Active,2023
CUST-002644,Thomas Al-Mahmoud,thomas.almahmoud@hotmail.com,9.6651E+12,Hail,Makkah Region,8/31/2025,Female,19,New,Active,2025
CUST-002645,Olivia Al-Turki,olivia.alturki@hotmail.com,9.66549E+12,Khobar,Asir Region,3/9/2023,Male,41,Loyal,Inactive,2023
CUST-002646,Isabella Kumar,isabella.kumar@gmail.com,9.66545E+12,Riyadh,Al-Jawf Region,10/4/2023,Female,44,Regular,Active,2023
CUST-002647,Michael Martinez,michael.martinez@gmail.com,9.66525E+12,Khobar,Najran Region,11/15/2024,Male,48,Regular,Active,2024
CUST-002648,Li Rao,li.rao@gmail.com,9.66541E+12,Dammam,Hail Region,8/16/2020,Male,52,VIP,Active,2020
CUST-002649,Thomas Al-Khalifa,thomas.alkhalifa@yahoo.com,9.66565E+12,Khamis Mushait,Makkah Region,8/11/2024,Male,51,VIP,Inactive,2024
CUST-002650,Huda Al-Nasser,huda.alnasser@outlook.com,9.66582E+12,Jizan,Asir Region,8/16/2023,Female,32,New,Active,2023
CUST-002651,Mohammed Al-Jaber,mohammed.aljaber@gmail.com,9.66527E+12,Qassim,Al-Qassim Region,3/25/2024,Female,23,Regular,Active,2024
CUST-002652,Pavan Rodriguez,pavan.rodriguez@icloud.com,9.66553E+12,Jubail,Jazan Region,12/5/2023,Female,48,New,Active,2023
CUST-002653,Robert Kumar,robert.kumar@outlook.com,9.66522E+12,Tabuk,Al-Bahah Region,9/26/2024,Male,34,VIP,Active,2024
CUST-002654,Noura Al-Saud,noura.alsaud@icloud.com,9.66546E+12,Khamis Mushait,Al-Qassim Region,3/26/2024,Male,32,New,Inactive,2024
CUST-002655,Khalid Al-Dosari,khalid.aldosari@yahoo.com,9.66534E+12,Najran,Jazan Region,9/23/2024,Male,48,New,Active,2024
CUST-002656,Yang Jones,yang.jones@gmail.com,9.66575E+12,Taif,Hail Region,3/3/2025,Female,45,Regular,Active,2025
CUST-002657,Yang Al-Malki,yang.almalki@outlook.com,9.66536E+12,Al-Ahsa,Najran Region,7/6/2023,Male,50,Loyal,Active,2023
CUST-002658,Rana Li,rana.li@hotmail.com,9.66595E+12,Buraidah,Al-Jawf Region,9/7/2022,Female,50,VIP,Active,2022
CUST-002659,Harper Patel,harper.patel@yahoo.com,9.66577E+12,Taif,Riyadh Region,9/10/2022,Female,42,Loyal,Active,2022
CUST-002660,Charlotte Wang,charlotte.wang@hotmail.com,9.66505E+12,Dammam,Riyadh Region,5/20/2025,Female,47,VIP,Active,2025
CUST-002661,Dana Wu,dana.wu@outlook.com,9.66554E+12,Buraidah,Makkah Region,11/7/2020,Female,48,Regular,Active,2020
CUST-002662,Omar Zhou,omar.zhou@icloud.com,9.66501E+12,Jeddah,Al-Qassim Region,2/11/2023,Male,44,VIP,Active,2023
CUST-002663,David Al-Mahmoud,david.almahmoud@icloud.com,9.66524E+12,Buraidah,Al-Bahah Region,12/14/2022,Female,33,VIP,Active,2022
CUST-002664,James Garcia,james.garcia@hotmail.com,9.66524E+12,Dammam,Northern Borders,10/26/2024,Male,58,New,Active,2024
CUST-002665,Rana Mehta,rana.mehta@gmail.com,9.66592E+12,Mecca,Riyadh Region,10/2/2022,Female,55,VIP,Active,2022
CUST-002666,Khalid Al-Qahtani,khalid.alqahtani@icloud.com,9.66598E+12,Al-Kharj,Al-Qassim Region,6/22/2024,Female,23,New,Inactive,2024
CUST-002667,Saad Al-Dosari,saad.aldosari@hotmail.com,9.66584E+12,Al-Ahsa,Tabuk Region,7/3/2024,Female,22,VIP,Active,2024
CUST-002668,Emma Rao,emma.rao@outlook.com,9.66518E+12,Yanbu,Najran Region,6/17/2025,Male,35,Loyal,Inactive,2025
CUST-002669,Richard Reddy,richard.reddy@outlook.com,9.66583E+12,Sakaka,Riyadh Region,3/7/2024,Male,41,Loyal,Active,2024
CUST-002670,Evelyn Zhao,evelyn.zhao@hotmail.com,9.66508E+12,Sakaka,Makkah Region,2/5/2023,Male,62,Regular,Active,2023
CUST-002671,Ahmed Al-Mahmoud,ahmed.almahmoud@yahoo.com,9.66593E+12,Jubail,Northern Borders,3/16/2023,Male,38,VIP,Active,2023
CUST-002672,Karan Garcia,karan.garcia@icloud.com,9.66587E+12,Khobar,Eastern Province,10/1/2020,Female,21,VIP,Active,2020
CUST-002673,Noura Al-Qahtani,noura.alqahtani@icloud.com,9.66566E+12,Jeddah,Tabuk Region,6/7/2025,Female,46,Regular,Active,2025
CUST-002674,Charlotte Zhao,charlotte.zhao@gmail.com,9.66547E+12,Khamis Mushait,Hail Region,11/17/2021,Female,47,VIP,Active,2021
CUST-002675,Chen Al-Malki,chen.almalki@gmail.com,9.66535E+12,Sakaka,Tabuk Region,3/1/2023,Male,19,Regular,Active,2023
CUST-002676,Wei Zhang,wei.zhang@outlook.com,9.66536E+12,Mecca,Najran Region,7/22/2024,Female,37,Loyal,Active,2024
CUST-002677,Dana Al-Zahrani,dana.alzahrani@yahoo.com,9.66514E+12,Najran,Makkah Region,9/1/2025,Male,18,Regular,Active,2025
CUST-002678,Sophia Sharma,sophia.sharma@yahoo.com,9.66547E+12,Hail,Najran Region,11/17/2020,Female,31,VIP,Active,2020
CUST-002679,Ravi Al-Ahmari,ravi.alahmari@outlook.com,9.66589E+12,Hail,Hail Region,8/25/2020,Female,63,New,Active,2020
CUST-002680,Charlotte Gupta,charlotte.gupta@hotmail.com,9.66558E+12,Medina,Northern Borders,3/2/2025,Female,57,Regular,Active,2025
CUST-002681,Mia Brown,mia.brown@gmail.com,9.66594E+12,Buraidah,Najran Region,1/10/2021,Male,64,New,Active,2021
CUST-002682,Mia Al-Shehri,mia.alshehri@hotmail.com,9.66564E+12,Taif,Eastern Province,12/9/2021,Female,28,New,Inactive,2021
CUST-002683,Yang Sharma,yang.sharma@icloud.com,9.66574E+12,Jeddah,Al-Qassim Region,2/20/2021,Male,22,VIP,Active,2021
CUST-002684,Emma Williams,emma.williams@hotmail.com,9.66512E+12,Buraidah,Al-Bahah Region,7/2/2024,Male,30,Regular,Active,2024
CUST-002685,Michael Al-Faisal,michael.alfaisal@hotmail.com,9.66554E+12,Jeddah,Makkah Region,8/6/2023,Male,20,Regular,Active,2023
CUST-002686,Li Martinez,li.martinez@hotmail.com,9.66507E+12,Al-Ahsa,Najran Region,12/26/2020,Male,21,Loyal,Active,2020
CUST-002687,Abigail Yang,abigail.yang@hotmail.com,9.66555E+12,Al-Ahsa,Northern Borders,11/5/2024,Male,65,VIP,Active,2024
CUST-002688,Yang Martinez,yang.martinez@gmail.com,9.66583E+12,Sakaka,Al-Qassim Region,2/6/2021,Male,44,VIP,Active,2021
CUST-002689,Ibrahim Al-Ghamdi,ibrahim.alghamdi@outlook.com,9.66542E+12,Sakaka,Al-Bahah Region,2/25/2021,Male,44,New,Active,2021
CUST-002690,Vikram Gupta,vikram.gupta@icloud.com,9.66511E+12,Jeddah,Al-Bahah Region,11/26/2025,Male,28,VIP,Active,2025
CUST-002691,Li Al-Khalifa,li.alkhalifa@gmail.com,9.66568E+12,Dammam,Northern Borders,8/24/2025,Male,27,New,Active,2025
CUST-002692,David Al-Saud,david.alsaud@outlook.com,9.6653E+12,Jizan,Al-Qassim Region,4/11/2024,Male,19,Regular,Active,2024
CUST-002693,Olivia Huang,olivia.huang@gmail.com,9.66501E+12,Najran,Al-Qassim Region,8/1/2022,Male,60,VIP,Active,2022
CUST-002694,Yousef Al-Nasser,yousef.alnasser@yahoo.com,9.66589E+12,Al-Ahsa,Riyadh Region,4/4/2022,Male,27,New,Active,2022
CUST-002695,Vikram Al-Turki,vikram.alturki@outlook.com,9.66549E+12,Hail,Al-Qassim Region,7/13/2025,Male,34,Regular,Inactive,2025
CUST-002696,Matthew Al-Ahmari,matthew.alahmari@yahoo.com,9.66596E+12,Mecca,Tabuk Region,10/2/2023,Male,63,New,Active,2023
CUST-002697,Karan Zhang,karan.zhang@gmail.com,9.66529E+12,Khamis Mushait,Northern Borders,3/6/2020,Female,20,VIP,Inactive,2020
CUST-002698,Mohammed Johnson,mohammed.johnson@yahoo.com,9.66541E+12,Yanbu,Hail Region,5/15/2023,Female,34,Loyal,Active,2023
CUST-002699,Ravi Wu,ravi.wu@hotmail.com,9.66509E+12,Riyadh,Tabuk Region,12/7/2020,Female,45,Loyal,Active,2020
CUST-002700,Noura Al-Harbi,noura.alharbi@gmail.com,9.66565E+12,Najran,Northern Borders,7/5/2021,Male,50,Loyal,Inactive,2021
CUST-002701,Sophia Zhang,sophia.zhang@outlook.com,9.66566E+12,Yanbu,Al-Bahah Region,8/31/2022,Male,31,Loyal,Active,2022
CUST-002702,Richard Al-Faisal,richard.alfaisal@yahoo.com,9.66529E+12,Riyadh,Makkah Region,2/4/2021,Male,53,Loyal,Active,2021
CUST-002703,Wu Davis,wu.davis@outlook.com,9.66595E+12,Al-Ahsa,Makkah Region,3/4/2020,Male,50,New,Active,2020
CUST-002704,Michael Al-Ahmari,michael.alahmari@hotmail.com,9.66589E+12,Hail,Al-Bahah Region,10/4/2022,Male,63,VIP,Active,2022
CUST-002705,Khalid Zhao,khalid.zhao@gmail.com,9.66547E+12,Al-Kharj,Al-Bahah Region,7/14/2020,Female,32,VIP,Active,2020
CUST-002706,Yousef Yang,yousef.yang@yahoo.com,9.66596E+12,Mecca,Al-Bahah Region,8/1/2024,Female,31,New,Inactive,2024
CUST-002707,Michael Al-Mahmoud,michael.almahmoud@yahoo.com,9.6653E+12,Jizan,Jazan Region,2/2/2020,Female,50,Loyal,Inactive,2020
CUST-002708,Sanjay Al-Jaber,sanjay.aljaber@outlook.com,9.66556E+12,Dammam,Al-Qassim Region,11/14/2021,Female,60,Regular,Active,2021
CUST-002709,Isabella Smith,isabella.smith@icloud.com,9.66502E+12,Khamis Mushait,Asir Region,9/23/2021,Male,41,Regular,Active,2021
CUST-002710,Thomas Zhang,thomas.zhang@icloud.com,9.66557E+12,Qassim,Al-Bahah Region,5/5/2023,Female,49,Loyal,Active,2023
CUST-002711,Sophia Al-Otaibi,sophia.alotaibi@icloud.com,9.66565E+12,Hail,Najran Region,6/15/2022,Female,35,VIP,Inactive,2022
CUST-002712,John Huang,john.huang@outlook.com,9.66553E+12,Mecca,Asir Region,1/3/2024,Male,23,Loyal,Active,2024
CUST-002713,Huang Patel,huang.patel@hotmail.com,9.66599E+12,Khobar,Najran Region,6/24/2025,Female,52,Loyal,Active,2025
CUST-002714,Fahad Al-Dosari,fahad.aldosari@gmail.com,9.66548E+12,Jizan,Al-Jawf Region,10/2/2021,Female,46,VIP,Active,2021
CUST-002715,Wang Al-Khalifa,wang.alkhalifa@gmail.com,9.66599E+12,Jubail,Northern Borders,11/19/2022,Female,32,VIP,Inactive,2022
CUST-002716,Richard Patel,richard.patel@hotmail.com,9.66516E+12,Yanbu,Tabuk Region,4/2/2021,Female,46,Loyal,Active,2021
CUST-002717,Wu Al-Mahmoud,wu.almahmoud@gmail.com,9.66509E+12,Tabuk,Hail Region,8/27/2025,Male,21,New,Active,2025
CUST-002718,Wei Williams,wei.williams@gmail.com,9.66515E+12,Al-Kharj,Jazan Region,9/27/2021,Male,35,Regular,Active,2021
CUST-002719,Isabella Davis,isabella.davis@icloud.com,9.66535E+12,Sakaka,Eastern Province,5/18/2025,Female,44,New,Inactive,2025
CUST-002720,Raj Liu,raj.liu@hotmail.com,9.6657E+12,Jeddah,Makkah Region,9/4/2025,Male,35,New,Active,2025
CUST-002721,Aisha Martinez,aisha.martinez@icloud.com,9.66502E+12,Hail,Asir Region,12/1/2024,Male,41,Loyal,Active,2024
CUST-002722,Sanjay Li,sanjay.li@gmail.com,9.66555E+12,Taif,Tabuk Region,9/3/2024,Male,40,Regular,Inactive,2024
CUST-002723,Ibrahim Reddy,ibrahim.reddy@gmail.com,9.66597E+12,Jubail,Tabuk Region,7/8/2024,Male,49,Regular,Active,2024
CUST-002724,Raj Singh,raj.singh@yahoo.com,9.66565E+12,Sakaka,Al-Qassim Region,9/14/2020,Male,56,Regular,Inactive,2020
CUST-002725,Chen Patel,chen.patel@outlook.com,9.66579E+12,Dammam,Najran Region,2/1/2024,Male,28,New,Active,2024
CUST-002726,John Al-Mahmoud,john.almahmoud@yahoo.com,9.66584E+12,Riyadh,Al-Jawf Region,7/29/2025,Female,39,VIP,Inactive,2025
CUST-002727,Yousef Al-Qahtani,yousef.alqahtani@yahoo.com,9.66563E+12,Yanbu,Tabuk Region,6/10/2022,Female,43,Loyal,Inactive,2022
CUST-002728,Maha Rodriguez,maha.rodriguez@outlook.com,9.66507E+12,Qassim,Al-Qassim Region,4/1/2020,Female,39,New,Inactive,2020
CUST-002729,Ravi Huang,ravi.huang@gmail.com,9.66598E+12,Mecca,Jazan Region,6/2/2025,Female,41,New,Active,2025
CUST-002730,Amelia Al-Dosari,amelia.aldosari@hotmail.com,9.66542E+12,Buraidah,Al-Qassim Region,11/7/2021,Female,31,New,Active,2021
CUST-002731,Zhao Davis,zhao.davis@icloud.com,9.66583E+12,Khamis Mushait,Al-Jawf Region,9/28/2022,Female,60,Loyal,Active,2022
CUST-002732,Daniel Rao,daniel.rao@outlook.com,9.66556E+12,Hail,Al-Qassim Region,5/30/2020,Female,19,VIP,Active,2020
CUST-002733,Dana Al-Mahmoud,dana.almahmoud@icloud.com,9.6655E+12,Tabuk,Al-Jawf Region,6/7/2023,Male,45,Loyal,Active,2023
CUST-002734,Saad Singh,saad.singh@outlook.com,9.66593E+12,Dammam,Al-Bahah Region,1/11/2020,Female,57,New,Active,2020
CUST-002735,William Al-Mutairi,william.almutairi@yahoo.com,9.66543E+12,Najran,Asir Region,1/14/2024,Female,47,New,Active,2024
CUST-002736,Arjun Al-Ghamdi,arjun.alghamdi@gmail.com,9.66515E+12,Taif,Jazan Region,2/6/2025,Male,36,VIP,Active,2025
CUST-002737,Arjun Al-Shehri,arjun.alshehri@hotmail.com,9.66587E+12,Dammam,Eastern Province,12/14/2023,Female,47,VIP,Active,2023
CUST-002738,Rana Al-Zahrani,rana.alzahrani@yahoo.com,9.66555E+12,Jubail,Tabuk Region,1/25/2021,Female,52,VIP,Active,2021
CUST-002739,Matthew Brown,matthew.brown@icloud.com,9.66553E+12,Abha,Eastern Province,2/11/2024,Female,40,New,Inactive,2024
CUST-002740,Wei Patel,wei.patel@outlook.com,9.66595E+12,Jubail,Hail Region,8/16/2025,Male,59,Loyal,Active,2025
CUST-002741,Ali Al-Farsi,ali.alfarsi@icloud.com,9.66549E+12,Medina,Asir Region,8/8/2024,Male,33,Regular,Active,2024
CUST-002742,Daniel Al-Rashid,daniel.alrashid@hotmail.com,9.66507E+12,Medina,Tabuk Region,6/28/2024,Female,58,New,Active,2024
CUST-002743,Amit Li,amit.li@icloud.com,9.66574E+12,Buraidah,Makkah Region,12/1/2023,Female,54,VIP,Active,2023
CUST-002744,Isabella Al-Hassan,isabella.alhassan@yahoo.com,9.66575E+12,Najran,Al-Bahah Region,7/6/2024,Male,25,Loyal,Active,2024
CUST-002745,Aisha Wu,aisha.wu@outlook.com,9.66511E+12,Mecca,Jazan Region,11/26/2023,Male,60,New,Active,2023
CUST-002746,Daniel Al-Khalifa,daniel.alkhalifa@gmail.com,9.66567E+12,Al-Kharj,Al-Jawf Region,1/9/2023,Male,49,Loyal,Inactive,2023
CUST-002747,Fatima Liu,fatima.liu@hotmail.com,9.66552E+12,Jizan,Al-Bahah Region,10/1/2021,Male,65,VIP,Inactive,2021
CUST-002748,Li Al-Jaber,li.aljaber@yahoo.com,9.66589E+12,Yanbu,Jazan Region,7/3/2024,Male,40,Regular,Active,2024
CUST-002749,Olivia Garcia,olivia.garcia@hotmail.com,9.66558E+12,Sakaka,Northern Borders,7/5/2020,Female,21,Loyal,Active,2020
CUST-002750,Yousef Chen,yousef.chen@icloud.com,9.66535E+12,Mecca,Asir Region,8/2/2022,Female,24,Regular,Inactive,2022
CUST-002751,Ahmed Al-Shehri,ahmed.alshehri@hotmail.com,9.66532E+12,Sakaka,Jazan Region,6/23/2023,Male,49,VIP,Inactive,2023
CUST-002752,Lina Iyer,lina.iyer@outlook.com,9.66535E+12,Jubail,Al-Bahah Region,8/22/2024,Female,22,VIP,Inactive,2024
CUST-002753,Mohammed Williams,mohammed.williams@gmail.com,9.66507E+12,Abha,Hail Region,11/24/2024,Female,53,Regular,Active,2024
CUST-002754,Chen Al-Otaibi,chen.alotaibi@icloud.com,9.66526E+12,Khobar,Al-Jawf Region,8/27/2024,Male,64,Loyal,Inactive,2024
CUST-002755,Rana Al-Hassan,rana.alhassan@gmail.com,9.66528E+12,Khamis Mushait,Northern Borders,10/23/2024,Male,23,Regular,Active,2024
CUST-002756,Aisha Smith,aisha.smith@gmail.com,9.66549E+12,Khobar,Hail Region,10/13/2021,Female,23,New,Inactive,2021
CUST-002757,Olivia Al-Faisal,olivia.alfaisal@icloud.com,9.66593E+12,Hail,Al-Qassim Region,6/7/2023,Female,38,Loyal,Active,2023
CUST-002758,Raj Al-Saud,raj.alsaud@hotmail.com,9.66566E+12,Tabuk,Eastern Province,3/15/2024,Female,35,VIP,Active,2024
CUST-002759,Abdullah Liu,abdullah.liu@gmail.com,9.6659E+12,Hail,Makkah Region,5/25/2022,Female,46,Regular,Inactive,2022
CUST-002760,Mohammed Al-Dosari,mohammed.aldosari@hotmail.com,9.66522E+12,Tabuk,Najran Region,2/14/2021,Male,46,Loyal,Inactive,2021
CUST-002761,Dana Al-Jaber,dana.aljaber@gmail.com,9.66585E+12,Jubail,Makkah Region,12/1/2022,Female,60,Regular,Active,2022
CUST-002762,Mohammed Al-Shehri,mohammed.alshehri@hotmail.com,9.66584E+12,Tabuk,Asir Region,8/18/2023,Female,21,New,Active,2023
CUST-002763,Fatima Rao,fatima.rao@yahoo.com,9.66584E+12,Jizan,Riyadh Region,3/12/2022,Male,50,Loyal,Active,2022
CUST-002764,Zhao Rodriguez,zhao.rodriguez@outlook.com,9.66572E+12,Al-Kharj,Riyadh Region,9/23/2024,Female,45,New,Inactive,2024
CUST-002765,Huda Al-Jaber,huda.aljaber@outlook.com,9.66563E+12,Sakaka,Hail Region,1/11/2020,Female,44,Loyal,Active,2020
CUST-002766,Raj Nair,raj.nair@yahoo.com,9.66518E+12,Dammam,Riyadh Region,2/28/2023,Female,53,New,Active,2023
CUST-002767,Saad Zhang,saad.zhang@outlook.com,9.66594E+12,Jeddah,Asir Region,10/24/2021,Female,37,VIP,Active,2021
CUST-002768,Rana Zhou,rana.zhou@outlook.com,9.66575E+12,Medina,Al-Qassim Region,12/7/2020,Female,20,VIP,Active,2020
CUST-002769,Evelyn Al-Dosari,evelyn.aldosari@gmail.com,9.66564E+12,Al-Kharj,Riyadh Region,6/15/2025,Male,32,VIP,Active,2025
CUST-002770,Michael Al-Turki,michael.alturki@gmail.com,9.66597E+12,Jeddah,Makkah Region,10/10/2020,Female,53,New,Active,2020
CUST-002771,William Chen,william.chen@yahoo.com,9.66596E+12,Al-Ahsa,Riyadh Region,3/8/2025,Female,29,New,Active,2025
CUST-002772,Wu Garcia,wu.garcia@gmail.com,9.66594E+12,Jizan,Al-Bahah Region,7/21/2021,Female,28,Loyal,Active,2021
CUST-002773,Yousef Johnson,yousef.johnson@gmail.com,9.66569E+12,Riyadh,Najran Region,9/20/2025,Female,41,VIP,Inactive,2025
CUST-002774,Ahmed Al-Farsi,ahmed.alfarsi@icloud.com,9.66534E+12,Najran,Najran Region,8/3/2022,Female,30,New,Active,2022
CUST-002775,Richard Sharma,richard.sharma@outlook.com,9.66535E+12,Mecca,Jazan Region,6/29/2023,Female,34,Loyal,Inactive,2023
CUST-002776,Noura Al-Jaber,noura.aljaber@hotmail.com,9.66511E+12,Khobar,Al-Bahah Region,11/29/2020,Female,21,New,Active,2020
CUST-002777,Zhao Chen,zhao.chen@yahoo.com,9.66532E+12,Al-Kharj,Hail Region,2/14/2024,Female,54,New,Active,2024
CUST-002778,Michael Al-Nasser,michael.alnasser@icloud.com,9.66572E+12,Jubail,Jazan Region,11/29/2020,Female,62,New,Active,2020
CUST-002779,Ali Patel,ali.patel@outlook.com,9.66587E+12,Jeddah,Al-Qassim Region,5/27/2023,Male,26,VIP,Active,2023
CUST-002780,Ahmed Singh,ahmed.singh@gmail.com,9.66564E+12,Qassim,Asir Region,8/6/2023,Male,33,Loyal,Active,2023
CUST-002781,Charlotte Miller,charlotte.miller@gmail.com,9.66587E+12,Jizan,Jazan Region,3/18/2025,Female,21,New,Active,2025
CUST-002782,Maha Jones,maha.jones@hotmail.com,9.6656E+12,Al-Kharj,Al-Bahah Region,2/6/2025,Male,23,Loyal,Active,2025
CUST-002783,Ali Jones,ali.jones@yahoo.com,9.66525E+12,Al-Kharj,Northern Borders,1/22/2025,Female,49,VIP,Active,2025
CUST-002784,Abdullah Al-Jaber,abdullah.aljaber@gmail.com,9.66548E+12,Taif,Najran Region,6/25/2020,Female,62,Loyal,Active,2020
CUST-002785,Wang Al-Ahmari,wang.alahmari@icloud.com,9.66516E+12,Jizan,Riyadh Region,10/28/2023,Female,28,Loyal,Active,2023
CUST-002786,Matthew Wu,matthew.wu@icloud.com,9.66559E+12,Buraidah,Jazan Region,8/20/2024,Male,24,New,Active,2024
CUST-002787,Emma Huang,emma.huang@outlook.com,9.66565E+12,Al-Ahsa,Hail Region,4/2/2023,Female,44,VIP,Active,2023
CUST-002788,Ibrahim Zhang,ibrahim.zhang@icloud.com,9.66573E+12,Khobar,Northern Borders,5/10/2022,Female,50,VIP,Active,2022
CUST-002789,Karan Al-Otaibi,karan.alotaibi@yahoo.com,9.66591E+12,Sakaka,Najran Region,11/22/2022,Female,51,VIP,Active,2022
CUST-002790,Ahmed Iyer,ahmed.iyer@outlook.com,9.66599E+12,Khobar,Al-Jawf Region,7/28/2024,Male,31,Regular,Active,2024
CUST-002791,Wei Yang,wei.yang@outlook.com,9.66509E+12,Al-Ahsa,Jazan Region,2/11/2025,Female,56,VIP,Active,2025
CUST-002792,Ali Al-Nasser,ali.alnasser@yahoo.com,9.66599E+12,Yanbu,Eastern Province,3/21/2024,Male,49,Loyal,Inactive,2024
CUST-002793,Fatima Al-Khalifa,fatima.alkhalifa@outlook.com,9.6652E+12,Mecca,Riyadh Region,11/28/2024,Male,40,New,Active,2024
CUST-002794,Charlotte Wu,charlotte.wu@outlook.com,9.66524E+12,Jeddah,Northern Borders,11/18/2021,Female,30,Regular,Active,2021
CUST-002795,Aisha Al-Dosari,aisha.aldosari@yahoo.com,9.66503E+12,Tabuk,Al-Qassim Region,7/30/2022,Female,35,Loyal,Active,2022
CUST-002796,Wei Reddy,wei.reddy@gmail.com,9.66569E+12,Taif,Al-Bahah Region,7/17/2022,Male,43,VIP,Active,2022
CUST-002797,Aisha Singh,aisha.singh@outlook.com,9.66586E+12,Hail,Eastern Province,6/5/2023,Male,26,VIP,Active,2023
CUST-002798,Emma Al-Hassan,emma.alhassan@gmail.com,9.66506E+12,Taif,Tabuk Region,12/15/2025,Female,36,Loyal,Active,2025
CUST-002799,Huda Al-Zahrani,huda.alzahrani@gmail.com,9.66599E+12,Khamis Mushait,Riyadh Region,11/14/2022,Male,41,VIP,Active,2022
CUST-002800,Huang Al-Farsi,huang.alfarsi@icloud.com,9.66505E+12,Abha,Jazan Region,8/7/2024,Female,26,VIP,Active,2024
CUST-002801,Li Al-Otaibi,li.alotaibi@outlook.com,9.66587E+12,Qassim,Najran Region,1/3/2025,Female,19,Regular,Active,2025
CUST-002802,Lina Al-Mahmoud,lina.almahmoud@icloud.com,9.66523E+12,Medina,Asir Region,11/3/2020,Female,20,New,Inactive,2020
CUST-002803,Sunil Kumar,sunil.kumar@icloud.com,9.66567E+12,Tabuk,Al-Qassim Region,6/23/2021,Female,54,Loyal,Active,2021
CUST-002804,Zhao Liu,zhao.liu@outlook.com,9.66532E+12,Taif,Eastern Province,6/22/2023,Female,44,Regular,Inactive,2023
CUST-002805,Chen Al-Ahmari,chen.alahmari@outlook.com,9.66596E+12,Buraidah,Tabuk Region,4/15/2021,Female,18,Regular,Active,2021
CUST-002806,Pavan Johnson,pavan.johnson@icloud.com,9.66588E+12,Riyadh,Jazan Region,1/19/2020,Male,38,New,Active,2020
CUST-002807,Fatima Liu,fatima.liu@outlook.com,9.66546E+12,Mecca,Eastern Province,3/27/2020,Male,61,Regular,Active,2020
CUST-002808,Fahad Al-Mahmoud,fahad.almahmoud@outlook.com,9.66555E+12,Najran,Tabuk Region,9/30/2020,Female,35,Loyal,Inactive,2020
CUST-002809,Yousef Al-Turki,yousef.alturki@gmail.com,9.66505E+12,Jizan,Northern Borders,6/23/2021,Female,38,New,Active,2021
CUST-002810,David Smith,david.smith@outlook.com,9.66597E+12,Taif,Tabuk Region,11/30/2021,Male,32,Loyal,Active,2021
CUST-002811,Emma Chen,emma.chen@hotmail.com,9.66548E+12,Tabuk,Asir Region,2/24/2020,Female,50,Loyal,Active,2020
CUST-002812,Huang Garcia,huang.garcia@icloud.com,9.66536E+12,Qassim,Al-Bahah Region,2/12/2020,Female,21,New,Active,2020
CUST-002813,Michael Rao,michael.rao@icloud.com,9.66524E+12,Dammam,Northern Borders,6/11/2025,Male,35,VIP,Inactive,2025
CUST-002814,Sunil Al-Zahrani,sunil.alzahrani@icloud.com,9.66571E+12,Medina,Hail Region,6/30/2020,Male,54,Loyal,Active,2020
CUST-002815,Evelyn Wang,evelyn.wang@yahoo.com,9.66509E+12,Dammam,Hail Region,10/28/2020,Male,20,New,Inactive,2020
CUST-002816,Ibrahim Yang,ibrahim.yang@hotmail.com,9.66524E+12,Abha,Al-Bahah Region,9/3/2021,Female,18,VIP,Inactive,2021
CUST-002817,Vikram Williams,vikram.williams@outlook.com,9.66596E+12,Khamis Mushait,Eastern Province,2/26/2021,Female,52,VIP,Active,2021
CUST-002818,Li Al-Ahmari,li.alahmari@gmail.com,9.66564E+12,Sakaka,Al-Jawf Region,12/22/2024,Male,36,Regular,Active,2024
CUST-002819,Huang Mehta,huang.mehta@hotmail.com,9.66575E+12,Medina,Tabuk Region,1/21/2022,Female,53,Loyal,Active,2022
CUST-002820,Harper Nair,harper.nair@yahoo.com,9.66563E+12,Najran,Al-Qassim Region,11/22/2020,Male,62,New,Active,2020
CUST-002821,Dana Al-Faisal,dana.alfaisal@icloud.com,9.66577E+12,Abha,Al-Jawf Region,11/13/2024,Female,48,Regular,Active,2024
CUST-002822,Dana Williams,dana.williams@hotmail.com,9.66539E+12,Hail,Tabuk Region,3/9/2025,Female,28,Loyal,Active,2025
CUST-002823,Emma Al-Ahmari,emma.alahmari@hotmail.com,9.66565E+12,Abha,Najran Region,6/25/2020,Male,57,New,Active,2020
CUST-002824,Maha Chen,maha.chen@gmail.com,9.66543E+12,Buraidah,Jazan Region,9/11/2024,Male,58,New,Active,2024
CUST-002825,Amelia Rodriguez,amelia.rodriguez@gmail.com,9.66592E+12,Yanbu,Al-Bahah Region,12/22/2023,Female,32,Loyal,Active,2023
CUST-002826,Yousef Rodriguez,yousef.rodriguez@yahoo.com,9.66566E+12,Dammam,Eastern Province,2/8/2024,Female,56,Regular,Active,2024
CUST-002827,Lina Nair,lina.nair@icloud.com,9.66532E+12,Sakaka,Makkah Region,1/4/2023,Male,24,VIP,Active,2023
CUST-002828,Matthew Garcia,matthew.garcia@gmail.com,9.66517E+12,Khobar,Eastern Province,6/10/2024,Female,22,VIP,Active,2024
CUST-002829,Liu Singh,liu.singh@outlook.com,9.66591E+12,Riyadh,Al-Jawf Region,9/26/2020,Female,26,Regular,Active,2020
CUST-002830,Michael Zhou,michael.zhou@icloud.com,9.66547E+12,Buraidah,Eastern Province,10/8/2021,Male,59,VIP,Inactive,2021
CUST-002831,Richard Al-Dosari,richard.aldosari@outlook.com,9.66577E+12,Mecca,Hail Region,10/17/2022,Male,28,Regular,Active,2022
CUST-002832,Nikhil Smith,nikhil.smith@hotmail.com,9.66574E+12,Jizan,Hail Region,2/13/2020,Male,64,Regular,Active,2020
CUST-002833,Evelyn Huang,evelyn.huang@gmail.com,9.66592E+12,Jeddah,Northern Borders,5/16/2023,Female,44,New,Active,2023
CUST-002834,Dana Al-Farsi,dana.alfarsi@outlook.com,9.66588E+12,Abha,Al-Bahah Region,8/23/2023,Female,34,New,Active,2023
CUST-002835,Fatima Al-Faisal,fatima.alfaisal@yahoo.com,9.66516E+12,Sakaka,Jazan Region,8/11/2021,Male,65,Loyal,Active,2021
CUST-002836,James Davis,james.davis@icloud.com,9.66539E+12,Tabuk,Tabuk Region,8/4/2022,Female,55,New,Active,2022
CUST-002837,John Brown,john.brown@icloud.com,9.66526E+12,Khobar,Najran Region,4/4/2025,Male,39,Loyal,Active,2025
CUST-002838,Huda Zhang,huda.zhang@gmail.com,9.66534E+12,Riyadh,Jazan Region,8/10/2022,Female,39,Regular,Active,2022
CUST-002839,Omar Johnson,omar.johnson@yahoo.com,9.66565E+12,Medina,Eastern Province,9/16/2021,Female,48,VIP,Active,2021
CUST-002840,Raj Huang,raj.huang@icloud.com,9.66554E+12,Al-Ahsa,Eastern Province,8/13/2020,Male,32,VIP,Active,2020
CUST-002841,John Al-Shehri,john.alshehri@outlook.com,9.66503E+12,Abha,Eastern Province,8/30/2023,Male,19,Loyal,Active,2023
CUST-002842,James Patel,james.patel@hotmail.com,9.66588E+12,Jeddah,Al-Qassim Region,12/28/2022,Male,35,Regular,Active,2022
CUST-002843,Huang Al-Faisal,huang.alfaisal@hotmail.com,9.66556E+12,Buraidah,Makkah Region,11/18/2020,Male,41,VIP,Active,2020
CUST-002844,Yousef Kumar,yousef.kumar@yahoo.com,9.66581E+12,Jubail,Najran Region,11/4/2020,Male,33,VIP,Active,2020
CUST-002845,David Al-Hassan,david.alhassan@yahoo.com,9.66549E+12,Taif,Makkah Region,4/10/2025,Male,39,Loyal,Active,2025
CUST-002846,David Li,david.li@gmail.com,9.66567E+12,Abha,Eastern Province,10/10/2025,Male,35,Loyal,Active,2025
CUST-002847,Mohammed Iyer,mohammed.iyer@gmail.com,9.66563E+12,Mecca,Al-Jawf Region,2/2/2024,Female,33,VIP,Active,2024
CUST-002848,Ahmed Al-Jaber,ahmed.aljaber@gmail.com,9.66577E+12,Mecca,Hail Region,6/19/2020,Female,27,New,Active,2020
CUST-002849,Evelyn Yang,evelyn.yang@outlook.com,9.66586E+12,Yanbu,Al-Qassim Region,12/29/2024,Female,22,VIP,Active,2024
CUST-002850,Karan Brown,karan.brown@outlook.com,9.66508E+12,Jeddah,Al-Bahah Region,6/4/2020,Male,20,New,Active,2020
CUST-002851,Pavan Al-Nasser,pavan.alnasser@outlook.com,9.66512E+12,Tabuk,Al-Qassim Region,9/1/2021,Female,50,New,Inactive,2021
CUST-002852,Evelyn Brown,evelyn.brown@gmail.com,9.66546E+12,Medina,Northern Borders,9/22/2022,Male,44,Loyal,Inactive,2022
CUST-002853,Amit Patel,amit.patel@gmail.com,9.66586E+12,Yanbu,Al-Qassim Region,7/6/2020,Female,58,New,Inactive,2020
CUST-002854,Robert Singh,robert.singh@outlook.com,9.66588E+12,Khobar,Northern Borders,5/14/2025,Male,51,New,Active,2025
CUST-002855,Emma Al-Farsi,emma.alfarsi@outlook.com,9.66521E+12,Qassim,Makkah Region,4/4/2023,Female,27,Regular,Active,2023
CUST-002856,Noura Patel,noura.patel@outlook.com,9.66541E+12,Al-Ahsa,Najran Region,7/3/2022,Male,52,Regular,Active,2022
CUST-002857,Nikhil Reddy,nikhil.reddy@icloud.com,9.66578E+12,Sakaka,Al-Qassim Region,2/29/2024,Male,59,VIP,Active,2024
CUST-002858,Reem Wu,reem.wu@icloud.com,9.66537E+12,Al-Ahsa,Makkah Region,12/1/2022,Female,48,VIP,Inactive,2022
CUST-002859,Ali Iyer,ali.iyer@outlook.com,9.66588E+12,Yanbu,Jazan Region,3/6/2024,Male,53,VIP,Active,2024
CUST-002860,Huang Al-Zahrani,huang.alzahrani@gmail.com,9.66565E+12,Najran,Northern Borders,7/5/2020,Female,60,VIP,Active,2020
CUST-002861,Noura Martinez,noura.martinez@yahoo.com,9.66518E+12,Jeddah,Al-Jawf Region,12/2/2024,Male,55,Regular,Active,2024
CUST-002862,Amit Al-Harbi,amit.alharbi@yahoo.com,9.66558E+12,Najran,Northern Borders,9/18/2023,Male,33,Loyal,Active,2023
CUST-002863,Emma Garcia,emma.garcia@gmail.com,9.66532E+12,Jizan,Jazan Region,5/24/2025,Male,55,Regular,Active,2025
CUST-002864,Saad Sharma,saad.sharma@hotmail.com,9.66587E+12,Dammam,Riyadh Region,2/27/2021,Male,34,New,Active,2021
CUST-002865,James Rodriguez,james.rodriguez@hotmail.com,9.66551E+12,Jeddah,Hail Region,4/26/2023,Male,50,New,Inactive,2023
CUST-002866,Harper Yang,harper.yang@yahoo.com,9.66598E+12,Jizan,Al-Jawf Region,2/19/2025,Male,51,Loyal,Active,2025
CUST-002867,Dana Gupta,dana.gupta@gmail.com,9.66564E+12,Riyadh,Asir Region,3/1/2023,Male,51,Regular,Active,2023
CUST-002868,Mohammed Al-Otaibi,mohammed.alotaibi@icloud.com,9.66515E+12,Abha,Hail Region,10/6/2021,Female,57,Regular,Active,2021
CUST-002869,Olivia Al-Mutairi,olivia.almutairi@hotmail.com,9.66517E+12,Al-Kharj,Al-Qassim Region,8/17/2024,Female,35,Loyal,Active,2024
CUST-002870,Ibrahim Zhang,ibrahim.zhang@icloud.com,9.66574E+12,Najran,Makkah Region,11/7/2025,Female,28,Regular,Active,2025
CUST-002871,Ibrahim Rao,ibrahim.rao@hotmail.com,9.66562E+12,Riyadh,Eastern Province,6/5/2021,Male,20,Regular,Active,2021
CUST-002872,Huang Rodriguez,huang.rodriguez@gmail.com,9.66556E+12,Al-Ahsa,Jazan Region,2/22/2021,Male,41,New,Active,2021
CUST-002873,Isabella Huang,isabella.huang@gmail.com,9.66542E+12,Khamis Mushait,Al-Jawf Region,11/10/2021,Male,39,New,Active,2021
CUST-002874,William Iyer,william.iyer@gmail.com,9.66583E+12,Khobar,Asir Region,6/4/2021,Female,51,VIP,Active,2021
CUST-002875,Olivia Al-Saud,olivia.alsaud@icloud.com,9.66509E+12,Qassim,Northern Borders,3/4/2022,Female,23,VIP,Active,2022
CUST-002876,Emma Reddy,emma.reddy@icloud.com,9.66558E+12,Buraidah,Tabuk Region,5/25/2023,Male,18,Regular,Active,2023
CUST-002877,Li Miller,li.miller@icloud.com,9.66524E+12,Qassim,Najran Region,5/28/2024,Male,64,New,Active,2024
CUST-002878,Liu Mehta,liu.mehta@yahoo.com,9.66572E+12,Buraidah,Hail Region,6/19/2020,Male,22,New,Inactive,2020
CUST-002879,Ali Al-Mutairi,ali.almutairi@yahoo.com,9.66566E+12,Al-Kharj,Makkah Region,12/15/2022,Male,56,Regular,Inactive,2022
CUST-002880,Richard Al-Rashid,richard.alrashid@outlook.com,9.66511E+12,Taif,Jazan Region,1/13/2021,Male,24,Regular,Active,2021
CUST-002881,Zhang Gupta,zhang.gupta@icloud.com,9.66525E+12,Jubail,Northern Borders,5/15/2022,Female,22,New,Active,2022
CUST-002882,Rana Al-Qahtani,rana.alqahtani@hotmail.com,9.66514E+12,Mecca,Najran Region,2/28/2021,Male,53,New,Active,2021
CUST-002883,Ahmed Singh,ahmed.singh@gmail.com,9.66533E+12,Hail,Al-Jawf Region,4/19/2021,Female,55,New,Active,2021
CUST-002884,Dana Rao,dana.rao@gmail.com,9.66586E+12,Yanbu,Riyadh Region,1/30/2023,Male,42,Loyal,Active,2023
CUST-002885,Reem Al-Turki,reem.alturki@icloud.com,9.66578E+12,Tabuk,Makkah Region,3/30/2020,Male,24,VIP,Active,2020
CUST-002886,Pavan Gupta,pavan.gupta@hotmail.com,9.66557E+12,Dammam,Eastern Province,2/17/2025,Female,60,Loyal,Inactive,2025
CUST-002887,Maha Al-Ghamdi,maha.alghamdi@outlook.com,9.66541E+12,Abha,Asir Region,1/16/2025,Female,34,Loyal,Active,2025
CUST-002888,Evelyn Jones,evelyn.jones@yahoo.com,9.66592E+12,Abha,Northern Borders,3/29/2023,Male,29,Loyal,Active,2023
CUST-002889,Khalid Al-Rashid,khalid.alrashid@outlook.com,9.66504E+12,Khobar,Northern Borders,1/20/2025,Female,32,New,Inactive,2025
CUST-002890,Ali Patel,ali.patel@outlook.com,9.66564E+12,Mecca,Al-Jawf Region,5/28/2020,Male,19,Loyal,Active,2020
CUST-002891,Reem Nair,reem.nair@gmail.com,9.66525E+12,Abha,Northern Borders,6/2/2020,Female,36,New,Active,2020
CUST-002892,Maha Rao,maha.rao@hotmail.com,9.66586E+12,Al-Ahsa,Al-Qassim Region,5/15/2023,Female,58,VIP,Inactive,2023
CUST-002893,Rana Liu,rana.liu@gmail.com,9.66571E+12,Abha,Northern Borders,3/12/2021,Male,21,Loyal,Active,2021
CUST-002894,Ahmed Al-Nasser,ahmed.alnasser@gmail.com,9.66578E+12,Abha,Al-Jawf Region,5/22/2025,Female,54,VIP,Inactive,2025
CUST-002895,Aisha Williams,aisha.williams@gmail.com,9.66578E+12,Medina,Makkah Region,10/29/2020,Female,24,Loyal,Active,2020
CUST-002896,Ali Davis,ali.davis@icloud.com,9.66503E+12,Mecca,Tabuk Region,3/19/2023,Female,23,VIP,Active,2023
CUST-002897,Zhang Zhao,zhang.zhao@outlook.com,9.66575E+12,Abha,Asir Region,8/13/2022,Female,60,Loyal,Active,2022
CUST-002898,James Smith,james.smith@yahoo.com,9.66592E+12,Jubail,Al-Jawf Region,4/18/2020,Male,64,Regular,Active,2020
CUST-002899,Huda Al-Rashid,huda.alrashid@gmail.com,9.66549E+12,Al-Kharj,Al-Qassim Region,1/7/2022,Female,58,Loyal,Active,2022
CUST-002900,Noura Al-Mahmoud,noura.almahmoud@outlook.com,9.66519E+12,Jubail,Al-Jawf Region,2/12/2025,Male,24,Loyal,Active,2025
CUST-002901,Amelia Martinez,amelia.martinez@outlook.com,9.66525E+12,Khamis Mushait,Jazan Region,9/15/2021,Male,65,VIP,Inactive,2021
CUST-002902,Robert Singh,robert.singh@yahoo.com,9.66593E+12,Jubail,Al-Jawf Region,5/8/2024,Female,60,New,Active,2024
CUST-002903,Ravi Al-Qahtani,ravi.alqahtani@yahoo.com,9.66549E+12,Tabuk,Makkah Region,5/26/2025,Female,46,New,Active,2025
CUST-002904,Ahmed Sharma,ahmed.sharma@hotmail.com,9.6659E+12,Medina,Jazan Region,7/26/2022,Female,47,Regular,Active,2022
CUST-002905,Yang Al-Hassan,yang.alhassan@gmail.com,9.66563E+12,Hail,Riyadh Region,5/29/2024,Male,41,VIP,Active,2024
CUST-002906,Dana Reddy,dana.reddy@yahoo.com,9.66598E+12,Sakaka,Jazan Region,3/4/2020,Male,36,VIP,Active,2020
CUST-002907,Olivia Al-Rashid,olivia.alrashid@yahoo.com,9.66594E+12,Taif,Al-Jawf Region,6/25/2021,Female,62,New,Inactive,2021
CUST-002908,William Reddy,william.reddy@icloud.com,9.66526E+12,Hail,Eastern Province,8/12/2020,Female,19,Regular,Active,2020
CUST-002909,Omar Al-Rashid,omar.alrashid@gmail.com,9.66512E+12,Jeddah,Makkah Region,8/31/2023,Female,22,Loyal,Active,2023
CUST-002910,Zhang Zhao,zhang.zhao@outlook.com,9.66539E+12,Taif,Tabuk Region,10/7/2025,Male,26,New,Active,2025
CUST-002911,Ahmed Al-Ghamdi,ahmed.alghamdi@icloud.com,9.66583E+12,Tabuk,Najran Region,5/25/2023,Female,54,New,Inactive,2023
CUST-002912,Zhang Reddy,zhang.reddy@outlook.com,9.66524E+12,Tabuk,Makkah Region,9/8/2020,Female,60,VIP,Inactive,2020
CUST-002913,Abdullah Li,abdullah.li@outlook.com,9.66539E+12,Yanbu,Hail Region,7/22/2023,Female,22,Regular,Active,2023
CUST-002914,Khalid Al-Jaber,khalid.aljaber@icloud.com,9.66583E+12,Dammam,Riyadh Region,8/9/2024,Male,23,Loyal,Active,2024
CUST-002915,Abdullah Wang,abdullah.wang@outlook.com,9.6652E+12,Abha,Riyadh Region,9/29/2021,Male,44,VIP,Active,2021
CUST-002916,Ravi Al-Saud,ravi.alsaud@outlook.com,9.66594E+12,Yanbu,Najran Region,2/14/2022,Female,58,New,Active,2022
CUST-002917,Zhang Mehta,zhang.mehta@outlook.com,9.66541E+12,Abha,Eastern Province,7/11/2022,Male,63,Regular,Active,2022
CUST-002918,Michael Al-Malki,michael.almalki@icloud.com,9.6653E+12,Jizan,Jazan Region,2/20/2021,Male,42,Regular,Active,2021
CUST-002919,Harper Miller,harper.miller@icloud.com,9.66599E+12,Hail,Eastern Province,2/2/2022,Female,29,Loyal,Active,2022
CUST-002920,Rana Martinez,rana.martinez@icloud.com,9.66544E+12,Yanbu,Al-Bahah Region,11/16/2024,Male,25,New,Active,2024
CUST-002921,Wei Jones,wei.jones@yahoo.com,9.66507E+12,Taif,Riyadh Region,10/29/2025,Male,38,Loyal,Active,2025
CUST-002922,Fahad Singh,fahad.singh@hotmail.com,9.66559E+12,Jeddah,Al-Jawf Region,5/10/2024,Male,48,Loyal,Inactive,2024
CUST-002923,Omar Smith,omar.smith@hotmail.com,9.66592E+12,Dammam,Riyadh Region,12/27/2022,Female,33,Loyal,Active,2022
CUST-002924,Abdullah Nair,abdullah.nair@yahoo.com,9.66566E+12,Riyadh,Asir Region,8/20/2021,Male,38,VIP,Active,2021
CUST-002925,Mia Al-Rashid,mia.alrashid@yahoo.com,9.66595E+12,Najran,Al-Jawf Region,6/28/2025,Female,32,Loyal,Inactive,2025
CUST-002926,Aisha Wu,aisha.wu@hotmail.com,9.66579E+12,Hail,Hail Region,10/3/2020,Male,34,Loyal,Active,2020
CUST-002927,Karan Al-Qahtani,karan.alqahtani@gmail.com,9.66517E+12,Tabuk,Northern Borders,2/10/2025,Male,31,Loyal,Active,2025
CUST-002928,David Reddy,david.reddy@outlook.com,9.66562E+12,Medina,Eastern Province,2/3/2024,Female,64,Regular,Active,2024
CUST-002929,Noura Al-Otaibi,noura.alotaibi@gmail.com,9.66582E+12,Najran,Northern Borders,10/17/2022,Male,65,Regular,Inactive,2022
CUST-002930,Sara Al-Saud,sara.alsaud@hotmail.com,9.66583E+12,Khamis Mushait,Jazan Region,7/3/2022,Male,25,New,Active,2022
CUST-002931,Karan Al-Hassan,karan.alhassan@icloud.com,9.66584E+12,Mecca,Eastern Province,12/12/2024,Male,63,Loyal,Active,2024
CUST-002932,Pavan Rodriguez,pavan.rodriguez@icloud.com,9.66553E+12,Khobar,Riyadh Region,4/17/2025,Male,18,New,Inactive,2025
CUST-002933,Daniel Al-Otaibi,daniel.alotaibi@icloud.com,9.66543E+12,Qassim,Jazan Region,11/3/2022,Male,45,Regular,Active,2022
CUST-002934,Abigail Al-Mutairi,abigail.almutairi@outlook.com,9.66539E+12,Jizan,Hail Region,9/28/2020,Male,57,VIP,Active,2020
CUST-002935,Michael Al-Qahtani,michael.alqahtani@gmail.com,9.66506E+12,Mecca,Riyadh Region,10/3/2025,Male,57,VIP,Inactive,2025
CUST-002936,Nikhil Miller,nikhil.miller@yahoo.com,9.66527E+12,Khobar,Asir Region,7/14/2020,Male,31,Loyal,Active,2020
CUST-002937,Daniel Al-Malki,daniel.almalki@yahoo.com,9.66535E+12,Jeddah,Eastern Province,12/6/2025,Male,18,Regular,Active,2025
CUST-002938,Karan Al-Farsi,karan.alfarsi@hotmail.com,9.66537E+12,Hail,Asir Region,4/14/2021,Female,54,Regular,Inactive,2021
CUST-002939,Mohammed Wu,mohammed.wu@gmail.com,9.66566E+12,Abha,Makkah Region,9/24/2024,Female,57,Loyal,Inactive,2024
CUST-002940,Emma Al-Mahmoud,emma.almahmoud@hotmail.com,9.66504E+12,Tabuk,Riyadh Region,11/7/2022,Female,35,VIP,Active,2022
CUST-002941,Mohammed Gupta,mohammed.gupta@gmail.com,9.66566E+12,Taif,Al-Qassim Region,3/16/2025,Male,19,VIP,Active,2025
CUST-002942,Wei Al-Khalifa,wei.alkhalifa@hotmail.com,9.66581E+12,Medina,Hail Region,1/24/2021,Female,44,VIP,Active,2021
CUST-002943,Harper Nair,harper.nair@yahoo.com,9.66581E+12,Al-Kharj,Eastern Province,4/26/2023,Male,25,VIP,Active,2023
CUST-002944,John Al-Otaibi,john.alotaibi@icloud.com,9.66569E+12,Al-Kharj,Al-Bahah Region,8/29/2024,Male,64,Regular,Active,2024
CUST-002945,Michael Smith,michael.smith@hotmail.com,9.66553E+12,Abha,Al-Bahah Region,10/28/2021,Male,60,New,Active,2021
CUST-002946,Sophia Yang,sophia.yang@yahoo.com,9.6658E+12,Al-Ahsa,Al-Jawf Region,5/30/2023,Male,40,VIP,Active,2023
CUST-002947,Ravi Al-Hassan,ravi.alhassan@hotmail.com,9.66576E+12,Khobar,Hail Region,3/23/2022,Female,20,New,Active,2022
CUST-002948,Abdullah Singh,abdullah.singh@yahoo.com,9.66555E+12,Khamis Mushait,Al-Jawf Region,11/18/2024,Male,47,Loyal,Inactive,2024
CUST-002949,Charlotte Chen,charlotte.chen@yahoo.com,9.66562E+12,Abha,Makkah Region,12/28/2024,Female,52,New,Active,2024
CUST-002950,Mohammed Miller,mohammed.miller@hotmail.com,9.66588E+12,Riyadh,Al-Bahah Region,4/12/2025,Male,52,Loyal,Active,2025
CUST-002951,Li Martinez,li.martinez@yahoo.com,9.66529E+12,Abha,Hail Region,9/7/2023,Female,60,VIP,Inactive,2023
CUST-002952,Yang Johnson,yang.johnson@gmail.com,9.66556E+12,Al-Kharj,Northern Borders,12/19/2024,Female,46,Loyal,Inactive,2024
CUST-002953,Evelyn Al-Qahtani,evelyn.alqahtani@gmail.com,9.66537E+12,Al-Kharj,Najran Region,7/4/2022,Male,63,VIP,Active,2022
CUST-002954,Matthew Nair,matthew.nair@yahoo.com,9.66574E+12,Hail,Al-Jawf Region,3/2/2021,Male,42,New,Inactive,2021
CUST-002955,Amelia Patel,amelia.patel@icloud.com,9.66597E+12,Jeddah,Makkah Region,11/28/2023,Male,29,New,Active,2023
CUST-002956,Aisha Gupta,aisha.gupta@icloud.com,9.66596E+12,Jeddah,Riyadh Region,10/6/2025,Male,35,Loyal,Active,2025
CUST-002957,Karan Al-Khalifa,karan.alkhalifa@gmail.com,9.66528E+12,Al-Kharj,Najran Region,7/19/2022,Male,61,Loyal,Active,2022
CUST-002958,Robert Al-Zahrani,robert.alzahrani@gmail.com,9.66539E+12,Sakaka,Al-Jawf Region,5/16/2025,Male,47,New,Active,2025
CUST-002959,Ravi Reddy,ravi.reddy@gmail.com,9.66534E+12,Khamis Mushait,Al-Jawf Region,6/12/2025,Female,27,VIP,Inactive,2025
CUST-002960,Liu Zhou,liu.zhou@icloud.com,9.66568E+12,Medina,Najran Region,11/23/2022,Male,54,Loyal,Active,2022
CUST-002961,Ravi Garcia,ravi.garcia@gmail.com,9.66591E+12,Riyadh,Jazan Region,8/29/2022,Female,55,VIP,Inactive,2022
CUST-002962,Harper Zhou,harper.zhou@hotmail.com,9.66545E+12,Al-Ahsa,Al-Jawf Region,10/31/2022,Female,35,New,Active,2022
CUST-002963,Daniel Reddy,daniel.reddy@icloud.com,9.66527E+12,Dammam,Northern Borders,11/7/2023,Female,59,Regular,Active,2023
CUST-002964,Nikhil Rao,nikhil.rao@hotmail.com,9.66592E+12,Jizan,Riyadh Region,11/27/2022,Male,39,Regular,Inactive,2022
CUST-002965,Isabella Singh,isabella.singh@icloud.com,9.66507E+12,Sakaka,Al-Bahah Region,10/23/2024,Female,50,VIP,Active,2024
CUST-002966,Sophia Al-Nasser,sophia.alnasser@yahoo.com,9.66575E+12,Yanbu,Al-Jawf Region,10/22/2020,Female,48,VIP,Active,2020
CUST-002967,Dana Al-Dosari,dana.aldosari@gmail.com,9.66574E+12,Jeddah,Jazan Region,2/4/2021,Female,47,Loyal,Active,2021
CUST-002968,Yang Al-Dosari,yang.aldosari@yahoo.com,9.6656E+12,Riyadh,Al-Jawf Region,1/11/2020,Female,50,Regular,Active,2020
CUST-002969,Harper Smith,harper.smith@yahoo.com,9.66534E+12,Khamis Mushait,Hail Region,3/3/2023,Male,33,Regular,Active,2023
CUST-002970,Harper Zhao,harper.zhao@icloud.com,9.66553E+12,Qassim,Hail Region,6/26/2020,Male,32,New,Active,2020
CUST-002971,Wu Al-Dosari,wu.aldosari@outlook.com,9.66554E+12,Khobar,Jazan Region,9/1/2022,Female,62,VIP,Active,2022
CUST-002972,Reem Zhou,reem.zhou@outlook.com,9.66525E+12,Sakaka,Al-Bahah Region,8/7/2020,Male,26,Regular,Active,2020
CUST-002973,Maha Wang,maha.wang@outlook.com,9.66515E+12,Yanbu,Al-Qassim Region,9/12/2023,Male,55,Regular,Active,2023
CUST-002974,John Sharma,john.sharma@hotmail.com,9.66572E+12,Dammam,Riyadh Region,6/16/2020,Female,25,Loyal,Active,2020
CUST-002975,Khalid Williams,khalid.williams@outlook.com,9.66545E+12,Najran,Al-Qassim Region,1/27/2023,Female,43,New,Active,2023
CUST-002976,Saad Yang,saad.yang@icloud.com,9.6654E+12,Sakaka,Makkah Region,8/27/2021,Female,61,New,Active,2021
CUST-002977,John Al-Otaibi,john.alotaibi@outlook.com,9.66562E+12,Dammam,Eastern Province,9/4/2021,Male,59,New,Active,2021
CUST-002978,Robert Rodriguez,robert.rodriguez@hotmail.com,9.66568E+12,Najran,Asir Region,1/18/2020,Female,41,VIP,Active,2020
CUST-002979,Li Singh,li.singh@icloud.com,9.66552E+12,Dammam,Northern Borders,5/19/2022,Female,45,New,Active,2022
CUST-002980,Olivia Li,olivia.li@icloud.com,9.66595E+12,Tabuk,Asir Region,7/14/2021,Female,44,Regular,Inactive,2021
CUST-002981,Amit Wu,amit.wu@gmail.com,9.66547E+12,Jeddah,Riyadh Region,10/29/2025,Male,62,Regular,Active,2025
CUST-002982,Amelia Gupta,amelia.gupta@yahoo.com,9.66569E+12,Riyadh,Eastern Province,1/22/2022,Male,21,Loyal,Active,2022
CUST-002983,Michael Al-Dosari,michael.aldosari@gmail.com,9.66562E+12,Al-Ahsa,Al-Qassim Region,6/1/2020,Female,59,Loyal,Active,2020
CUST-002984,Zhao Al-Mahmoud,zhao.almahmoud@gmail.com,9.66552E+12,Khobar,Riyadh Region,8/16/2020,Male,55,Regular,Active,2020
CUST-002985,Dana Zhou,dana.zhou@gmail.com,9.66577E+12,Sakaka,Jazan Region,11/1/2021,Male,42,Regular,Active,2021
CUST-002986,Charlotte Al-Faisal,charlotte.alfaisal@yahoo.com,9.66534E+12,Al-Kharj,Al-Bahah Region,10/24/2020,Male,54,Loyal,Inactive,2020
CUST-002987,Ibrahim Al-Ahmari,ibrahim.alahmari@gmail.com,9.66554E+12,Riyadh,Jazan Region,12/14/2020,Male,29,Loyal,Active,2020
CUST-002988,Liu Al-Ghamdi,liu.alghamdi@icloud.com,9.66523E+12,Khamis Mushait,Asir Region,3/12/2025,Female,65,VIP,Active,2025
CUST-002989,Matthew Al-Jaber,matthew.aljaber@gmail.com,9.66555E+12,Sakaka,Najran Region,8/20/2023,Female,65,Loyal,Active,2023
CUST-002990,Huang Yang,huang.yang@yahoo.com,9.66506E+12,Tabuk,Eastern Province,10/12/2021,Male,23,Regular,Active,2021
CUST-002991,Amelia Yang,amelia.yang@gmail.com,9.66544E+12,Yanbu,Al-Bahah Region,9/12/2024,Female,50,VIP,Active,2024
CUST-002992,Sanjay Davis,sanjay.davis@outlook.com,9.66561E+12,Al-Kharj,Northern Borders,3/20/2020,Female,34,Loyal,Active,2020
CUST-002993,Ravi Al-Saud,ravi.alsaud@hotmail.com,9.66553E+12,Najran,Jazan Region,6/9/2022,Female,53,Loyal,Active,2022
CUST-002994,Emma Li,emma.li@icloud.com,9.66585E+12,Riyadh,Jazan Region,1/15/2020,Female,44,VIP,Active,2020
CUST-002995,Matthew Mehta,matthew.mehta@gmail.com,9.66562E+12,Dammam,Al-Qassim Region,10/6/2025,Female,27,VIP,Active,2025
CUST-002996,William Liu,william.liu@gmail.com,9.66593E+12,Khamis Mushait,Eastern Province,6/30/2024,Male,63,Loyal,Active,2024
CUST-002997,Abdullah Rao,abdullah.rao@gmail.com,9.66506E+12,Tabuk,Jazan Region,11/1/2020,Female,20,VIP,Active,2020
CUST-002998,Amit Al-Hassan,amit.alhassan@outlook.com,9.66588E+12,Riyadh,Asir Region,10/31/2020,Female,42,VIP,Active,2020
CUST-002999,Liu Huang,liu.huang@hotmail.com,9.66513E+12,Al-Ahsa,Al-Qassim Region,11/15/2025,Male,25,Regular,Active,2025
CUST-003000,Yousef Yang,yousef.yang@hotmail.com,9.66536E+12,Taif,Makkah Region,6/21/2024,Male,23,New,Inactive,2024
CUST-003001,Charlotte Al-Dosari,charlotte.aldosari@hotmail.com,9.66581E+12,Khamis Mushait,Jazan Region,1/12/2020,Male,48,New,Inactive,2020
CUST-003002,Nikhil Al-Mahmoud,nikhil.almahmoud@outlook.com,9.66572E+12,Najran,Eastern Province,6/10/2020,Female,47,New,Active,2020
CUST-003003,Emma Rodriguez,emma.rodriguez@gmail.com,9.66544E+12,Abha,Northern Borders,3/7/2024,Female,56,Loyal,Active,2024
CUST-003004,Ravi Al-Farsi,ravi.alfarsi@hotmail.com,9.66562E+12,Jeddah,Hail Region,10/2/2020,Male,20,New,Active,2020
CUST-003005,Karan Wang,karan.wang@gmail.com,9.66518E+12,Qassim,Al-Bahah Region,1/23/2024,Male,64,Regular,Active,2024
CUST-003006,James Al-Ghamdi,james.alghamdi@yahoo.com,9.6656E+12,Buraidah,Al-Qassim Region,4/23/2025,Male,61,Regular,Inactive,2025
CUST-003007,Fatima Al-Harbi,fatima.alharbi@gmail.com,9.66503E+12,Sakaka,Jazan Region,2/1/2024,Female,35,Loyal,Active,2024
CUST-003008,Raj Jones,raj.jones@icloud.com,9.66565E+12,Sakaka,Al-Bahah Region,1/22/2025,Female,34,Regular,Active,2025
CUST-003009,Ibrahim Gupta,ibrahim.gupta@icloud.com,9.6655E+12,Khobar,Riyadh Region,2/26/2023,Male,43,VIP,Active,2023
CUST-003010,David Al-Jaber,david.aljaber@yahoo.com,9.66575E+12,Jeddah,Al-Jawf Region,2/9/2024,Male,30,Regular,Active,2024
CUST-003011,Wu Al-Jaber,wu.aljaber@icloud.com,9.66537E+12,Yanbu,Northern Borders,1/6/2025,Female,52,New,Active,2025
CUST-003012,Nikhil Al-Rashid,nikhil.alrashid@icloud.com,9.66556E+12,Jubail,Makkah Region,2/18/2025,Female,56,New,Active,2025
CUST-003013,Isabella Martinez,isabella.martinez@icloud.com,9.66568E+12,Khamis Mushait,Makkah Region,1/31/2023,Female,55,New,Inactive,2023
CUST-003014,Omar Brown,omar.brown@hotmail.com,9.66586E+12,Khobar,Tabuk Region,7/3/2020,Female,46,VIP,Active,2020
CUST-003015,Michael Al-Otaibi,michael.alotaibi@icloud.com,9.66599E+12,Qassim,Northern Borders,5/6/2022,Male,34,VIP,Active,2022
CUST-003016,John Al-Farsi,john.alfarsi@outlook.com,9.66592E+12,Medina,Makkah Region,1/5/2021,Male,62,VIP,Active,2021
CUST-003017,Mia Miller,mia.miller@outlook.com,9.66568E+12,Sakaka,Najran Region,8/9/2023,Male,28,New,Active,2023
CUST-003018,David Huang,david.huang@outlook.com,9.66518E+12,Tabuk,Riyadh Region,2/2/2025,Male,59,VIP,Inactive,2025
CUST-003019,Ahmed Al-Nasser,ahmed.alnasser@gmail.com,9.66523E+12,Yanbu,Tabuk Region,9/26/2021,Female,57,Loyal,Active,2021
CUST-003020,Ahmed Singh,ahmed.singh@hotmail.com,9.66548E+12,Khobar,Al-Qassim Region,10/18/2025,Female,53,New,Inactive,2025
CUST-003021,Ibrahim Al-Shehri,ibrahim.alshehri@hotmail.com,9.66574E+12,Sakaka,Al-Bahah Region,2/21/2023,Female,37,Loyal,Active,2023
CUST-003022,Reem Johnson,reem.johnson@icloud.com,9.66537E+12,Medina,Jazan Region,10/29/2022,Female,29,New,Active,2022
CUST-003023,Thomas Al-Qahtani,thomas.alqahtani@outlook.com,9.66528E+12,Hail,Najran Region,7/13/2020,Female,40,Regular,Inactive,2020
CUST-003024,Wang Johnson,wang.johnson@outlook.com,9.66577E+12,Sakaka,Najran Region,10/24/2025,Female,55,Loyal,Active,2025
CUST-003025,Michael Rodriguez,michael.rodriguez@hotmail.com,9.66558E+12,Taif,Jazan Region,4/22/2023,Male,33,VIP,Active,2023
CUST-003026,Abdullah Zhou,abdullah.zhou@yahoo.com,9.66594E+12,Yanbu,Riyadh Region,9/6/2023,Female,29,Loyal,Active,2023
CUST-003027,Arjun Al-Shehri,arjun.alshehri@icloud.com,9.66534E+12,Jizan,Asir Region,10/14/2025,Male,25,Regular,Active,2025
CUST-003028,Wang Liu,wang.liu@hotmail.com,9.66547E+12,Sakaka,Asir Region,9/24/2024,Female,44,New,Active,2024
CUST-003029,James Nair,james.nair@icloud.com,9.66563E+12,Dammam,Al-Bahah Region,9/10/2022,Male,47,New,Active,2022
CUST-003030,Michael Zhou,michael.zhou@hotmail.com,9.66581E+12,Hail,Asir Region,2/22/2021,Female,20,Regular,Active,2021
CUST-003031,Daniel Al-Saud,daniel.alsaud@hotmail.com,9.66534E+12,Jeddah,Asir Region,12/7/2024,Male,59,Loyal,Active,2024
CUST-003032,Mia Nair,mia.nair@yahoo.com,9.66545E+12,Al-Ahsa,Hail Region,9/9/2024,Male,22,New,Active,2024
CUST-003033,Raj Al-Shehri,raj.alshehri@yahoo.com,9.66581E+12,Jubail,Najran Region,1/31/2022,Female,52,New,Active,2022
CUST-003034,Richard Al-Shehri,richard.alshehri@hotmail.com,9.66546E+12,Sakaka,Najran Region,9/19/2023,Female,42,Regular,Active,2023
CUST-003035,Thomas Kumar,thomas.kumar@hotmail.com,9.66518E+12,Riyadh,Eastern Province,11/9/2025,Male,39,Regular,Active,2025
CUST-003036,Sara Al-Turki,sara.alturki@icloud.com,9.66586E+12,Yanbu,Al-Qassim Region,6/18/2020,Female,57,VIP,Active,2020
CUST-003037,Harper Al-Hassan,harper.alhassan@icloud.com,9.66585E+12,Khobar,Najran Region,8/16/2025,Male,62,VIP,Active,2025
CUST-003038,Yang Al-Harbi,yang.alharbi@hotmail.com,9.66522E+12,Abha,Makkah Region,6/21/2022,Male,57,Loyal,Active,2022
CUST-003039,Wei Al-Mahmoud,wei.almahmoud@yahoo.com,9.66533E+12,Riyadh,Asir Region,11/6/2024,Female,51,Loyal,Active,2024
CUST-003040,Yousef Rao,yousef.rao@outlook.com,9.66586E+12,Dammam,Northern Borders,10/16/2023,Male,48,Regular,Inactive,2023
CUST-003041,Matthew Al-Khalifa,matthew.alkhalifa@outlook.com,9.66504E+12,Dammam,Riyadh Region,9/2/2025,Female,46,Regular,Active,2025
CUST-003042,Daniel Al-Qahtani,daniel.alqahtani@gmail.com,9.66563E+12,Qassim,Asir Region,6/27/2022,Female,58,VIP,Active,2022
CUST-003043,Emma Garcia,emma.garcia@hotmail.com,9.66563E+12,Tabuk,Al-Jawf Region,6/12/2021,Female,49,New,Active,2021
CUST-003044,Rana Singh,rana.singh@yahoo.com,9.66558E+12,Najran,Al-Bahah Region,4/8/2025,Male,21,Regular,Active,2025
CUST-003045,Lina Al-Khalifa,lina.alkhalifa@yahoo.com,9.66528E+12,Najran,Jazan Region,4/2/2020,Female,63,Regular,Active,2020
CUST-003046,Ali Al-Nasser,ali.alnasser@yahoo.com,9.66556E+12,Hail,Tabuk Region,8/8/2024,Male,55,Loyal,Active,2024
CUST-003047,Vikram Al-Harbi,vikram.alharbi@hotmail.com,9.66512E+12,Yanbu,Jazan Region,10/10/2020,Female,55,Loyal,Active,2020
CUST-003048,William Al-Faisal,william.alfaisal@outlook.com,9.66538E+12,Jizan,Hail Region,4/5/2024,Male,37,VIP,Inactive,2024
CUST-003049,Arjun Miller,arjun.miller@outlook.com,9.66574E+12,Tabuk,Eastern Province,12/31/2021,Male,62,Regular,Active,2021
CUST-003050,Mia Wu,mia.wu@hotmail.com,9.66558E+12,Al-Ahsa,Al-Bahah Region,11/27/2024,Male,18,Loyal,Active,2024
CUST-003051,Huda Al-Dosari,huda.aldosari@icloud.com,9.66545E+12,Al-Kharj,Al-Qassim Region,2/16/2023,Male,44,VIP,Active,2023
CUST-003052,Olivia Nair,olivia.nair@gmail.com,9.66589E+12,Hail,Asir Region,8/30/2020,Male,26,New,Active,2020
CUST-003053,Liu Garcia,liu.garcia@icloud.com,9.66581E+12,Medina,Asir Region,8/28/2025,Female,23,Loyal,Active,2025
CUST-003054,Mia Jones,mia.jones@yahoo.com,9.66557E+12,Qassim,Al-Qassim Region,8/6/2020,Female,53,New,Active,2020
CUST-003055,Mia Al-Dosari,mia.aldosari@gmail.com,9.66516E+12,Tabuk,Asir Region,2/15/2025,Female,30,VIP,Active,2025
CUST-003056,Matthew Al-Otaibi,matthew.alotaibi@yahoo.com,9.66578E+12,Khobar,Najran Region,3/2/2025,Male,38,Loyal,Active,2025
CUST-003057,Evelyn Iyer,evelyn.iyer@icloud.com,9.66557E+12,Al-Kharj,Al-Jawf Region,4/26/2023,Female,49,VIP,Inactive,2023
CUST-003058,Michael Zhou,michael.zhou@icloud.com,9.66556E+12,Riyadh,Hail Region,8/20/2023,Male,62,Loyal,Active,2023
CUST-003059,Amelia Al-Hassan,amelia.alhassan@gmail.com,9.66573E+12,Buraidah,Najran Region,2/2/2024,Female,22,Regular,Inactive,2024
CUST-003060,David Smith,david.smith@hotmail.com,9.6653E+12,Najran,Eastern Province,9/9/2020,Female,60,Regular,Active,2020
CUST-003061,William Al-Faisal,william.alfaisal@hotmail.com,9.66512E+12,Sakaka,Al-Jawf Region,1/27/2022,Male,37,VIP,Active,2022
CUST-003062,Reem Al-Hassan,reem.alhassan@hotmail.com,9.66553E+12,Jeddah,Asir Region,6/14/2020,Male,48,Loyal,Inactive,2020
CUST-003063,Yang Miller,yang.miller@outlook.com,9.66531E+12,Khamis Mushait,Al-Bahah Region,8/2/2021,Female,21,Regular,Active,2021
CUST-003064,Karan Garcia,karan.garcia@yahoo.com,9.66513E+12,Buraidah,Tabuk Region,2/9/2020,Male,55,Regular,Active,2020
CUST-003065,Lina Rodriguez,lina.rodriguez@gmail.com,9.66594E+12,Mecca,Eastern Province,12/28/2020,Male,41,Regular,Active,2020
CUST-003066,Emma Huang,emma.huang@hotmail.com,9.66599E+12,Jeddah,Al-Bahah Region,4/20/2020,Female,48,VIP,Active,2020
CUST-003067,Yousef Al-Faisal,yousef.alfaisal@yahoo.com,9.66525E+12,Buraidah,Northern Borders,2/3/2020,Male,53,New,Active,2020
CUST-003068,Noura Martinez,noura.martinez@yahoo.com,9.66548E+12,Najran,Jazan Region,10/8/2020,Male,31,Loyal,Active,2020
CUST-003069,Huang Mehta,huang.mehta@outlook.com,9.66587E+12,Mecca,Eastern Province,7/14/2025,Male,36,Regular,Active,2025
CUST-003070,Nikhil Al-Ahmari,nikhil.alahmari@yahoo.com,9.66503E+12,Sakaka,Makkah Region,4/14/2022,Male,32,New,Active,2022
CUST-003071,Reem Zhao,reem.zhao@hotmail.com,9.66581E+12,Khobar,Al-Qassim Region,11/23/2025,Male,53,New,Inactive,2025
CUST-003072,Robert Al-Dosari,robert.aldosari@outlook.com,9.66546E+12,Khobar,Asir Region,4/24/2021,Male,61,New,Inactive,2021
CUST-003073,Ibrahim Al-Shehri,ibrahim.alshehri@yahoo.com,9.66535E+12,Jizan,Najran Region,4/27/2022,Male,46,Regular,Active,2022
CUST-003074,Pavan Iyer,pavan.iyer@outlook.com,9.66572E+12,Buraidah,Al-Bahah Region,10/10/2020,Female,23,New,Active,2020
CUST-003075,Ravi Yang,ravi.yang@icloud.com,9.66519E+12,Medina,Najran Region,5/16/2025,Female,20,VIP,Active,2025
CUST-003076,Abdullah Garcia,abdullah.garcia@yahoo.com,9.66521E+12,Abha,Tabuk Region,12/15/2022,Female,45,New,Active,2022
CUST-003077,Khalid Miller,khalid.miller@icloud.com,9.66576E+12,Najran,Riyadh Region,7/24/2025,Female,40,Regular,Active,2025
CUST-003078,Sunil Al-Faisal,sunil.alfaisal@outlook.com,9.66524E+12,Mecca,Northern Borders,5/5/2022,Male,43,New,Active,2022
CUST-003079,Arjun Li,arjun.li@icloud.com,9.66512E+12,Jeddah,Hail Region,12/5/2024,Male,30,Loyal,Active,2024
CUST-003080,Omar Iyer,omar.iyer@outlook.com,9.66571E+12,Riyadh,Hail Region,2/24/2023,Female,56,Loyal,Active,2023
CUST-003081,Karan Wu,karan.wu@yahoo.com,9.66524E+12,Tabuk,Al-Bahah Region,3/4/2025,Male,19,Loyal,Active,2025
CUST-003082,Sanjay Al-Dosari,sanjay.aldosari@hotmail.com,9.66581E+12,Riyadh,Al-Qassim Region,7/22/2025,Male,35,New,Inactive,2025
CUST-003083,Richard Williams,richard.williams@yahoo.com,9.66524E+12,Buraidah,Asir Region,5/5/2020,Female,39,Loyal,Active,2020
CUST-003084,Reem Al-Mutairi,reem.almutairi@icloud.com,9.66588E+12,Tabuk,Al-Qassim Region,12/1/2021,Male,47,VIP,Inactive,2021
CUST-003085,Amit Al-Rashid,amit.alrashid@icloud.com,9.66574E+12,Dammam,Najran Region,8/24/2023,Male,61,VIP,Inactive,2023
CUST-003086,Michael Al-Khalifa,michael.alkhalifa@hotmail.com,9.66555E+12,Medina,Asir Region,4/13/2021,Female,19,Regular,Active,2021
CUST-003087,Isabella Smith,isabella.smith@yahoo.com,9.66568E+12,Qassim,Najran Region,4/24/2022,Female,30,Loyal,Inactive,2022
CUST-003088,Wang Al-Saud,wang.alsaud@yahoo.com,9.66524E+12,Qassim,Riyadh Region,5/13/2020,Female,62,Regular,Active,2020
CUST-003089,Rana Rao,rana.rao@hotmail.com,9.66585E+12,Yanbu,Northern Borders,1/25/2023,Female,65,Loyal,Active,2023
CUST-003090,Saad Reddy,saad.reddy@yahoo.com,9.66572E+12,Dammam,Riyadh Region,6/27/2024,Male,24,Loyal,Active,2024
CUST-003091,David Smith,david.smith@icloud.com,9.66577E+12,Jizan,Riyadh Region,5/14/2021,Female,40,VIP,Active,2021
CUST-003092,Sophia Al-Zahrani,sophia.alzahrani@gmail.com,9.66544E+12,Mecca,Hail Region,12/4/2024,Male,52,New,Active,2024
CUST-003093,Sunil Brown,sunil.brown@outlook.com,9.66512E+12,Yanbu,Najran Region,4/10/2024,Male,24,VIP,Active,2024
CUST-003094,Zhao Al-Otaibi,zhao.alotaibi@yahoo.com,9.66562E+12,Mecca,Najran Region,11/12/2021,Female,65,New,Active,2021
CUST-003095,Michael Singh,michael.singh@hotmail.com,9.66566E+12,Taif,Eastern Province,6/19/2024,Male,42,VIP,Active,2024
CUST-003096,Olivia Rao,olivia.rao@gmail.com,9.66541E+12,Tabuk,Tabuk Region,1/21/2023,Female,35,VIP,Inactive,2023
CUST-003097,David Al-Dosari,david.aldosari@outlook.com,9.66561E+12,Riyadh,Asir Region,1/29/2020,Male,23,Loyal,Active,2020
CUST-003098,Ibrahim Li,ibrahim.li@yahoo.com,9.66538E+12,Jizan,Al-Qassim Region,4/15/2025,Female,61,Regular,Active,2025
CUST-003099,Vikram Al-Mahmoud,vikram.almahmoud@outlook.com,9.66536E+12,Khamis Mushait,Asir Region,12/31/2025,Female,60,New,Inactive,2025
CUST-003100,John Al-Dosari,john.aldosari@outlook.com,9.66509E+12,Tabuk,Tabuk Region,4/30/2020,Male,44,VIP,Active,2020
CUST-003101,Mia Al-Ahmari,mia.alahmari@gmail.com,9.66537E+12,Taif,Riyadh Region,9/12/2022,Female,51,VIP,Inactive,2022
CUST-003102,Maha Williams,maha.williams@outlook.com,9.66571E+12,Riyadh,Al-Bahah Region,9/16/2024,Male,49,VIP,Inactive,2024
CUST-003103,Michael Al-Hassan,michael.alhassan@gmail.com,9.66543E+12,Sakaka,Hail Region,11/10/2022,Female,57,Loyal,Active,2022
CUST-003104,Amelia Singh,amelia.singh@hotmail.com,9.66522E+12,Jubail,Al-Bahah Region,12/19/2023,Female,26,Loyal,Active,2023
CUST-003105,Sara Zhang,sara.zhang@gmail.com,9.66503E+12,Yanbu,Al-Bahah Region,9/30/2020,Female,31,VIP,Active,2020
CUST-003106,Matthew Zhao,matthew.zhao@hotmail.com,9.66559E+12,Khobar,Asir Region,7/6/2023,Male,44,Regular,Inactive,2023
CUST-003107,Lina Smith,lina.smith@outlook.com,9.66548E+12,Sakaka,Jazan Region,1/8/2021,Male,21,New,Active,2021
CUST-003108,Ahmed Mehta,ahmed.mehta@icloud.com,9.66513E+12,Sakaka,Tabuk Region,10/15/2023,Female,43,New,Active,2023
CUST-003109,Ali Davis,ali.davis@icloud.com,9.66549E+12,Buraidah,Makkah Region,3/27/2023,Male,58,Regular,Active,2023
CUST-003110,Sunil Patel,sunil.patel@yahoo.com,9.66584E+12,Tabuk,Jazan Region,11/23/2021,Female,63,VIP,Active,2021
CUST-003111,Arjun Li,arjun.li@icloud.com,9.66583E+12,Tabuk,Riyadh Region,7/21/2021,Female,38,Loyal,Active,2021
CUST-003112,Raj Mehta,raj.mehta@outlook.com,9.66512E+12,Hail,Najran Region,6/16/2021,Male,51,Loyal,Active,2021
CUST-003113,Karan Liu,karan.liu@icloud.com,9.66542E+12,Riyadh,Jazan Region,5/9/2021,Male,44,New,Active,2021
CUST-003114,Dana Reddy,dana.reddy@hotmail.com,9.66546E+12,Mecca,Makkah Region,8/29/2025,Male,21,Loyal,Active,2025
CUST-003115,Li Martinez,li.martinez@yahoo.com,9.66548E+12,Tabuk,Al-Bahah Region,10/15/2025,Female,63,Regular,Active,2025
CUST-003116,Olivia Al-Mahmoud,olivia.almahmoud@outlook.com,9.66549E+12,Jubail,Jazan Region,1/20/2020,Male,48,New,Active,2020
CUST-003117,Michael Garcia,michael.garcia@yahoo.com,9.66552E+12,Khobar,Makkah Region,5/6/2020,Male,28,Loyal,Active,2020
CUST-003118,Amelia Zhao,amelia.zhao@gmail.com,9.66596E+12,Jizan,Northern Borders,3/20/2020,Male,52,Loyal,Active,2020
CUST-003119,Zhao Al-Mahmoud,zhao.almahmoud@yahoo.com,9.66584E+12,Al-Kharj,Al-Jawf Region,1/18/2024,Female,22,Loyal,Active,2024
CUST-003120,William Al-Nasser,william.alnasser@icloud.com,9.66522E+12,Riyadh,Riyadh Region,2/12/2022,Female,18,New,Active,2022
CUST-003121,Ali Garcia,ali.garcia@outlook.com,9.66582E+12,Khamis Mushait,Al-Jawf Region,9/28/2025,Female,63,Loyal,Inactive,2025
CUST-003122,Lina Smith,lina.smith@gmail.com,9.66571E+12,Al-Kharj,Najran Region,8/18/2022,Female,50,VIP,Inactive,2022
CUST-003123,Ibrahim Al-Dosari,ibrahim.aldosari@outlook.com,9.66575E+12,Qassim,Jazan Region,8/3/2024,Male,57,Loyal,Active,2024
CUST-003124,Omar Wang,omar.wang@hotmail.com,9.66546E+12,Jizan,Hail Region,12/13/2024,Male,45,Loyal,Active,2024
CUST-003125,James Al-Dosari,james.aldosari@hotmail.com,9.66519E+12,Khamis Mushait,Eastern Province,8/18/2025,Male,46,VIP,Active,2025
CUST-003126,Emma Huang,emma.huang@hotmail.com,9.66502E+12,Tabuk,Tabuk Region,9/29/2023,Male,27,New,Active,2023
CUST-003127,Thomas Johnson,thomas.johnson@outlook.com,9.66594E+12,Jeddah,Asir Region,5/27/2021,Female,60,VIP,Active,2021
CUST-003128,Sara Sharma,sara.sharma@outlook.com,9.66534E+12,Riyadh,Al-Qassim Region,5/15/2020,Female,34,New,Active,2020
CUST-003129,Lina Singh,lina.singh@gmail.com,9.66568E+12,Hail,Eastern Province,8/31/2021,Female,47,Loyal,Active,2021
CUST-003130,James Al-Ahmari,james.alahmari@yahoo.com,9.66558E+12,Tabuk,Jazan Region,4/11/2020,Male,64,VIP,Active,2020
CUST-003131,William Al-Mahmoud,william.almahmoud@outlook.com,9.66594E+12,Tabuk,Eastern Province,7/10/2025,Female,32,Regular,Active,2025
CUST-003132,Yousef Al-Farsi,yousef.alfarsi@icloud.com,9.66556E+12,Khobar,Najran Region,8/3/2022,Female,26,Regular,Active,2022
CUST-003133,Karan Johnson,karan.johnson@yahoo.com,9.66559E+12,Tabuk,Makkah Region,5/24/2020,Male,32,Loyal,Active,2020
CUST-003134,Ahmed Chen,ahmed.chen@icloud.com,9.66543E+12,Tabuk,Tabuk Region,5/19/2020,Male,65,Loyal,Active,2020
CUST-003135,Maha Williams,maha.williams@yahoo.com,9.66534E+12,Medina,Al-Jawf Region,10/8/2025,Male,52,VIP,Active,2025
CUST-003136,William Al-Saud,william.alsaud@gmail.com,9.66526E+12,Jubail,Najran Region,2/21/2020,Female,47,Regular,Active,2020
CUST-003137,Saad Zhao,saad.zhao@icloud.com,9.66553E+12,Jubail,Northern Borders,4/28/2024,Male,59,Loyal,Active,2024
CUST-003138,James Al-Hassan,james.alhassan@hotmail.com,9.66545E+12,Dammam,Makkah Region,2/14/2024,Female,60,Regular,Active,2024
CUST-003139,Abigail Al-Turki,abigail.alturki@yahoo.com,9.66565E+12,Riyadh,Hail Region,4/24/2022,Male,58,Loyal,Active,2022
CUST-003140,Vikram Wu,vikram.wu@outlook.com,9.66588E+12,Najran,Al-Qassim Region,4/16/2022,Female,64,Regular,Inactive,2022
CUST-003141,Charlotte Brown,charlotte.brown@icloud.com,9.66504E+12,Sakaka,Jazan Region,4/3/2025,Male,61,Regular,Active,2025
CUST-003142,Ravi Sharma,ravi.sharma@gmail.com,9.66533E+12,Medina,Al-Qassim Region,9/19/2025,Female,55,Loyal,Active,2025
CUST-003143,Li Sharma,li.sharma@gmail.com,9.66503E+12,Hail,Riyadh Region,6/10/2024,Female,45,Loyal,Active,2024
CUST-003144,William Al-Faisal,william.alfaisal@outlook.com,9.66535E+12,Jubail,Northern Borders,4/13/2025,Male,37,Loyal,Active,2025
CUST-003145,Ibrahim Yang,ibrahim.yang@icloud.com,9.66559E+12,Mecca,Al-Bahah Region,1/4/2020,Male,51,VIP,Active,2020
CUST-003146,Dana Al-Farsi,dana.alfarsi@outlook.com,9.66563E+12,Dammam,Makkah Region,8/25/2023,Female,54,Loyal,Active,2023
CUST-003147,Zhao Al-Dosari,zhao.aldosari@outlook.com,9.66544E+12,Al-Kharj,Al-Jawf Region,8/25/2024,Male,56,VIP,Inactive,2024
CUST-003148,Michael Wu,michael.wu@hotmail.com,9.66504E+12,Qassim,Al-Qassim Region,11/25/2023,Female,65,VIP,Active,2023
CUST-003149,James Iyer,james.iyer@hotmail.com,9.66532E+12,Jubail,Riyadh Region,10/4/2025,Female,31,New,Active,2025
CUST-003150,Ibrahim Al-Khalifa,ibrahim.alkhalifa@gmail.com,9.6651E+12,Dammam,Al-Bahah Region,3/30/2025,Male,42,Loyal,Active,2025
CUST-003151,Karan Al-Khalifa,karan.alkhalifa@yahoo.com,9.66556E+12,Al-Ahsa,Asir Region,1/31/2022,Male,64,Regular,Active,2022
CUST-003152,Zhao Zhang,zhao.zhang@outlook.com,9.66549E+12,Tabuk,Al-Qassim Region,9/24/2020,Female,60,Loyal,Active,2020
CUST-003153,Li Al-Zahrani,li.alzahrani@icloud.com,9.66511E+12,Sakaka,Riyadh Region,5/23/2023,Female,43,New,Active,2023
CUST-003154,Noura Al-Khalifa,noura.alkhalifa@yahoo.com,9.66565E+12,Buraidah,Jazan Region,3/20/2022,Female,50,VIP,Inactive,2022
CUST-003155,James Al-Saud,james.alsaud@hotmail.com,9.66518E+12,Yanbu,Riyadh Region,4/5/2020,Male,49,New,Active,2020
CUST-003156,Reem Al-Jaber,reem.aljaber@hotmail.com,9.66582E+12,Riyadh,Tabuk Region,12/4/2023,Female,33,VIP,Active,2023
CUST-003157,Thomas Huang,thomas.huang@hotmail.com,9.66548E+12,Tabuk,Al-Bahah Region,8/15/2022,Female,53,New,Active,2022
CUST-003158,Yousef Zhang,yousef.zhang@icloud.com,9.6651E+12,Hail,Northern Borders,11/23/2024,Female,23,Regular,Active,2024
CUST-003159,Mia Martinez,mia.martinez@outlook.com,9.66572E+12,Al-Kharj,Najran Region,8/20/2025,Male,46,VIP,Active,2025
CUST-003160,Chen Miller,chen.miller@hotmail.com,9.66509E+12,Jizan,Najran Region,7/30/2023,Male,50,New,Active,2023
CUST-003161,Sara Al-Khalifa,sara.alkhalifa@hotmail.com,9.66503E+12,Abha,Riyadh Region,9/26/2025,Female,35,Loyal,Inactive,2025
CUST-003162,Raj Smith,raj.smith@hotmail.com,9.66535E+12,Abha,Hail Region,10/25/2022,Female,56,VIP,Active,2022
CUST-003163,Abdullah Johnson,abdullah.johnson@gmail.com,9.66556E+12,Jeddah,Asir Region,8/28/2025,Female,22,New,Inactive,2025
CUST-003164,Mia Al-Harbi,mia.alharbi@yahoo.com,9.66555E+12,Yanbu,Al-Qassim Region,4/5/2023,Female,45,New,Active,2023
CUST-003165,Harper Al-Ghamdi,harper.alghamdi@yahoo.com,9.66576E+12,Taif,Jazan Region,2/5/2023,Female,45,New,Active,2023
CUST-003166,Thomas Al-Qahtani,thomas.alqahtani@yahoo.com,9.66523E+12,Hail,Riyadh Region,8/31/2022,Female,62,VIP,Active,2022
CUST-003167,Charlotte Nair,charlotte.nair@icloud.com,9.6652E+12,Al-Kharj,Al-Jawf Region,6/30/2020,Male,37,New,Active,2020
CUST-003168,Isabella Wu,isabella.wu@yahoo.com,9.66534E+12,Najran,Eastern Province,8/30/2024,Female,18,New,Active,2024
CUST-003169,Sophia Kumar,sophia.kumar@hotmail.com,9.66501E+12,Khobar,Al-Qassim Region,10/19/2023,Female,30,New,Active,2023
CUST-003170,Yang Al-Otaibi,yang.alotaibi@gmail.com,9.66525E+12,Najran,Jazan Region,1/22/2021,Male,41,New,Active,2021
CUST-003171,Sanjay Al-Faisal,sanjay.alfaisal@gmail.com,9.66595E+12,Sakaka,Al-Qassim Region,4/19/2021,Male,43,VIP,Active,2021
CUST-003172,Yang Patel,yang.patel@hotmail.com,9.66519E+12,Medina,Al-Jawf Region,6/30/2022,Female,52,Loyal,Active,2022
CUST-003173,Sophia Iyer,sophia.iyer@outlook.com,9.66517E+12,Riyadh,Najran Region,2/16/2020,Female,57,Regular,Inactive,2020
CUST-003174,Zhang Brown,zhang.brown@yahoo.com,9.66586E+12,Riyadh,Jazan Region,2/19/2021,Female,23,Regular,Inactive,2021
CUST-003175,Lina Brown,lina.brown@yahoo.com,9.66514E+12,Taif,Al-Qassim Region,12/16/2023,Male,26,New,Inactive,2023
CUST-003176,Liu Al-Jaber,liu.aljaber@hotmail.com,9.6651E+12,Jeddah,Asir Region,5/11/2025,Male,48,Loyal,Active,2025
CUST-003177,Isabella Yang,isabella.yang@hotmail.com,9.66563E+12,Al-Ahsa,Tabuk Region,1/29/2020,Female,43,New,Active,2020
CUST-003178,Ravi Johnson,ravi.johnson@outlook.com,9.66521E+12,Abha,Riyadh Region,5/9/2024,Female,22,Loyal,Active,2024
CUST-003179,Olivia Al-Dosari,olivia.aldosari@gmail.com,9.66522E+12,Medina,Najran Region,11/2/2024,Male,59,New,Inactive,2024
CUST-003180,Fahad Al-Ahmari,fahad.alahmari@yahoo.com,9.66539E+12,Sakaka,Asir Region,3/12/2022,Male,29,VIP,Active,2022
CUST-003181,Harper Al-Khalifa,harper.alkhalifa@icloud.com,9.66579E+12,Dammam,Riyadh Region,10/23/2024,Male,32,New,Active,2024
CUST-003182,Chen Al-Turki,chen.alturki@hotmail.com,9.66597E+12,Qassim,Al-Jawf Region,8/30/2025,Male,19,Loyal,Active,2025
CUST-003183,Amelia Al-Nasser,amelia.alnasser@outlook.com,9.66582E+12,Buraidah,Hail Region,5/6/2020,Female,28,New,Active,2020
CUST-003184,Ibrahim Al-Nasser,ibrahim.alnasser@gmail.com,9.66537E+12,Riyadh,Najran Region,5/16/2021,Female,35,New,Inactive,2021
CUST-003185,Nikhil Al-Rashid,nikhil.alrashid@hotmail.com,9.66546E+12,Jeddah,Najran Region,11/4/2020,Female,24,VIP,Active,2020
CUST-003186,Li Al-Jaber,li.aljaber@icloud.com,9.66535E+12,Yanbu,Al-Qassim Region,8/26/2023,Female,35,VIP,Active,2023
CUST-003187,Chen Reddy,chen.reddy@gmail.com,9.66595E+12,Khamis Mushait,Riyadh Region,8/22/2024,Male,62,Loyal,Active,2024
CUST-003188,Michael Reddy,michael.reddy@outlook.com,9.66598E+12,Abha,Al-Jawf Region,11/27/2023,Male,49,VIP,Active,2023
CUST-003189,Evelyn Davis,evelyn.davis@gmail.com,9.66543E+12,Sakaka,Al-Jawf Region,3/6/2020,Female,57,VIP,Active,2020
CUST-003190,Wu Al-Faisal,wu.alfaisal@outlook.com,9.66563E+12,Hail,Asir Region,12/25/2025,Female,47,Loyal,Active,2025
CUST-003191,Evelyn Al-Qahtani,evelyn.alqahtani@icloud.com,9.66554E+12,Jeddah,Makkah Region,5/19/2024,Female,49,Regular,Inactive,2024
CUST-003192,Raj Reddy,raj.reddy@gmail.com,9.66575E+12,Jizan,Najran Region,8/4/2023,Male,26,Loyal,Active,2023
CUST-003193,Evelyn Rao,evelyn.rao@outlook.com,9.66513E+12,Jizan,Northern Borders,7/15/2021,Female,45,New,Active,2021
CUST-003194,Dana Wu,dana.wu@icloud.com,9.66525E+12,Jizan,Najran Region,8/18/2024,Female,59,New,Active,2024
CUST-003195,William Sharma,william.sharma@outlook.com,9.66528E+12,Jubail,Al-Jawf Region,4/24/2023,Male,28,New,Active,2023
CUST-003196,Chen Li,chen.li@yahoo.com,9.66532E+12,Dammam,Hail Region,8/29/2021,Female,29,Regular,Active,2021
CUST-003197,Ibrahim Singh,ibrahim.singh@outlook.com,9.66501E+12,Khamis Mushait,Hail Region,11/10/2025,Female,56,Loyal,Active,2025
CUST-003198,Daniel Johnson,daniel.johnson@gmail.com,9.66552E+12,Hail,Eastern Province,2/3/2020,Female,64,Regular,Active,2020
CUST-003199,Aisha Al-Jaber,aisha.aljaber@gmail.com,9.66533E+12,Khamis Mushait,Tabuk Region,3/1/2024,Female,19,VIP,Inactive,2024
CUST-003200,Wang Zhou,wang.zhou@yahoo.com,9.6655E+12,Dammam,Asir Region,9/4/2021,Male,64,New,Active,2021
CUST-003201,Evelyn Al-Qahtani,evelyn.alqahtani@yahoo.com,9.66595E+12,Taif,Al-Bahah Region,7/15/2022,Male,35,New,Active,2022
CUST-003202,Liu Al-Otaibi,liu.alotaibi@icloud.com,9.66578E+12,Abha,Tabuk Region,3/17/2022,Female,48,Regular,Active,2022
CUST-003203,Ali Al-Nasser,ali.alnasser@yahoo.com,9.66513E+12,Yanbu,Najran Region,8/26/2021,Male,23,Regular,Active,2021
CUST-003204,Abigail Huang,abigail.huang@icloud.com,9.66518E+12,Medina,Al-Jawf Region,3/4/2020,Male,61,Loyal,Active,2020
CUST-003205,Liu Martinez,liu.martinez@yahoo.com,9.66566E+12,Al-Ahsa,Najran Region,11/17/2024,Male,61,VIP,Active,2024
CUST-003206,Sophia Wang,sophia.wang@outlook.com,9.66546E+12,Dammam,Northern Borders,5/23/2022,Female,50,Regular,Active,2022
CUST-003207,Sanjay Al-Nasser,sanjay.alnasser@outlook.com,9.66525E+12,Buraidah,Tabuk Region,1/30/2022,Male,58,VIP,Active,2022
CUST-003208,John Al-Ahmari,john.alahmari@gmail.com,9.66578E+12,Qassim,Eastern Province,4/13/2020,Female,20,Regular,Active,2020
CUST-003209,Michael Sharma,michael.sharma@yahoo.com,9.66588E+12,Khobar,Najran Region,4/16/2025,Male,18,VIP,Active,2025
CUST-003210,William Wang,william.wang@outlook.com,9.66566E+12,Jeddah,Najran Region,6/10/2021,Female,37,VIP,Inactive,2021
CUST-003211,Daniel Al-Qahtani,daniel.alqahtani@yahoo.com,9.66509E+12,Jubail,Hail Region,4/30/2022,Male,61,Regular,Active,2022
CUST-003212,Charlotte Sharma,charlotte.sharma@icloud.com,9.66532E+12,Najran,Al-Bahah Region,7/12/2021,Female,26,New,Active,2021
CUST-003213,Emma Rodriguez,emma.rodriguez@gmail.com,9.66545E+12,Abha,Riyadh Region,5/13/2021,Male,42,New,Active,2021
CUST-003214,Wu Rodriguez,wu.rodriguez@hotmail.com,9.66529E+12,Sakaka,Northern Borders,6/6/2023,Female,63,Loyal,Active,2023
CUST-003215,Maha Brown,maha.brown@yahoo.com,9.66519E+12,Sakaka,Jazan Region,1/31/2021,Male,61,VIP,Active,2021
CUST-003216,Lina Garcia,lina.garcia@hotmail.com,9.66597E+12,Khobar,Al-Qassim Region,11/5/2024,Female,19,New,Active,2024
CUST-003217,Pavan Al-Harbi,pavan.alharbi@yahoo.com,9.66544E+12,Buraidah,Tabuk Region,7/25/2025,Female,65,VIP,Inactive,2025
CUST-003218,Sunil Nair,sunil.nair@gmail.com,9.66588E+12,Khamis Mushait,Makkah Region,5/4/2025,Female,21,Regular,Active,2025
CUST-003219,James Huang,james.huang@icloud.com,9.66528E+12,Sakaka,Tabuk Region,6/9/2022,Female,45,Regular,Inactive,2022
CUST-003220,Yousef Li,yousef.li@hotmail.com,9.66592E+12,Tabuk,Asir Region,4/26/2021,Male,28,Regular,Active,2021
CUST-003221,Liu Wu,liu.wu@hotmail.com,9.66548E+12,Jeddah,Jazan Region,2/26/2020,Female,46,Regular,Active,2020
CUST-003222,Dana Al-Mahmoud,dana.almahmoud@icloud.com,9.66536E+12,Qassim,Jazan Region,6/22/2023,Female,48,Loyal,Active,2023
CUST-003223,Ahmed Mehta,ahmed.mehta@gmail.com,9.66536E+12,Jizan,Northern Borders,12/17/2023,Female,18,New,Active,2023
CUST-003224,Robert Al-Hassan,robert.alhassan@yahoo.com,9.66528E+12,Dammam,Makkah Region,1/11/2022,Male,25,Regular,Inactive,2022
CUST-003225,Richard Chen,richard.chen@yahoo.com,9.66578E+12,Taif,Jazan Region,7/1/2021,Female,34,Regular,Inactive,2021
CUST-003226,Noura Williams,noura.williams@gmail.com,9.66546E+12,Al-Kharj,Northern Borders,11/11/2021,Male,43,Loyal,Active,2021
CUST-003227,Ali Davis,ali.davis@icloud.com,9.66554E+12,Medina,Eastern Province,4/8/2022,Female,59,VIP,Active,2022
CUST-003228,Michael Liu,michael.liu@hotmail.com,9.66599E+12,Mecca,Makkah Region,11/3/2025,Female,45,VIP,Active,2025
CUST-003229,Ibrahim Miller,ibrahim.miller@yahoo.com,9.66511E+12,Jizan,Al-Bahah Region,8/20/2022,Female,53,New,Active,2022
CUST-003230,Pavan Al-Hassan,pavan.alhassan@gmail.com,9.66549E+12,Abha,Northern Borders,10/30/2022,Male,23,Loyal,Active,2022
CUST-003231,Harper Patel,harper.patel@hotmail.com,9.66589E+12,Najran,Al-Qassim Region,11/22/2022,Male,22,Regular,Active,2022
CUST-003232,Amelia Al-Nasser,amelia.alnasser@yahoo.com,9.66514E+12,Yanbu,Asir Region,6/1/2024,Female,54,Loyal,Active,2024
CUST-003233,Olivia Reddy,olivia.reddy@outlook.com,9.66568E+12,Jubail,Jazan Region,6/22/2025,Female,54,Regular,Active,2025
CUST-003234,Wei Yang,wei.yang@outlook.com,9.66514E+12,Buraidah,Makkah Region,6/11/2025,Female,56,New,Inactive,2025
CUST-003235,David Jones,david.jones@icloud.com,9.66508E+12,Qassim,Tabuk Region,1/3/2022,Female,49,Regular,Active,2022
CUST-003236,Aisha Wu,aisha.wu@icloud.com,9.66508E+12,Jizan,Makkah Region,1/28/2024,Male,20,New,Active,2024
CUST-003237,Fahad Jones,fahad.jones@icloud.com,9.66515E+12,Buraidah,Najran Region,1/1/2020,Female,36,Regular,Active,2020
CUST-003238,Richard Miller,richard.miller@outlook.com,9.66593E+12,Mecca,Tabuk Region,2/22/2020,Male,18,Loyal,Active,2020
CUST-003239,Li Gupta,li.gupta@hotmail.com,9.66579E+12,Riyadh,Tabuk Region,1/1/2021,Female,48,Regular,Inactive,2021
CUST-003240,Arjun Al-Otaibi,arjun.alotaibi@outlook.com,9.66579E+12,Al-Kharj,Northern Borders,3/6/2025,Male,42,Loyal,Active,2025
CUST-003241,Ali Zhao,ali.zhao@outlook.com,9.66512E+12,Khobar,Asir Region,2/19/2025,Male,45,VIP,Active,2025
CUST-003242,Karan Johnson,karan.johnson@gmail.com,9.66558E+12,Jizan,Al-Qassim Region,12/2/2024,Male,35,VIP,Inactive,2024
CUST-003243,Emma Al-Zahrani,emma.alzahrani@hotmail.com,9.66557E+12,Sakaka,Asir Region,10/4/2021,Female,47,New,Active,2021
CUST-003244,Abdullah Al-Dosari,abdullah.aldosari@hotmail.com,9.66549E+12,Medina,Jazan Region,8/6/2025,Male,58,Regular,Active,2025
CUST-003245,Ahmed Zhao,ahmed.zhao@outlook.com,9.66586E+12,Yanbu,Najran Region,9/16/2024,Male,20,VIP,Inactive,2024
CUST-003246,Emma Williams,emma.williams@hotmail.com,9.66586E+12,Jubail,Al-Qassim Region,4/16/2023,Male,62,Regular,Active,2023
CUST-003247,Maha Davis,maha.davis@outlook.com,9.66503E+12,Jizan,Asir Region,9/7/2021,Female,43,Loyal,Active,2021
CUST-003248,Yang Al-Nasser,yang.alnasser@hotmail.com,9.66596E+12,Taif,Al-Bahah Region,10/3/2023,Female,59,Loyal,Active,2023
CUST-003249,Abigail Miller,abigail.miller@icloud.com,9.66547E+12,Mecca,Hail Region,12/19/2023,Male,35,Loyal,Active,2023
CUST-003250,Liu Kumar,liu.kumar@gmail.com,9.66524E+12,Riyadh,Hail Region,9/15/2022,Female,49,Regular,Inactive,2022
CUST-003251,Vikram Al-Rashid,vikram.alrashid@icloud.com,9.66548E+12,Sakaka,Northern Borders,7/13/2023,Male,59,VIP,Active,2023
CUST-003252,Yang Al-Otaibi,yang.alotaibi@yahoo.com,9.66576E+12,Taif,Najran Region,5/13/2020,Female,51,New,Active,2020
CUST-003253,Lina Chen,lina.chen@yahoo.com,9.66538E+12,Najran,Northern Borders,2/11/2022,Male,64,New,Active,2022
CUST-003254,Richard Wu,richard.wu@outlook.com,9.66548E+12,Jeddah,Al-Bahah Region,2/7/2023,Male,48,Regular,Active,2023
CUST-003255,Noura Al-Ghamdi,noura.alghamdi@hotmail.com,9.66516E+12,Riyadh,Al-Bahah Region,5/1/2024,Male,29,VIP,Active,2024
CUST-003256,John Al-Zahrani,john.alzahrani@gmail.com,9.66526E+12,Najran,Najran Region,8/1/2022,Female,58,Loyal,Active,2022
CUST-003257,Aisha Rodriguez,aisha.rodriguez@outlook.com,9.66575E+12,Yanbu,Tabuk Region,6/2/2024,Female,65,New,Active,2024
CUST-003258,Noura Al-Malki,noura.almalki@outlook.com,9.66539E+12,Sakaka,Jazan Region,12/19/2022,Male,39,Regular,Active,2022
CUST-003259,Sunil Al-Nasser,sunil.alnasser@icloud.com,9.66542E+12,Jeddah,Makkah Region,3/27/2020,Male,58,Loyal,Active,2020
CUST-003260,Ali Wang,ali.wang@icloud.com,9.66519E+12,Hail,Makkah Region,5/23/2024,Female,51,VIP,Inactive,2024
CUST-003261,Yang Mehta,yang.mehta@outlook.com,9.666E+12,Jubail,Asir Region,10/24/2025,Male,33,New,Active,2025
CUST-003262,Fahad Miller,fahad.miller@hotmail.com,9.66535E+12,Al-Ahsa,Al-Jawf Region,2/29/2024,Female,63,Loyal,Inactive,2024
CUST-003263,Harper Brown,harper.brown@hotmail.com,9.66506E+12,Khobar,Northern Borders,5/9/2020,Male,47,New,Active,2020
CUST-003264,Liu Liu,liu.liu@outlook.com,9.66557E+12,Jubail,Riyadh Region,5/23/2025,Male,58,New,Active,2025
CUST-003265,Evelyn Johnson,evelyn.johnson@yahoo.com,9.66562E+12,Tabuk,Al-Qassim Region,3/25/2021,Male,30,Loyal,Active,2021
CUST-003266,Rana Sharma,rana.sharma@icloud.com,9.66598E+12,Buraidah,Al-Jawf Region,2/23/2021,Male,33,Loyal,Active,2021
CUST-003267,Wu Zhang,wu.zhang@outlook.com,9.66505E+12,Khamis Mushait,Riyadh Region,6/27/2025,Male,20,Loyal,Active,2025
CUST-003268,Abdullah Al-Otaibi,abdullah.alotaibi@outlook.com,9.66542E+12,Jubail,Riyadh Region,2/6/2025,Male,52,VIP,Active,2025
CUST-003269,Isabella Al-Mahmoud,isabella.almahmoud@hotmail.com,9.66584E+12,Riyadh,Asir Region,11/7/2022,Female,47,Regular,Active,2022
CUST-003270,Wu Singh,wu.singh@hotmail.com,9.66505E+12,Taif,Al-Qassim Region,6/13/2021,Female,29,New,Inactive,2021
CUST-003271,Ahmed Williams,ahmed.williams@gmail.com,9.66578E+12,Khamis Mushait,Asir Region,5/16/2024,Female,33,New,Active,2024
CUST-003272,Olivia Al-Khalifa,olivia.alkhalifa@icloud.com,9.66559E+12,Khamis Mushait,Tabuk Region,12/5/2022,Female,20,VIP,Inactive,2022
CUST-003273,Noura Al-Otaibi,noura.alotaibi@yahoo.com,9.66529E+12,Jeddah,Jazan Region,3/2/2024,Female,18,VIP,Active,2024
CUST-003274,Thomas Zhou,thomas.zhou@icloud.com,9.66503E+12,Najran,Eastern Province,4/26/2022,Male,26,Loyal,Active,2022
CUST-003275,Aisha Jones,aisha.jones@gmail.com,9.66593E+12,Abha,Hail Region,6/24/2024,Female,34,New,Active,2024
CUST-003276,Mohammed Rao,mohammed.rao@icloud.com,9.66593E+12,Najran,Tabuk Region,9/3/2020,Male,61,Loyal,Active,2020
CUST-003277,Wu Smith,wu.smith@gmail.com,9.66513E+12,Sakaka,Hail Region,5/30/2022,Male,53,VIP,Active,2022
CUST-003278,Mohammed Rodriguez,mohammed.rodriguez@yahoo.com,9.66532E+12,Qassim,Eastern Province,6/8/2020,Female,51,Regular,Active,2020
CUST-003279,Dana Liu,dana.liu@gmail.com,9.66509E+12,Abha,Riyadh Region,11/20/2023,Female,51,VIP,Active,2023
CUST-003280,Noura Liu,noura.liu@hotmail.com,9.66578E+12,Sakaka,Jazan Region,4/17/2022,Male,35,VIP,Active,2022
CUST-003281,Huda Liu,huda.liu@gmail.com,9.66552E+12,Qassim,Eastern Province,6/13/2025,Male,61,Regular,Inactive,2025
CUST-003282,Liu Al-Malki,liu.almalki@outlook.com,9.66543E+12,Al-Kharj,Hail Region,2/7/2021,Female,29,VIP,Active,2021
CUST-003283,Vikram Mehta,vikram.mehta@outlook.com,9.66588E+12,Mecca,Hail Region,10/18/2023,Male,33,New,Inactive,2023
CUST-003284,Abdullah Huang,abdullah.huang@outlook.com,9.66595E+12,Buraidah,Tabuk Region,8/17/2025,Female,42,New,Active,2025
CUST-003285,Ahmed Al-Hassan,ahmed.alhassan@hotmail.com,9.66588E+12,Buraidah,Al-Qassim Region,4/16/2021,Female,65,New,Inactive,2021
CUST-003286,Amelia Al-Malki,amelia.almalki@hotmail.com,9.66546E+12,Buraidah,Riyadh Region,8/30/2022,Female,19,Loyal,Active,2022
CUST-003287,Evelyn Sharma,evelyn.sharma@hotmail.com,9.66559E+12,Tabuk,Hail Region,9/24/2023,Male,21,Regular,Active,2023
CUST-003288,Daniel Rao,daniel.rao@hotmail.com,9.66547E+12,Al-Ahsa,Al-Jawf Region,7/27/2025,Female,35,VIP,Inactive,2025
CUST-003289,Liu Johnson,liu.johnson@hotmail.com,9.66543E+12,Dammam,Asir Region,10/7/2025,Female,27,VIP,Inactive,2025
CUST-003290,Li Garcia,li.garcia@outlook.com,9.66597E+12,Sakaka,Riyadh Region,3/10/2020,Female,21,VIP,Active,2020
CUST-003291,Huang Sharma,huang.sharma@icloud.com,9.66548E+12,Buraidah,Al-Qassim Region,8/31/2024,Female,34,New,Active,2024
CUST-003292,Thomas Al-Malki,thomas.almalki@yahoo.com,9.66596E+12,Yanbu,Al-Jawf Region,6/24/2025,Male,27,VIP,Active,2025
CUST-003293,Harper Jones,harper.jones@hotmail.com,9.66503E+12,Al-Ahsa,Northern Borders,1/3/2025,Female,57,New,Active,2025
CUST-003294,Dana Al-Ahmari,dana.alahmari@yahoo.com,9.66528E+12,Dammam,Al-Jawf Region,5/31/2025,Female,41,Regular,Active,2025
CUST-003295,Reem Sharma,reem.sharma@gmail.com,9.66535E+12,Medina,Jazan Region,7/21/2020,Male,39,VIP,Active,2020
CUST-003296,Michael Yang,michael.yang@yahoo.com,9.66546E+12,Najran,Al-Qassim Region,10/9/2023,Female,45,Regular,Active,2023
CUST-003297,Thomas Yang,thomas.yang@yahoo.com,9.66536E+12,Jubail,Al-Bahah Region,8/25/2024,Female,50,New,Inactive,2024
CUST-003298,Chen Zhou,chen.zhou@hotmail.com,9.66505E+12,Al-Kharj,Makkah Region,5/2/2020,Female,63,New,Active,2020
CUST-003299,Aisha Al-Qahtani,aisha.alqahtani@outlook.com,9.66516E+12,Hail,Al-Jawf Region,4/15/2025,Female,28,New,Inactive,2025
CUST-003300,Matthew Zhao,matthew.zhao@yahoo.com,9.66536E+12,Qassim,Northern Borders,7/8/2020,Male,22,Loyal,Active,2020
CUST-003301,Isabella Huang,isabella.huang@icloud.com,9.66588E+12,Najran,Al-Jawf Region,4/10/2020,Male,20,VIP,Active,2020
CUST-003302,Wei Al-Nasser,wei.alnasser@icloud.com,9.66539E+12,Mecca,Makkah Region,3/18/2021,Female,31,Regular,Active,2021
CUST-003303,Sara Reddy,sara.reddy@hotmail.com,9.66501E+12,Sakaka,Al-Bahah Region,2/16/2022,Male,63,Regular,Inactive,2022
CUST-003304,Thomas Garcia,thomas.garcia@outlook.com,9.66592E+12,Khobar,Riyadh Region,8/25/2022,Female,51,Regular,Active,2022
CUST-003305,Charlotte Chen,charlotte.chen@icloud.com,9.66538E+12,Buraidah,Tabuk Region,1/16/2025,Male,44,Loyal,Active,2025
CUST-003306,William Garcia,william.garcia@hotmail.com,9.66521E+12,Qassim,Asir Region,5/9/2023,Male,29,VIP,Active,2023
CUST-003307,Sanjay Al-Jaber,sanjay.aljaber@outlook.com,9.66565E+12,Jubail,Tabuk Region,9/1/2021,Female,37,VIP,Active,2021
CUST-003308,Rana Mehta,rana.mehta@icloud.com,9.66533E+12,Jubail,Al-Qassim Region,11/13/2024,Female,33,Loyal,Inactive,2024
CUST-003309,Wei Al-Faisal,wei.alfaisal@hotmail.com,9.66582E+12,Qassim,Jazan Region,12/22/2024,Female,35,Regular,Active,2024
CUST-003310,Robert Liu,robert.liu@outlook.com,9.66515E+12,Taif,Northern Borders,6/8/2022,Female,33,New,Active,2022
CUST-003311,Michael Iyer,michael.iyer@outlook.com,9.6655E+12,Dammam,Asir Region,2/17/2023,Male,27,Loyal,Inactive,2023
CUST-003312,Pavan Al-Rashid,pavan.alrashid@icloud.com,9.66596E+12,Taif,Al-Qassim Region,5/10/2024,Female,44,New,Active,2024
CUST-003313,Arjun Chen,arjun.chen@yahoo.com,9.66529E+12,Dammam,Asir Region,7/12/2021,Female,42,Loyal,Active,2021
CUST-003314,Fatima Al-Ghamdi,fatima.alghamdi@yahoo.com,9.66574E+12,Abha,Jazan Region,1/10/2023,Male,42,New,Active,2023
CUST-003315,Sophia Nair,sophia.nair@outlook.com,9.66548E+12,Hail,Jazan Region,8/15/2025,Male,21,VIP,Active,2025
CUST-003316,John Zhao,john.zhao@outlook.com,9.66557E+12,Jizan,Al-Jawf Region,3/3/2024,Female,50,Loyal,Inactive,2024
CUST-003317,Karan Al-Rashid,karan.alrashid@gmail.com,9.66556E+12,Mecca,Al-Bahah Region,6/23/2021,Female,58,Loyal,Active,2021
CUST-003318,Rana Al-Saud,rana.alsaud@hotmail.com,9.66595E+12,Tabuk,Northern Borders,7/7/2022,Male,47,New,Active,2022
CUST-003319,Richard Al-Zahrani,richard.alzahrani@hotmail.com,9.66566E+12,Tabuk,Tabuk Region,11/3/2022,Male,20,New,Active,2022
CUST-003320,Ibrahim Al-Qahtani,ibrahim.alqahtani@icloud.com,9.66567E+12,Taif,Jazan Region,2/12/2021,Female,26,New,Active,2021
CUST-003321,John Al-Qahtani,john.alqahtani@icloud.com,9.66519E+12,Khamis Mushait,Hail Region,3/29/2020,Female,44,VIP,Active,2020
CUST-003322,Huda Jones,huda.jones@hotmail.com,9.66585E+12,Jeddah,Najran Region,12/24/2020,Female,30,Regular,Active,2020
CUST-003323,Sunil Huang,sunil.huang@icloud.com,9.66577E+12,Yanbu,Al-Bahah Region,4/18/2022,Male,49,New,Active,2022
CUST-003324,Yousef Brown,yousef.brown@yahoo.com,9.66582E+12,Riyadh,Northern Borders,6/15/2020,Male,65,Loyal,Active,2020
CUST-003325,Ali Sharma,ali.sharma@yahoo.com,9.66529E+12,Mecca,Najran Region,12/30/2022,Female,47,VIP,Inactive,2022
CUST-003326,Wang Al-Jaber,wang.aljaber@outlook.com,9.66559E+12,Sakaka,Riyadh Region,9/29/2023,Male,48,New,Active,2023
CUST-003327,David Zhou,david.zhou@icloud.com,9.66562E+12,Medina,Tabuk Region,6/1/2022,Female,50,Regular,Active,2022
CUST-003328,Dana Al-Rashid,dana.alrashid@outlook.com,9.66576E+12,Medina,Asir Region,6/13/2020,Female,22,New,Inactive,2020
CUST-003329,Pavan Al-Farsi,pavan.alfarsi@yahoo.com,9.66516E+12,Qassim,Al-Qassim Region,2/9/2025,Female,39,Regular,Active,2025
CUST-003330,Abdullah Rodriguez,abdullah.rodriguez@outlook.com,9.66533E+12,Jeddah,Tabuk Region,10/3/2022,Male,57,Regular,Active,2022
CUST-003331,Reem Garcia,reem.garcia@gmail.com,9.66527E+12,Yanbu,Northern Borders,12/10/2023,Female,20,Regular,Active,2023
CUST-003332,Aisha Reddy,aisha.reddy@gmail.com,9.66566E+12,Hail,Najran Region,3/31/2020,Female,27,VIP,Active,2020
CUST-003333,John Singh,john.singh@hotmail.com,9.66527E+12,Al-Ahsa,Eastern Province,8/9/2020,Male,43,Loyal,Active,2020
CUST-003334,Ibrahim Mehta,ibrahim.mehta@hotmail.com,9.66511E+12,Riyadh,Hail Region,11/23/2024,Female,20,Loyal,Inactive,2024
CUST-003335,Ahmed Kumar,ahmed.kumar@outlook.com,9.66512E+12,Khobar,Makkah Region,11/10/2025,Male,42,Loyal,Inactive,2025
CUST-003336,Aisha Johnson,aisha.johnson@yahoo.com,9.66554E+12,Al-Kharj,Asir Region,8/5/2022,Male,58,VIP,Active,2022
CUST-003337,Isabella Rodriguez,isabella.rodriguez@icloud.com,9.66552E+12,Yanbu,Hail Region,4/21/2025,Male,46,VIP,Active,2025
CUST-003338,Ibrahim Al-Zahrani,ibrahim.alzahrani@icloud.com,9.66531E+12,Dammam,Tabuk Region,12/24/2021,Female,61,VIP,Active,2021
CUST-003339,Sanjay Liu,sanjay.liu@hotmail.com,9.66552E+12,Al-Kharj,Riyadh Region,8/7/2021,Male,37,New,Active,2021
CUST-003340,John Al-Hassan,john.alhassan@hotmail.com,9.66588E+12,Jeddah,Hail Region,2/7/2021,Male,56,Regular,Active,2021
CUST-003341,Reem Reddy,reem.reddy@hotmail.com,9.66534E+12,Yanbu,Asir Region,9/2/2022,Male,38,Loyal,Active,2022
CUST-003342,Ravi Martinez,ravi.martinez@yahoo.com,9.66572E+12,Riyadh,Al-Qassim Region,2/28/2023,Male,43,VIP,Active,2023
CUST-003343,Daniel Rao,daniel.rao@gmail.com,9.66522E+12,Al-Ahsa,Riyadh Region,1/9/2023,Female,21,New,Active,2023
CUST-003344,Michael Al-Hassan,michael.alhassan@icloud.com,9.66528E+12,Abha,Asir Region,4/11/2025,Male,46,VIP,Active,2025
CUST-003345,Isabella Al-Zahrani,isabella.alzahrani@outlook.com,9.66569E+12,Al-Ahsa,Hail Region,5/30/2020,Female,56,New,Active,2020
CUST-003346,Sanjay Garcia,sanjay.garcia@icloud.com,9.66531E+12,Mecca,Riyadh Region,11/22/2023,Female,55,New,Active,2023
CUST-003347,Evelyn Al-Jaber,evelyn.aljaber@icloud.com,9.66534E+12,Mecca,Jazan Region,5/17/2022,Female,36,Loyal,Active,2022
CUST-003348,Isabella Wu,isabella.wu@hotmail.com,9.66542E+12,Jizan,Hail Region,4/27/2023,Female,27,VIP,Inactive,2023
CUST-003349,Aisha Sharma,aisha.sharma@outlook.com,9.6651E+12,Jubail,Northern Borders,2/19/2024,Male,54,VIP,Active,2024
CUST-003350,Fatima Al-Rashid,fatima.alrashid@outlook.com,9.6659E+12,Hail,Northern Borders,8/25/2021,Male,46,New,Inactive,2021
CUST-003351,Arjun Smith,arjun.smith@outlook.com,9.66503E+12,Jizan,Al-Bahah Region,9/22/2020,Male,53,Loyal,Inactive,2020
CUST-003352,Liu Al-Otaibi,liu.alotaibi@gmail.com,9.66509E+12,Abha,Northern Borders,1/14/2020,Male,55,VIP,Inactive,2020
CUST-003353,Ahmed Yang,ahmed.yang@gmail.com,9.66572E+12,Jeddah,Asir Region,7/10/2021,Female,62,Loyal,Active,2021
CUST-003354,Isabella Al-Otaibi,isabella.alotaibi@hotmail.com,9.66587E+12,Al-Ahsa,Jazan Region,7/23/2025,Male,23,VIP,Inactive,2025
CUST-003355,Matthew Al-Malki,matthew.almalki@outlook.com,9.66583E+12,Medina,Makkah Region,10/7/2023,Female,59,Loyal,Active,2023
CUST-003356,Thomas Al-Otaibi,thomas.alotaibi@outlook.com,9.66574E+12,Hail,Al-Qassim Region,1/22/2024,Female,62,New,Inactive,2024
CUST-003357,Chen Smith,chen.smith@yahoo.com,9.66506E+12,Medina,Asir Region,2/17/2024,Female,33,Loyal,Active,2024
CUST-003358,Amit Liu,amit.liu@icloud.com,9.66526E+12,Jeddah,Riyadh Region,7/24/2025,Female,24,Loyal,Active,2025
CUST-003359,Sanjay Davis,sanjay.davis@icloud.com,9.6657E+12,Jubail,Asir Region,1/27/2024,Male,53,Regular,Active,2024
CUST-003360,Olivia Al-Mahmoud,olivia.almahmoud@outlook.com,9.66548E+12,Al-Ahsa,Tabuk Region,8/6/2025,Female,56,Regular,Active,2025
CUST-003361,Liu Zhou,liu.zhou@icloud.com,9.6656E+12,Qassim,Tabuk Region,6/4/2022,Male,41,Loyal,Inactive,2022
CUST-003362,Harper Zhao,harper.zhao@outlook.com,9.66513E+12,Najran,Eastern Province,5/27/2020,Male,57,Regular,Active,2020
CUST-003363,Ravi Gupta,ravi.gupta@hotmail.com,9.6657E+12,Al-Kharj,Makkah Region,9/1/2021,Female,49,New,Inactive,2021
CUST-003364,Fahad Huang,fahad.huang@outlook.com,9.66599E+12,Tabuk,Asir Region,2/22/2024,Male,61,New,Active,2024
CUST-003365,Raj Al-Shehri,raj.alshehri@yahoo.com,9.66587E+12,Qassim,Asir Region,6/11/2020,Female,59,Loyal,Inactive,2020
CUST-003366,Yousef Zhang,yousef.zhang@outlook.com,9.66554E+12,Abha,Hail Region,9/19/2023,Male,45,Regular,Active,2023
CUST-003367,Yousef Wu,yousef.wu@hotmail.com,9.66588E+12,Taif,Jazan Region,8/27/2025,Male,25,Regular,Inactive,2025
CUST-003368,Sara Reddy,sara.reddy@icloud.com,9.66594E+12,Buraidah,Al-Bahah Region,2/17/2024,Male,46,Regular,Inactive,2024
CUST-003369,Sara Al-Malki,sara.almalki@yahoo.com,9.66594E+12,Mecca,Jazan Region,2/27/2025,Female,39,New,Active,2025
CUST-003370,Amelia Al-Faisal,amelia.alfaisal@hotmail.com,9.66576E+12,Jeddah,Hail Region,8/26/2023,Female,62,Loyal,Active,2023
CUST-003371,Nikhil Huang,nikhil.huang@gmail.com,9.66575E+12,Tabuk,Makkah Region,5/29/2021,Female,31,VIP,Active,2021
CUST-003372,Noura Patel,noura.patel@yahoo.com,9.66582E+12,Mecca,Al-Bahah Region,9/15/2023,Female,40,New,Inactive,2023
CUST-003373,Ibrahim Mehta,ibrahim.mehta@yahoo.com,9.66509E+12,Taif,Najran Region,5/21/2020,Male,42,VIP,Active,2020
CUST-003374,Vikram Patel,vikram.patel@outlook.com,9.66529E+12,Taif,Asir Region,3/28/2022,Male,44,Loyal,Active,2022
CUST-003375,Ahmed Liu,ahmed.liu@icloud.com,9.66555E+12,Riyadh,Northern Borders,1/20/2023,Male,55,VIP,Active,2023
CUST-003376,Li Al-Zahrani,li.alzahrani@gmail.com,9.66511E+12,Buraidah,Eastern Province,6/16/2025,Female,34,Regular,Active,2025
CUST-003377,Maha Zhao,maha.zhao@yahoo.com,9.66511E+12,Medina,Najran Region,10/17/2020,Female,57,New,Active,2020
CUST-003378,Ibrahim Al-Nasser,ibrahim.alnasser@icloud.com,9.66536E+12,Al-Ahsa,Hail Region,5/10/2022,Female,50,New,Active,2022
CUST-003379,Fahad Kumar,fahad.kumar@outlook.com,9.66504E+12,Buraidah,Jazan Region,2/22/2024,Female,21,New,Active,2024
CUST-003380,Reem Al-Dosari,reem.aldosari@yahoo.com,9.66564E+12,Buraidah,Hail Region,8/17/2023,Female,44,Regular,Active,2023
CUST-003381,Zhao Johnson,zhao.johnson@gmail.com,9.66536E+12,Taif,Northern Borders,11/25/2021,Male,60,Regular,Inactive,2021
CUST-003382,Reem Al-Rashid,reem.alrashid@outlook.com,9.66517E+12,Abha,Al-Jawf Region,4/23/2023,Male,35,Loyal,Active,2023
CUST-003383,Zhao Al-Ghamdi,zhao.alghamdi@icloud.com,9.66554E+12,Jubail,Al-Jawf Region,7/22/2020,Male,44,New,Active,2020
CUST-003384,Wu Huang,wu.huang@icloud.com,9.66512E+12,Al-Ahsa,Al-Qassim Region,1/4/2024,Male,43,Regular,Active,2024
CUST-003385,Yousef Al-Shehri,yousef.alshehri@hotmail.com,9.66513E+12,Riyadh,Eastern Province,11/8/2021,Female,58,New,Active,2021
CUST-003386,Michael Reddy,michael.reddy@gmail.com,9.66568E+12,Jeddah,Al-Qassim Region,10/14/2023,Female,34,New,Inactive,2023
CUST-003387,Amit Singh,amit.singh@hotmail.com,9.66514E+12,Tabuk,Al-Jawf Region,3/18/2022,Female,43,VIP,Active,2022
CUST-003388,Yousef Liu,yousef.liu@hotmail.com,9.66592E+12,Hail,Northern Borders,8/1/2023,Male,46,New,Active,2023
CUST-003389,Amit Wang,amit.wang@icloud.com,9.66529E+12,Jeddah,Al-Bahah Region,9/10/2023,Male,65,VIP,Inactive,2023
CUST-003390,Fatima Smith,fatima.smith@gmail.com,9.66593E+12,Medina,Al-Jawf Region,3/5/2023,Male,54,VIP,Inactive,2023
CUST-003391,Abdullah Rodriguez,abdullah.rodriguez@gmail.com,9.66541E+12,Mecca,Asir Region,10/3/2025,Female,62,Loyal,Inactive,2025
CUST-003392,Harper Williams,harper.williams@icloud.com,9.66515E+12,Khobar,Northern Borders,8/9/2023,Male,18,New,Active,2023
CUST-003393,Chen Al-Hassan,chen.alhassan@gmail.com,9.66517E+12,Buraidah,Riyadh Region,9/15/2021,Male,57,VIP,Active,2021
CUST-003394,Thomas Zhou,thomas.zhou@icloud.com,9.66588E+12,Jizan,Northern Borders,1/30/2024,Female,52,New,Inactive,2024
CUST-003395,Ibrahim Mehta,ibrahim.mehta@yahoo.com,9.66593E+12,Abha,Al-Jawf Region,4/28/2024,Female,60,VIP,Inactive,2024
CUST-003396,Saad Nair,saad.nair@hotmail.com,9.6655E+12,Al-Kharj,Makkah Region,7/7/2023,Male,27,New,Inactive,2023
CUST-003397,Vikram Al-Otaibi,vikram.alotaibi@gmail.com,9.66514E+12,Jeddah,Najran Region,7/12/2023,Male,31,New,Active,2023
CUST-003398,William Chen,william.chen@yahoo.com,9.66535E+12,Khobar,Najran Region,10/23/2022,Male,64,Regular,Active,2022
CUST-003399,Yang Al-Mahmoud,yang.almahmoud@hotmail.com,9.66563E+12,Jizan,Jazan Region,11/30/2020,Male,28,New,Active,2020
CUST-003400,John Garcia,john.garcia@hotmail.com,9.66524E+12,Qassim,Northern Borders,12/11/2024,Male,46,Loyal,Active,2024
CUST-003401,Mohammed Martinez,mohammed.martinez@yahoo.com,9.66594E+12,Al-Kharj,Najran Region,7/14/2025,Female,63,Loyal,Active,2025
CUST-003402,Dana Al-Ghamdi,dana.alghamdi@icloud.com,9.66578E+12,Dammam,Makkah Region,6/11/2020,Female,59,VIP,Active,2020
CUST-003403,Wei Rodriguez,wei.rodriguez@gmail.com,9.66504E+12,Tabuk,Al-Bahah Region,5/26/2020,Female,22,New,Inactive,2020
CUST-003404,Sunil Li,sunil.li@yahoo.com,9.66547E+12,Dammam,Hail Region,2/6/2023,Male,45,VIP,Active,2023
CUST-003405,Yang Al-Shehri,yang.alshehri@outlook.com,9.66589E+12,Tabuk,Al-Qassim Region,12/29/2021,Female,45,Regular,Inactive,2021
CUST-003406,Charlotte Kumar,charlotte.kumar@yahoo.com,9.66538E+12,Medina,Najran Region,11/24/2021,Male,42,Regular,Active,2021
CUST-003407,Nikhil Mehta,nikhil.mehta@icloud.com,9.66568E+12,Riyadh,Jazan Region,6/11/2020,Female,29,Regular,Active,2020
CUST-003408,Huang Mehta,huang.mehta@yahoo.com,9.66518E+12,Sakaka,Al-Qassim Region,2/13/2024,Male,22,New,Active,2024
CUST-003409,Karan Zhao,karan.zhao@icloud.com,9.66522E+12,Tabuk,Hail Region,10/18/2022,Female,63,Loyal,Active,2022
CUST-003410,David Al-Rashid,david.alrashid@outlook.com,9.66508E+12,Jubail,Hail Region,1/26/2020,Female,54,VIP,Inactive,2020
CUST-003411,Abigail Zhou,abigail.zhou@outlook.com,9.66536E+12,Al-Ahsa,Northern Borders,8/28/2025,Female,63,Loyal,Active,2025
CUST-003412,Nikhil Al-Shehri,nikhil.alshehri@yahoo.com,9.66581E+12,Hail,Al-Qassim Region,1/8/2024,Male,57,VIP,Inactive,2024
CUST-003413,Maha Al-Khalifa,maha.alkhalifa@hotmail.com,9.66543E+12,Khobar,Hail Region,9/25/2023,Female,24,Regular,Active,2023
CUST-003414,Sunil Al-Harbi,sunil.alharbi@hotmail.com,9.66592E+12,Najran,Tabuk Region,1/29/2021,Female,31,VIP,Active,2021
CUST-003415,Zhao Al-Khalifa,zhao.alkhalifa@gmail.com,9.66509E+12,Yanbu,Jazan Region,6/18/2023,Female,24,Regular,Active,2023
CUST-003416,Lina Reddy,lina.reddy@hotmail.com,9.66591E+12,Hail,Al-Bahah Region,5/4/2020,Female,22,Loyal,Active,2020
CUST-003417,Olivia Al-Farsi,olivia.alfarsi@yahoo.com,9.66535E+12,Dammam,Northern Borders,6/17/2025,Female,20,Regular,Active,2025
CUST-003418,Noura Al-Saud,noura.alsaud@icloud.com,9.66513E+12,Khamis Mushait,Makkah Region,12/12/2024,Male,51,Regular,Active,2024
CUST-003419,Liu Martinez,liu.martinez@outlook.com,9.66553E+12,Medina,Makkah Region,10/22/2021,Female,65,VIP,Inactive,2021
CUST-003420,Thomas Garcia,thomas.garcia@outlook.com,9.66532E+12,Mecca,Tabuk Region,4/23/2022,Male,24,New,Inactive,2022
CUST-003421,Sophia Reddy,sophia.reddy@yahoo.com,9.66532E+12,Yanbu,Al-Bahah Region,10/1/2023,Female,61,New,Active,2023
CUST-003422,Huda Chen,huda.chen@gmail.com,9.66581E+12,Abha,Al-Bahah Region,9/6/2024,Female,53,VIP,Active,2024
CUST-003423,Karan Al-Harbi,karan.alharbi@gmail.com,9.66522E+12,Khamis Mushait,Eastern Province,6/1/2023,Male,63,VIP,Active,2023
CUST-003424,Mia Al-Qahtani,mia.alqahtani@outlook.com,9.66503E+12,Khamis Mushait,Tabuk Region,9/27/2024,Male,45,Loyal,Inactive,2024
CUST-003425,Daniel Al-Faisal,daniel.alfaisal@yahoo.com,9.66522E+12,Buraidah,Al-Qassim Region,5/12/2025,Male,31,Regular,Active,2025
CUST-003426,Maha Williams,maha.williams@hotmail.com,9.66574E+12,Tabuk,Al-Bahah Region,4/19/2022,Female,37,Regular,Active,2022
CUST-003427,Ali Nair,ali.nair@hotmail.com,9.66512E+12,Riyadh,Tabuk Region,6/6/2024,Male,22,New,Active,2024
CUST-003428,Abdullah Williams,abdullah.williams@gmail.com,9.66536E+12,Najran,Hail Region,2/7/2025,Female,26,New,Active,2025
CUST-003429,Pavan Al-Farsi,pavan.alfarsi@yahoo.com,9.66539E+12,Najran,Northern Borders,3/16/2025,Male,60,New,Active,2025
CUST-003430,Robert Al-Jaber,robert.aljaber@gmail.com,9.66589E+12,Qassim,Al-Qassim Region,7/27/2025,Female,49,Loyal,Active,2025
CUST-003431,Sanjay Rao,sanjay.rao@hotmail.com,9.66514E+12,Khamis Mushait,Jazan Region,3/18/2025,Male,26,Regular,Inactive,2025
CUST-003432,Mia Al-Qahtani,mia.alqahtani@icloud.com,9.66594E+12,Sakaka,Jazan Region,10/20/2021,Male,35,Loyal,Active,2021
CUST-003433,Ali Davis,ali.davis@hotmail.com,9.66519E+12,Taif,Hail Region,10/31/2023,Female,50,New,Active,2023
CUST-003434,Wang Al-Mahmoud,wang.almahmoud@yahoo.com,9.66543E+12,Qassim,Najran Region,5/5/2020,Female,55,Loyal,Active,2020
CUST-003435,Amit Al-Dosari,amit.aldosari@gmail.com,9.66539E+12,Medina,Hail Region,6/7/2025,Female,50,VIP,Inactive,2025
CUST-003436,Aisha Huang,aisha.huang@gmail.com,9.6659E+12,Hail,Asir Region,5/21/2024,Male,20,VIP,Active,2024
CUST-003437,Chen Martinez,chen.martinez@icloud.com,9.66534E+12,Al-Kharj,Eastern Province,1/9/2025,Male,61,VIP,Active,2025
CUST-003438,Mohammed Nair,mohammed.nair@yahoo.com,9.66585E+12,Yanbu,Jazan Region,2/4/2020,Male,21,Loyal,Active,2020
CUST-003439,Nikhil Patel,nikhil.patel@yahoo.com,9.66579E+12,Taif,Eastern Province,8/13/2020,Female,40,VIP,Active,2020
CUST-003440,Pavan Jones,pavan.jones@hotmail.com,9.66545E+12,Jeddah,Jazan Region,10/15/2025,Female,47,Loyal,Inactive,2025
CUST-003441,Liu Liu,liu.liu@icloud.com,9.66593E+12,Dammam,Makkah Region,5/8/2020,Male,47,Regular,Active,2020
CUST-003442,Wu Davis,wu.davis@gmail.com,9.66595E+12,Jubail,Makkah Region,5/26/2021,Male,36,Loyal,Active,2021
CUST-003443,Ravi Rao,ravi.rao@hotmail.com,9.66578E+12,Riyadh,Tabuk Region,1/23/2021,Male,62,VIP,Inactive,2021
CUST-003444,Thomas Nair,thomas.nair@outlook.com,9.66518E+12,Yanbu,Tabuk Region,1/24/2023,Male,45,Regular,Active,2023
CUST-003445,Dana Li,dana.li@gmail.com,9.66549E+12,Qassim,Northern Borders,4/9/2025,Male,25,New,Active,2025
CUST-003446,Sophia Mehta,sophia.mehta@outlook.com,9.66504E+12,Abha,Eastern Province,8/29/2023,Female,21,VIP,Active,2023
CUST-003447,Lina Al-Nasser,lina.alnasser@gmail.com,9.66574E+12,Dammam,Tabuk Region,3/20/2024,Female,51,Loyal,Active,2024
CUST-003448,Evelyn Al-Dosari,evelyn.aldosari@gmail.com,9.6654E+12,Jeddah,Tabuk Region,7/21/2022,Male,47,Loyal,Inactive,2022
CUST-003449,Evelyn Al-Khalifa,evelyn.alkhalifa@icloud.com,9.66599E+12,Dammam,Tabuk Region,7/12/2024,Male,36,Loyal,Active,2024
CUST-003450,Reem Liu,reem.liu@gmail.com,9.66514E+12,Jeddah,Makkah Region,9/26/2025,Female,36,Regular,Active,2025
CUST-003451,Huda Al-Qahtani,huda.alqahtani@hotmail.com,9.66556E+12,Najran,Makkah Region,9/20/2025,Male,28,Loyal,Active,2025
CUST-003452,Evelyn Al-Qahtani,evelyn.alqahtani@outlook.com,9.66501E+12,Abha,Tabuk Region,9/18/2022,Female,35,Regular,Active,2022
CUST-003453,David Gupta,david.gupta@outlook.com,9.66541E+12,Hail,Asir Region,4/5/2024,Male,38,New,Active,2024
CUST-003454,Noura Al-Ahmari,noura.alahmari@gmail.com,9.66554E+12,Medina,Al-Jawf Region,9/29/2020,Male,55,New,Active,2020
CUST-003455,Mohammed Gupta,mohammed.gupta@gmail.com,9.66572E+12,Abha,Al-Bahah Region,7/4/2024,Male,21,New,Active,2024
CUST-003456,Liu Al-Malki,liu.almalki@yahoo.com,9.66515E+12,Taif,Eastern Province,10/2/2024,Female,59,Regular,Active,2024
CUST-003457,Chen Williams,chen.williams@icloud.com,9.6655E+12,Dammam,Hail Region,10/4/2024,Male,25,Loyal,Active,2024
CUST-003458,Karan Kumar,karan.kumar@icloud.com,9.66599E+12,Buraidah,Tabuk Region,8/3/2021,Female,62,New,Inactive,2021
CUST-003459,Maha Singh,maha.singh@hotmail.com,9.66537E+12,Hail,Najran Region,9/23/2021,Female,51,Regular,Inactive,2021
CUST-003460,James Al-Ghamdi,james.alghamdi@icloud.com,9.66515E+12,Sakaka,Al-Qassim Region,6/27/2023,Male,29,Regular,Active,2023
CUST-003461,Aisha Patel,aisha.patel@icloud.com,9.66559E+12,Abha,Hail Region,9/24/2025,Male,62,Regular,Active,2025
CUST-003462,Yang Al-Faisal,yang.alfaisal@yahoo.com,9.66588E+12,Riyadh,Hail Region,4/24/2020,Female,38,New,Active,2020
CUST-003463,Sunil Al-Turki,sunil.alturki@icloud.com,9.66519E+12,Al-Ahsa,Asir Region,1/17/2024,Female,36,Regular,Active,2024
CUST-003464,Fatima Davis,fatima.davis@outlook.com,9.66578E+12,Jubail,Tabuk Region,3/14/2023,Female,54,Loyal,Active,2023
CUST-003465,Wei Zhao,wei.zhao@yahoo.com,9.66505E+12,Yanbu,Tabuk Region,8/4/2020,Male,45,New,Active,2020
CUST-003466,Amelia Chen,amelia.chen@icloud.com,9.66526E+12,Buraidah,Najran Region,11/14/2024,Male,65,Loyal,Active,2024
CUST-003467,Li Sharma,li.sharma@yahoo.com,9.66577E+12,Al-Kharj,Asir Region,12/11/2023,Female,59,Loyal,Active,2023
CUST-003468,Harper Al-Zahrani,harper.alzahrani@yahoo.com,9.66511E+12,Taif,Riyadh Region,3/31/2025,Male,41,VIP,Active,2025
CUST-003469,Amit Williams,amit.williams@icloud.com,9.66562E+12,Mecca,Northern Borders,9/4/2020,Male,27,VIP,Active,2020
CUST-003470,Mohammed Rao,mohammed.rao@icloud.com,9.66526E+12,Dammam,Hail Region,3/2/2021,Female,36,Regular,Active,2021
CUST-003471,Karan Reddy,karan.reddy@gmail.com,9.66533E+12,Najran,Riyadh Region,8/4/2022,Female,33,VIP,Active,2022
CUST-003472,Ibrahim Mehta,ibrahim.mehta@icloud.com,9.66596E+12,Dammam,Al-Jawf Region,9/21/2022,Female,23,Loyal,Inactive,2022
CUST-003473,Zhao Miller,zhao.miller@icloud.com,9.66565E+12,Hail,Tabuk Region,12/22/2023,Female,47,New,Active,2023
CUST-003474,Daniel Al-Mahmoud,daniel.almahmoud@yahoo.com,9.66518E+12,Buraidah,Al-Jawf Region,8/11/2021,Female,64,New,Inactive,2021
CUST-003475,Lina Al-Malki,lina.almalki@yahoo.com,9.66541E+12,Khobar,Asir Region,5/4/2022,Female,60,Regular,Active,2022
CUST-003476,Robert Al-Zahrani,robert.alzahrani@outlook.com,9.66565E+12,Riyadh,Al-Jawf Region,2/7/2023,Male,35,Loyal,Active,2023
CUST-003477,Arjun Sharma,arjun.sharma@gmail.com,9.66513E+12,Qassim,Northern Borders,8/5/2022,Male,25,New,Active,2022
CUST-003478,Ahmed Al-Malki,ahmed.almalki@yahoo.com,9.66589E+12,Khobar,Riyadh Region,5/7/2025,Female,61,VIP,Inactive,2025
CUST-003479,David Smith,david.smith@icloud.com,9.66527E+12,Yanbu,Jazan Region,5/26/2025,Female,29,Regular,Inactive,2025
CUST-003480,Noura Kumar,noura.kumar@hotmail.com,9.66534E+12,Al-Ahsa,Asir Region,6/29/2021,Female,51,Regular,Inactive,2021
CUST-003481,Richard Al-Jaber,richard.aljaber@icloud.com,9.66522E+12,Najran,Makkah Region,6/17/2020,Male,26,Loyal,Active,2020
CUST-003482,Olivia Rao,olivia.rao@yahoo.com,9.66514E+12,Tabuk,Al-Jawf Region,10/26/2022,Female,54,Loyal,Active,2022
CUST-003483,Noura Li,noura.li@gmail.com,9.66556E+12,Jubail,Asir Region,4/1/2021,Male,40,Regular,Active,2021
CUST-003484,Charlotte Huang,charlotte.huang@icloud.com,9.66532E+12,Qassim,Jazan Region,6/28/2022,Male,60,VIP,Active,2022
CUST-003485,Emma Zhou,emma.zhou@yahoo.com,9.66537E+12,Al-Ahsa,Asir Region,3/7/2021,Male,57,Loyal,Active,2021
CUST-003486,Yang Davis,yang.davis@gmail.com,9.66548E+12,Hail,Riyadh Region,10/16/2021,Female,60,VIP,Inactive,2021
CUST-003487,Raj Al-Mutairi,raj.almutairi@gmail.com,9.66583E+12,Yanbu,Najran Region,3/16/2020,Male,56,New,Active,2020
CUST-003488,Ibrahim Johnson,ibrahim.johnson@gmail.com,9.6659E+12,Jubail,Makkah Region,10/3/2021,Male,51,VIP,Active,2021
CUST-003489,Fatima Garcia,fatima.garcia@icloud.com,9.66559E+12,Yanbu,Riyadh Region,6/22/2021,Male,31,New,Active,2021
CUST-003490,Li Zhou,li.zhou@icloud.com,9.66587E+12,Najran,Makkah Region,2/28/2025,Female,46,New,Active,2025
CUST-003491,Sara Williams,sara.williams@gmail.com,9.66588E+12,Qassim,Riyadh Region,11/12/2024,Male,56,VIP,Active,2024
CUST-003492,Matthew Singh,matthew.singh@gmail.com,9.66525E+12,Medina,Asir Region,4/8/2020,Male,46,Loyal,Active,2020
CUST-003493,Vikram Patel,vikram.patel@icloud.com,9.66575E+12,Hail,Al-Jawf Region,10/16/2023,Male,55,VIP,Inactive,2023
CUST-003494,Pavan Al-Zahrani,pavan.alzahrani@hotmail.com,9.66552E+12,Buraidah,Al-Qassim Region,11/27/2024,Male,33,Loyal,Active,2024
CUST-003495,Abigail Rodriguez,abigail.rodriguez@outlook.com,9.66527E+12,Khobar,Najran Region,10/24/2024,Female,24,New,Active,2024
CUST-003496,Nikhil Al-Mutairi,nikhil.almutairi@yahoo.com,9.66505E+12,Abha,Al-Jawf Region,1/12/2023,Female,20,VIP,Active,2023
CUST-003497,Ibrahim Al-Zahrani,ibrahim.alzahrani@outlook.com,9.66565E+12,Tabuk,Tabuk Region,4/4/2022,Female,24,Loyal,Active,2022
CUST-003498,Daniel Miller,daniel.miller@gmail.com,9.66578E+12,Qassim,Al-Jawf Region,9/14/2024,Female,52,VIP,Active,2024
CUST-003499,Maha Zhou,maha.zhou@gmail.com,9.66512E+12,Jizan,Al-Jawf Region,11/23/2024,Female,59,Regular,Active,2024
CUST-003500,Reem Al-Qahtani,reem.alqahtani@icloud.com,9.66579E+12,Abha,Al-Jawf Region,1/17/2025,Female,31,Loyal,Active,2025
CUST-003501,Omar Al-Shehri,omar.alshehri@yahoo.com,9.66549E+12,Tabuk,Makkah Region,11/1/2024,Female,40,Regular,Active,2024
CUST-003502,Huda Rao,huda.rao@icloud.com,9.66505E+12,Al-Ahsa,Riyadh Region,4/14/2023,Male,48,Regular,Active,2023
CUST-003503,David Al-Shehri,david.alshehri@icloud.com,9.66576E+12,Jizan,Al-Qassim Region,12/31/2021,Female,62,Regular,Active,2021
CUST-003504,Wang Al-Jaber,wang.aljaber@yahoo.com,9.66527E+12,Tabuk,Hail Region,7/25/2025,Male,27,VIP,Active,2025
CUST-003505,Huang Wang,huang.wang@yahoo.com,9.66513E+12,Abha,Riyadh Region,4/20/2020,Female,47,VIP,Inactive,2020
CUST-003506,Abdullah Sharma,abdullah.sharma@yahoo.com,9.66525E+12,Khobar,Hail Region,5/9/2024,Female,19,New,Inactive,2024
CUST-003507,Mia Al-Mahmoud,mia.almahmoud@gmail.com,9.66558E+12,Qassim,Asir Region,7/26/2024,Male,62,Regular,Active,2024
CUST-003508,Aisha Davis,aisha.davis@gmail.com,9.6654E+12,Jizan,Hail Region,2/13/2022,Male,55,VIP,Active,2022
CUST-003509,Amit Chen,amit.chen@hotmail.com,9.66599E+12,Al-Ahsa,Al-Bahah Region,12/12/2024,Male,65,Loyal,Active,2024
CUST-003510,Thomas Al-Harbi,thomas.alharbi@gmail.com,9.66575E+12,Jizan,Makkah Region,2/12/2023,Male,33,Loyal,Active,2023
CUST-003511,Omar Davis,omar.davis@icloud.com,9.6652E+12,Jubail,Tabuk Region,3/8/2023,Male,42,Loyal,Active,2023
CUST-003512,Arjun Al-Mahmoud,arjun.almahmoud@outlook.com,9.66538E+12,Al-Ahsa,Northern Borders,2/2/2022,Male,40,Loyal,Active,2022
CUST-003513,Li Martinez,li.martinez@gmail.com,9.66554E+12,Najran,Najran Region,11/25/2024,Female,25,Regular,Active,2024
CUST-003514,Pavan Chen,pavan.chen@outlook.com,9.66542E+12,Taif,Eastern Province,6/26/2025,Female,32,New,Active,2025
CUST-003515,Saad Al-Mahmoud,saad.almahmoud@icloud.com,9.66588E+12,Jubail,Eastern Province,9/9/2024,Male,63,VIP,Inactive,2024
CUST-003516,Fatima Al-Qahtani,fatima.alqahtani@yahoo.com,9.66524E+12,Abha,Al-Qassim Region,11/16/2025,Male,25,VIP,Inactive,2025
CUST-003517,Wei Al-Otaibi,wei.alotaibi@gmail.com,9.66573E+12,Tabuk,Eastern Province,1/28/2020,Female,63,VIP,Inactive,2020
CUST-003518,Rana Al-Jaber,rana.aljaber@hotmail.com,9.66567E+12,Jubail,Makkah Region,1/28/2024,Female,25,Loyal,Active,2024
CUST-003519,Robert Al-Rashid,robert.alrashid@hotmail.com,9.66557E+12,Qassim,Al-Qassim Region,8/2/2022,Male,24,Loyal,Active,2022
CUST-003520,James Rao,james.rao@outlook.com,9.6658E+12,Al-Ahsa,Northern Borders,3/5/2024,Female,64,Loyal,Active,2024
CUST-003521,William Miller,william.miller@outlook.com,9.66562E+12,Qassim,Hail Region,5/29/2021,Male,50,VIP,Active,2021
CUST-003522,Harper Iyer,harper.iyer@hotmail.com,9.66555E+12,Khobar,Makkah Region,7/4/2025,Female,21,VIP,Inactive,2025
CUST-003523,Abigail Chen,abigail.chen@icloud.com,9.66578E+12,Dammam,Al-Qassim Region,8/15/2025,Female,27,Loyal,Active,2025
CUST-003524,Dana Al-Khalifa,dana.alkhalifa@hotmail.com,9.66523E+12,Riyadh,Northern Borders,11/11/2020,Female,62,New,Active,2020
CUST-003525,Yang Wu,yang.wu@yahoo.com,9.66598E+12,Al-Ahsa,Al-Jawf Region,8/8/2022,Female,61,VIP,Active,2022
CUST-003526,Omar Gupta,omar.gupta@outlook.com,9.66525E+12,Yanbu,Northern Borders,4/8/2022,Male,33,Regular,Active,2022
CUST-003527,Rana Garcia,rana.garcia@gmail.com,9.66532E+12,Qassim,Al-Bahah Region,2/16/2022,Male,33,New,Active,2022
CUST-003528,Saad Al-Ahmari,saad.alahmari@icloud.com,9.6655E+12,Riyadh,Northern Borders,12/19/2023,Female,50,VIP,Active,2023
CUST-003529,Isabella Li,isabella.li@hotmail.com,9.66553E+12,Buraidah,Hail Region,9/20/2021,Female,24,VIP,Active,2021
CUST-003530,Maha Williams,maha.williams@outlook.com,9.66597E+12,Taif,Hail Region,2/5/2025,Male,38,New,Active,2025
CUST-003531,Amelia Chen,amelia.chen@yahoo.com,9.66587E+12,Mecca,Al-Jawf Region,9/16/2022,Female,40,Loyal,Active,2022
CUST-003532,Zhao Zhou,zhao.zhou@outlook.com,9.6654E+12,Tabuk,Najran Region,12/26/2023,Female,60,VIP,Active,2023
CUST-003533,Matthew Al-Faisal,matthew.alfaisal@icloud.com,9.66525E+12,Jizan,Riyadh Region,5/17/2021,Male,65,Loyal,Active,2021
CUST-003534,Rana Iyer,rana.iyer@icloud.com,9.6655E+12,Jubail,Northern Borders,11/19/2021,Male,43,VIP,Active,2021
CUST-003535,Thomas Liu,thomas.liu@hotmail.com,9.66518E+12,Al-Kharj,Jazan Region,2/22/2022,Female,48,New,Active,2022
CUST-003536,Chen Al-Rashid,chen.alrashid@yahoo.com,9.66572E+12,Sakaka,Riyadh Region,7/5/2023,Male,18,Regular,Inactive,2023
CUST-003537,Arjun Mehta,arjun.mehta@yahoo.com,9.66513E+12,Medina,Hail Region,11/4/2020,Male,58,VIP,Active,2020
CUST-003538,Amit Gupta,amit.gupta@yahoo.com,9.66545E+12,Yanbu,Al-Bahah Region,1/19/2022,Male,20,New,Active,2022
CUST-003539,Michael Iyer,michael.iyer@outlook.com,9.66539E+12,Abha,Al-Qassim Region,5/18/2022,Female,20,Regular,Active,2022
CUST-003540,Aisha Al-Mahmoud,aisha.almahmoud@yahoo.com,9.66563E+12,Hail,Asir Region,1/9/2021,Female,18,Regular,Active,2021
CUST-003541,Vikram Li,vikram.li@hotmail.com,9.66559E+12,Khamis Mushait,Tabuk Region,9/25/2020,Female,28,New,Active,2020
CUST-003542,Yang Rodriguez,yang.rodriguez@icloud.com,9.66544E+12,Najran,Riyadh Region,6/21/2025,Female,41,New,Inactive,2025
CUST-003543,Noura Al-Khalifa,noura.alkhalifa@yahoo.com,9.66528E+12,Jeddah,Al-Qassim Region,3/22/2025,Male,26,VIP,Active,2025
CUST-003544,Ahmed Martinez,ahmed.martinez@yahoo.com,9.66511E+12,Sakaka,Riyadh Region,4/1/2025,Female,24,Regular,Active,2025
CUST-003545,Karan Singh,karan.singh@yahoo.com,9.66528E+12,Jubail,Al-Jawf Region,6/22/2022,Female,45,VIP,Active,2022
CUST-003546,Rana Rao,rana.rao@outlook.com,9.66517E+12,Dammam,Jazan Region,1/2/2024,Female,32,VIP,Active,2024
CUST-003547,Dana Yang,dana.yang@gmail.com,9.66547E+12,Medina,Eastern Province,5/14/2024,Female,45,New,Active,2024
CUST-003548,Huang Al-Dosari,huang.aldosari@yahoo.com,9.66594E+12,Al-Kharj,Al-Bahah Region,6/6/2021,Female,29,Loyal,Active,2021
CUST-003549,Wang Al-Malki,wang.almalki@gmail.com,9.66552E+12,Medina,Asir Region,11/9/2022,Male,58,Regular,Inactive,2022
CUST-003550,Omar Iyer,omar.iyer@yahoo.com,9.66579E+12,Qassim,Al-Qassim Region,9/15/2023,Male,36,Loyal,Active,2023
CUST-003551,Aisha Brown,aisha.brown@icloud.com,9.66513E+12,Sakaka,Al-Qassim Region,6/26/2020,Male,46,New,Inactive,2020
CUST-003552,Abdullah Al-Farsi,abdullah.alfarsi@outlook.com,9.66559E+12,Abha,Al-Qassim Region,1/25/2024,Female,47,New,Active,2024
CUST-003553,Li Johnson,li.johnson@gmail.com,9.66517E+12,Khobar,Eastern Province,5/17/2020,Female,59,VIP,Inactive,2020
CUST-003554,Fahad Al-Harbi,fahad.alharbi@gmail.com,9.66544E+12,Tabuk,Northern Borders,10/25/2022,Male,43,VIP,Active,2022
CUST-003555,Rana Brown,rana.brown@yahoo.com,9.66597E+12,Al-Kharj,Makkah Region,11/1/2022,Male,28,New,Active,2022
CUST-003556,Matthew Al-Saud,matthew.alsaud@yahoo.com,9.66527E+12,Jizan,Al-Bahah Region,8/10/2025,Male,38,Regular,Active,2025
CUST-003557,Sophia Al-Ghamdi,sophia.alghamdi@icloud.com,9.66578E+12,Hail,Al-Jawf Region,5/29/2025,Male,21,Regular,Active,2025
CUST-003558,Mia Al-Nasser,mia.alnasser@hotmail.com,9.66532E+12,Riyadh,Riyadh Region,6/26/2020,Male,60,Loyal,Active,2020
CUST-003559,Raj Al-Malki,raj.almalki@hotmail.com,9.66587E+12,Jubail,Jazan Region,9/16/2023,Female,43,VIP,Inactive,2023
CUST-003560,Richard Al-Ahmari,richard.alahmari@outlook.com,9.66528E+12,Buraidah,Jazan Region,4/23/2020,Male,36,VIP,Active,2020
CUST-003561,Raj Brown,raj.brown@yahoo.com,9.66525E+12,Jizan,Hail Region,8/19/2024,Female,22,VIP,Active,2024
CUST-003562,Sanjay Nair,sanjay.nair@yahoo.com,9.66553E+12,Al-Ahsa,Hail Region,7/20/2025,Male,38,New,Inactive,2025
CUST-003563,James Al-Zahrani,james.alzahrani@outlook.com,9.66569E+12,Jizan,Hail Region,1/18/2024,Female,38,Loyal,Active,2024
CUST-003564,Ali Al-Saud,ali.alsaud@yahoo.com,9.66537E+12,Hail,Eastern Province,1/16/2022,Female,65,VIP,Inactive,2022
CUST-003565,Rana Al-Saud,rana.alsaud@yahoo.com,9.66511E+12,Al-Kharj,Eastern Province,1/23/2022,Male,38,New,Active,2022
CUST-003566,Michael Patel,michael.patel@outlook.com,9.666E+12,Najran,Al-Bahah Region,3/21/2022,Female,59,Regular,Active,2022
CUST-003567,Olivia Reddy,olivia.reddy@outlook.com,9.66505E+12,Mecca,Tabuk Region,8/12/2021,Female,37,Regular,Active,2021
CUST-003568,Fatima Zhou,fatima.zhou@outlook.com,9.66508E+12,Mecca,Asir Region,6/16/2025,Male,29,Regular,Active,2025
CUST-003569,Mohammed Zhou,mohammed.zhou@yahoo.com,9.6656E+12,Dammam,Tabuk Region,2/18/2022,Male,28,VIP,Active,2022
CUST-003570,Fahad Al-Hassan,fahad.alhassan@hotmail.com,9.66596E+12,Dammam,Najran Region,12/2/2022,Male,47,Loyal,Inactive,2022
CUST-003571,Li Singh,li.singh@yahoo.com,9.66592E+12,Qassim,Jazan Region,5/20/2022,Female,49,Loyal,Active,2022
CUST-003572,Karan Zhou,karan.zhou@gmail.com,9.66507E+12,Khamis Mushait,Eastern Province,6/26/2023,Female,43,Loyal,Active,2023
CUST-003573,Robert Wu,robert.wu@hotmail.com,9.66584E+12,Yanbu,Al-Jawf Region,1/20/2020,Female,31,Loyal,Inactive,2020
CUST-003574,Sara Al-Dosari,sara.aldosari@hotmail.com,9.66508E+12,Hail,Hail Region,1/10/2022,Female,58,Loyal,Active,2022
CUST-003575,Amelia Wang,amelia.wang@yahoo.com,9.66566E+12,Al-Kharj,Eastern Province,5/13/2022,Male,38,Loyal,Active,2022
CUST-003576,Olivia Garcia,olivia.garcia@hotmail.com,9.66568E+12,Sakaka,Al-Bahah Region,11/9/2021,Female,21,VIP,Active,2021
CUST-003577,Fatima Williams,fatima.williams@yahoo.com,9.6655E+12,Taif,Northern Borders,8/31/2024,Female,24,New,Active,2024
CUST-003578,Saad Martinez,saad.martinez@icloud.com,9.66562E+12,Qassim,Riyadh Region,3/30/2024,Female,28,Loyal,Inactive,2024
CUST-003579,Ravi Liu,ravi.liu@outlook.com,9.66593E+12,Taif,Tabuk Region,11/9/2022,Male,33,VIP,Active,2022
CUST-003580,Isabella Iyer,isabella.iyer@icloud.com,9.66557E+12,Mecca,Asir Region,5/12/2023,Female,21,Regular,Active,2023
CUST-003581,Liu Al-Zahrani,liu.alzahrani@icloud.com,9.66538E+12,Riyadh,Makkah Region,6/6/2024,Male,35,Loyal,Active,2024
CUST-003582,Harper Al-Shehri,harper.alshehri@yahoo.com,9.66538E+12,Jubail,Al-Qassim Region,10/11/2022,Male,23,Regular,Active,2022
CUST-003583,Wu Al-Otaibi,wu.alotaibi@gmail.com,9.66564E+12,Medina,Najran Region,2/12/2024,Male,19,New,Active,2024
CUST-003584,Huda Zhao,huda.zhao@gmail.com,9.66553E+12,Tabuk,Makkah Region,3/9/2022,Male,43,Regular,Active,2022
CUST-003585,Reem Al-Jaber,reem.aljaber@gmail.com,9.66598E+12,Khobar,Makkah Region,11/18/2021,Female,20,Regular,Active,2021
CUST-003586,Abdullah Yang,abdullah.yang@icloud.com,9.66567E+12,Khobar,Riyadh Region,4/5/2021,Male,57,VIP,Inactive,2021
CUST-003587,Mohammed Garcia,mohammed.garcia@gmail.com,9.66578E+12,Hail,Northern Borders,2/26/2020,Male,62,New,Active,2020
CUST-003588,Vikram Zhao,vikram.zhao@gmail.com,9.66576E+12,Hail,Asir Region,12/14/2021,Female,37,Regular,Active,2021
CUST-003589,Noura Zhang,noura.zhang@outlook.com,9.66516E+12,Mecca,Hail Region,3/12/2023,Female,37,Loyal,Inactive,2023
CUST-003590,Abdullah Al-Ahmari,abdullah.alahmari@outlook.com,9.66508E+12,Al-Ahsa,Riyadh Region,6/30/2021,Female,27,Regular,Active,2021
CUST-003591,Zhang Miller,zhang.miller@gmail.com,9.66509E+12,Abha,Al-Jawf Region,10/29/2025,Male,52,Regular,Active,2025
CUST-003592,Raj Al-Hassan,raj.alhassan@icloud.com,9.66513E+12,Tabuk,Eastern Province,4/8/2021,Female,60,New,Active,2021
CUST-003593,James Wu,james.wu@yahoo.com,9.66525E+12,Mecca,Najran Region,8/14/2022,Male,61,VIP,Active,2022
CUST-003594,Sunil Rao,sunil.rao@outlook.com,9.66526E+12,Dammam,Al-Jawf Region,6/24/2020,Male,23,Regular,Active,2020
CUST-003595,Saad Iyer,saad.iyer@outlook.com,9.66596E+12,Buraidah,Eastern Province,12/7/2025,Male,28,Loyal,Active,2025
CUST-003596,Karan Al-Otaibi,karan.alotaibi@gmail.com,9.66516E+12,Al-Ahsa,Najran Region,3/29/2021,Male,45,Loyal,Inactive,2021
CUST-003597,Richard Al-Khalifa,richard.alkhalifa@yahoo.com,9.66591E+12,Khobar,Hail Region,1/27/2021,Female,30,Loyal,Active,2021
CUST-003598,Pavan Smith,pavan.smith@outlook.com,9.66574E+12,Riyadh,Eastern Province,12/1/2021,Male,57,VIP,Active,2021
CUST-003599,Emma Al-Dosari,emma.aldosari@hotmail.com,9.6654E+12,Riyadh,Tabuk Region,2/18/2020,Female,30,New,Inactive,2020
CUST-003600,Isabella Davis,isabella.davis@gmail.com,9.6651E+12,Hail,Riyadh Region,1/6/2025,Female,38,New,Inactive,2025
CUST-003601,Rana Zhang,rana.zhang@hotmail.com,9.66528E+12,Buraidah,Northern Borders,6/27/2025,Female,21,Regular,Active,2025
CUST-003602,Sophia Miller,sophia.miller@outlook.com,9.66579E+12,Jubail,Riyadh Region,1/29/2020,Male,19,Loyal,Active,2020
CUST-003603,Maha Al-Turki,maha.alturki@hotmail.com,9.66506E+12,Khamis Mushait,Asir Region,8/11/2023,Female,63,New,Active,2023
CUST-003604,Olivia Smith,olivia.smith@outlook.com,9.66527E+12,Sakaka,Jazan Region,9/19/2022,Male,53,Regular,Inactive,2022
CUST-003605,Mohammed Al-Ahmari,mohammed.alahmari@icloud.com,9.66533E+12,Riyadh,Hail Region,3/18/2021,Male,28,New,Active,2021
CUST-003606,Rana Al-Otaibi,rana.alotaibi@outlook.com,9.66536E+12,Qassim,Riyadh Region,10/25/2020,Male,41,New,Active,2020
CUST-003607,Dana Al-Harbi,dana.alharbi@outlook.com,9.66552E+12,Mecca,Al-Jawf Region,4/5/2025,Female,48,New,Active,2025
CUST-003608,Matthew Al-Ghamdi,matthew.alghamdi@outlook.com,9.66548E+12,Najran,Jazan Region,11/19/2024,Female,30,New,Active,2024
CUST-003609,Huang Miller,huang.miller@gmail.com,9.6658E+12,Sakaka,Riyadh Region,6/15/2023,Female,52,New,Active,2023
CUST-003610,Mia Al-Turki,mia.alturki@icloud.com,9.66519E+12,Jeddah,Makkah Region,2/12/2021,Female,39,Loyal,Active,2021
CUST-003611,Wei Al-Mutairi,wei.almutairi@outlook.com,9.66577E+12,Yanbu,Makkah Region,10/17/2023,Male,35,Loyal,Active,2023
CUST-003612,Saad Wang,saad.wang@gmail.com,9.66593E+12,Medina,Jazan Region,9/25/2024,Female,39,New,Active,2024
CUST-003613,Liu Mehta,liu.mehta@gmail.com,9.66523E+12,Tabuk,Najran Region,1/18/2020,Female,63,VIP,Active,2020
CUST-003614,Dana Rao,dana.rao@icloud.com,9.66527E+12,Al-Ahsa,Al-Jawf Region,7/10/2021,Female,30,Regular,Active,2021
CUST-003615,Abigail Patel,abigail.patel@icloud.com,9.66528E+12,Taif,Najran Region,4/26/2025,Male,41,Loyal,Active,2025
CUST-003616,Matthew Smith,matthew.smith@icloud.com,9.66594E+12,Tabuk,Al-Jawf Region,10/22/2023,Female,61,New,Active,2023
CUST-003617,Ravi Miller,ravi.miller@gmail.com,9.66594E+12,Al-Kharj,Najran Region,6/30/2024,Female,30,VIP,Active,2024
CUST-003618,Reem Chen,reem.chen@hotmail.com,9.66543E+12,Al-Ahsa,Asir Region,8/10/2022,Female,64,Loyal,Active,2022
CUST-003619,Yousef Al-Hassan,yousef.alhassan@yahoo.com,9.66592E+12,Qassim,Al-Bahah Region,9/1/2024,Female,43,Regular,Active,2024
CUST-003620,Emma Garcia,emma.garcia@hotmail.com,9.66534E+12,Buraidah,Riyadh Region,5/18/2024,Male,21,New,Active,2024
CUST-003621,Thomas Williams,thomas.williams@yahoo.com,9.66542E+12,Medina,Tabuk Region,6/29/2021,Male,41,Loyal,Active,2021
CUST-003622,Rana Al-Mutairi,rana.almutairi@hotmail.com,9.66527E+12,Tabuk,Northern Borders,12/2/2021,Female,29,Regular,Active,2021
CUST-003623,James Mehta,james.mehta@gmail.com,9.66545E+12,Taif,Hail Region,1/27/2024,Male,65,VIP,Active,2024
CUST-003624,Maha Rodriguez,maha.rodriguez@yahoo.com,9.66512E+12,Medina,Jazan Region,10/22/2023,Female,54,VIP,Active,2023
CUST-003625,Amelia Singh,amelia.singh@outlook.com,9.66543E+12,Mecca,Al-Jawf Region,12/16/2025,Female,29,VIP,Active,2025
CUST-003626,Huda Zhang,huda.zhang@gmail.com,9.66552E+12,Khobar,Al-Qassim Region,3/31/2021,Male,44,VIP,Active,2021
CUST-003627,Vikram Zhou,vikram.zhou@yahoo.com,9.6655E+12,Jizan,Tabuk Region,12/30/2021,Female,29,VIP,Active,2021
CUST-003628,Amit Brown,amit.brown@hotmail.com,9.6654E+12,Sakaka,Al-Qassim Region,12/3/2025,Female,41,New,Active,2025
CUST-003629,Huda Al-Rashid,huda.alrashid@gmail.com,9.66575E+12,Medina,Tabuk Region,2/18/2024,Male,51,Regular,Active,2024
CUST-003630,Emma Huang,emma.huang@yahoo.com,9.66532E+12,Hail,Jazan Region,12/3/2021,Female,38,Regular,Active,2021
CUST-003631,Mohammed Al-Mahmoud,mohammed.almahmoud@icloud.com,9.66513E+12,Taif,Northern Borders,5/13/2023,Male,65,Loyal,Inactive,2023
CUST-003632,Raj Al-Dosari,raj.aldosari@outlook.com,9.66525E+12,Tabuk,Al-Bahah Region,7/13/2020,Male,35,Loyal,Active,2020
CUST-003633,Thomas Nair,thomas.nair@icloud.com,9.66563E+12,Riyadh,Northern Borders,8/19/2024,Male,65,Loyal,Active,2024
CUST-003634,Evelyn Al-Zahrani,evelyn.alzahrani@yahoo.com,9.66518E+12,Jubail,Al-Qassim Region,5/31/2020,Female,39,New,Active,2020
CUST-003635,Khalid Al-Jaber,khalid.aljaber@hotmail.com,9.66572E+12,Najran,Al-Qassim Region,2/6/2020,Male,24,Regular,Active,2020
CUST-003636,Ahmed Al-Malki,ahmed.almalki@yahoo.com,9.66517E+12,Jeddah,Riyadh Region,11/7/2022,Male,29,Loyal,Active,2022
CUST-003637,Charlotte Zhou,charlotte.zhou@icloud.com,9.66568E+12,Abha,Al-Jawf Region,7/1/2021,Male,29,New,Inactive,2021
CUST-003638,William Al-Qahtani,william.alqahtani@hotmail.com,9.66598E+12,Buraidah,Eastern Province,3/3/2024,Male,47,Loyal,Active,2024
CUST-003639,Abigail Wu,abigail.wu@outlook.com,9.66585E+12,Khobar,Riyadh Region,9/9/2020,Male,36,New,Active,2020
CUST-003640,Wang Davis,wang.davis@yahoo.com,9.66546E+12,Riyadh,Al-Jawf Region,5/2/2025,Male,49,Regular,Active,2025
CUST-003641,Sunil Chen,sunil.chen@outlook.com,9.66516E+12,Al-Kharj,Hail Region,11/25/2021,Female,65,VIP,Active,2021
CUST-003642,John Al-Turki,john.alturki@outlook.com,9.66564E+12,Jubail,Al-Bahah Region,8/25/2025,Male,55,Regular,Active,2025
CUST-003643,Michael Kumar,michael.kumar@outlook.com,9.66579E+12,Jubail,Al-Jawf Region,12/29/2025,Male,42,Loyal,Active,2025
CUST-003644,Mohammed Wang,mohammed.wang@hotmail.com,9.66512E+12,Najran,Al-Qassim Region,6/13/2022,Female,64,New,Active,2022
CUST-003645,Ahmed Al-Jaber,ahmed.aljaber@hotmail.com,9.66539E+12,Jeddah,Asir Region,10/28/2023,Female,65,New,Active,2023
CUST-003646,Isabella Patel,isabella.patel@icloud.com,9.66569E+12,Jizan,Northern Borders,3/2/2020,Female,31,VIP,Active,2020
CUST-003647,Karan Mehta,karan.mehta@outlook.com,9.66508E+12,Hail,Makkah Region,12/3/2021,Male,21,New,Inactive,2021
CUST-003648,Reem Al-Malki,reem.almalki@outlook.com,9.6653E+12,Dammam,Northern Borders,6/27/2023,Female,24,New,Active,2023
CUST-003649,Zhang Davis,zhang.davis@hotmail.com,9.66595E+12,Jeddah,Najran Region,11/30/2023,Male,38,Loyal,Active,2023
CUST-003650,Huda Singh,huda.singh@yahoo.com,9.6655E+12,Abha,Jazan Region,1/30/2025,Female,20,Loyal,Active,2025
CUST-003651,Zhao Al-Dosari,zhao.aldosari@hotmail.com,9.66557E+12,Abha,Jazan Region,10/29/2022,Female,64,Regular,Active,2022
CUST-003652,Khalid Smith,khalid.smith@yahoo.com,9.66558E+12,Buraidah,Northern Borders,2/18/2025,Male,23,Loyal,Active,2025
CUST-003653,Nikhil Smith,nikhil.smith@yahoo.com,9.66579E+12,Khobar,Al-Qassim Region,1/26/2023,Female,38,Regular,Active,2023
CUST-003654,Wei Zhou,wei.zhou@outlook.com,9.66574E+12,Al-Kharj,Al-Qassim Region,8/4/2020,Male,21,Regular,Inactive,2020
CUST-003655,Michael Davis,michael.davis@gmail.com,9.66571E+12,Jeddah,Najran Region,12/10/2022,Male,39,New,Active,2022
CUST-003656,Reem Al-Farsi,reem.alfarsi@outlook.com,9.66595E+12,Jubail,Hail Region,6/25/2022,Female,22,Regular,Inactive,2022
CUST-003657,Liu Wang,liu.wang@outlook.com,9.66535E+12,Khobar,Al-Qassim Region,3/10/2023,Female,22,VIP,Active,2023
CUST-003658,Amit Iyer,amit.iyer@yahoo.com,9.66505E+12,Jeddah,Najran Region,12/21/2023,Male,19,Loyal,Active,2023
CUST-003659,Noura Miller,noura.miller@outlook.com,9.66512E+12,Khamis Mushait,Al-Qassim Region,8/2/2025,Female,30,Loyal,Active,2025
CUST-003660,Isabella Johnson,isabella.johnson@outlook.com,9.66559E+12,Tabuk,Al-Jawf Region,6/14/2022,Male,36,New,Inactive,2022
CUST-003661,Khalid Wang,khalid.wang@gmail.com,9.66562E+12,Abha,Asir Region,8/5/2022,Male,50,VIP,Active,2022
CUST-003662,Reem Al-Qahtani,reem.alqahtani@icloud.com,9.66544E+12,Yanbu,Al-Jawf Region,10/26/2024,Male,60,Regular,Active,2024
CUST-003663,Raj Wu,raj.wu@yahoo.com,9.66514E+12,Jubail,Najran Region,7/16/2020,Male,61,New,Active,2020
CUST-003664,Harper Garcia,harper.garcia@outlook.com,9.66577E+12,Jubail,Jazan Region,3/14/2025,Female,33,Loyal,Active,2025
CUST-003665,Pavan Mehta,pavan.mehta@outlook.com,9.66546E+12,Najran,Tabuk Region,9/17/2023,Male,31,VIP,Inactive,2023
CUST-003666,Abdullah Zhou,abdullah.zhou@hotmail.com,9.66544E+12,Najran,Al-Bahah Region,3/30/2021,Male,21,Regular,Active,2021
CUST-003667,Abigail Brown,abigail.brown@icloud.com,9.66556E+12,Tabuk,Asir Region,7/20/2020,Male,30,Regular,Active,2020
CUST-003668,Vikram Al-Qahtani,vikram.alqahtani@yahoo.com,9.66552E+12,Buraidah,Al-Jawf Region,10/31/2025,Female,39,New,Active,2025
CUST-003669,Mohammed Al-Farsi,mohammed.alfarsi@outlook.com,9.66541E+12,Yanbu,Eastern Province,9/26/2024,Male,42,Loyal,Active,2024
CUST-003670,Sunil Al-Zahrani,sunil.alzahrani@hotmail.com,9.66515E+12,Buraidah,Najran Region,5/9/2025,Female,28,New,Active,2025
CUST-003671,Reem Yang,reem.yang@yahoo.com,9.6655E+12,Dammam,Jazan Region,1/31/2025,Male,21,Regular,Inactive,2025
CUST-003672,Reem Al-Ghamdi,reem.alghamdi@outlook.com,9.66595E+12,Jubail,Eastern Province,11/13/2023,Male,60,New,Active,2023
CUST-003673,Lina Al-Khalifa,lina.alkhalifa@hotmail.com,9.66589E+12,Tabuk,Jazan Region,3/7/2025,Male,28,VIP,Inactive,2025
CUST-003674,Fatima Chen,fatima.chen@hotmail.com,9.66589E+12,Sakaka,Makkah Region,5/14/2023,Female,23,Loyal,Active,2023
CUST-003675,Abigail Zhao,abigail.zhao@gmail.com,9.66595E+12,Hail,Northern Borders,4/15/2023,Female,45,VIP,Active,2023
CUST-003676,Ibrahim Garcia,ibrahim.garcia@icloud.com,9.66501E+12,Taif,Makkah Region,2/26/2024,Male,37,Regular,Inactive,2024
CUST-003677,Robert Li,robert.li@icloud.com,9.66555E+12,Taif,Jazan Region,2/8/2020,Male,50,Loyal,Active,2020
CUST-003678,Evelyn Al-Dosari,evelyn.aldosari@hotmail.com,9.66503E+12,Buraidah,Northern Borders,1/23/2025,Male,65,Regular,Active,2025
CUST-003679,Olivia Al-Farsi,olivia.alfarsi@hotmail.com,9.66503E+12,Khamis Mushait,Al-Bahah Region,4/24/2020,Male,62,VIP,Active,2020
CUST-003680,Matthew Wang,matthew.wang@gmail.com,9.66574E+12,Taif,Al-Bahah Region,9/30/2024,Male,61,Regular,Active,2024
CUST-003681,Richard Al-Zahrani,richard.alzahrani@yahoo.com,9.66541E+12,Jubail,Al-Qassim Region,6/6/2021,Male,42,VIP,Active,2021
CUST-003682,Emma Kumar,emma.kumar@yahoo.com,9.66576E+12,Buraidah,Al-Jawf Region,1/3/2022,Male,26,Loyal,Active,2022
CUST-003683,Karan Zhang,karan.zhang@hotmail.com,9.66516E+12,Jeddah,Northern Borders,5/21/2024,Male,40,VIP,Active,2024
CUST-003684,Abdullah Al-Mutairi,abdullah.almutairi@hotmail.com,9.66557E+12,Yanbu,Makkah Region,9/21/2024,Female,53,VIP,Active,2024
CUST-003685,Amelia Garcia,amelia.garcia@outlook.com,9.66536E+12,Taif,Northern Borders,2/27/2020,Female,54,VIP,Active,2020
CUST-003686,Abdullah Al-Mutairi,abdullah.almutairi@outlook.com,9.66512E+12,Abha,Asir Region,9/30/2023,Female,30,Regular,Active,2023
CUST-003687,Rana Sharma,rana.sharma@gmail.com,9.66583E+12,Najran,Northern Borders,7/13/2024,Male,55,Regular,Active,2024
CUST-003688,Ibrahim Al-Faisal,ibrahim.alfaisal@outlook.com,9.66597E+12,Buraidah,Najran Region,5/7/2024,Female,53,VIP,Inactive,2024
CUST-003689,Emma Huang,emma.huang@icloud.com,9.66596E+12,Tabuk,Makkah Region,10/6/2024,Male,21,VIP,Active,2024
CUST-003690,Olivia Al-Saud,olivia.alsaud@gmail.com,9.66544E+12,Jizan,Al-Qassim Region,1/20/2022,Male,40,New,Active,2022
CUST-003691,Rana Al-Malki,rana.almalki@yahoo.com,9.66503E+12,Dammam,Jazan Region,2/27/2023,Female,55,New,Active,2023
CUST-003692,Olivia Gupta,olivia.gupta@yahoo.com,9.66519E+12,Mecca,Al-Qassim Region,8/19/2025,Female,33,Loyal,Active,2025
CUST-003693,Wang Liu,wang.liu@hotmail.com,9.66554E+12,Jizan,Riyadh Region,9/16/2024,Male,29,Regular,Active,2024
CUST-003694,Richard Williams,richard.williams@hotmail.com,9.66567E+12,Tabuk,Al-Jawf Region,12/16/2023,Female,47,VIP,Active,2023
CUST-003695,Abigail Al-Mahmoud,abigail.almahmoud@hotmail.com,9.66529E+12,Khamis Mushait,Tabuk Region,9/22/2020,Male,37,New,Active,2020
CUST-003696,Noura Al-Khalifa,noura.alkhalifa@yahoo.com,9.66574E+12,Riyadh,Asir Region,6/6/2021,Female,51,Regular,Active,2021
CUST-003697,Dana Al-Mutairi,dana.almutairi@outlook.com,9.66535E+12,Dammam,Al-Jawf Region,7/28/2022,Female,44,New,Active,2022
CUST-003698,Charlotte Zhang,charlotte.zhang@yahoo.com,9.66504E+12,Qassim,Riyadh Region,10/24/2024,Female,50,Loyal,Active,2024
CUST-003699,Arjun Al-Shehri,arjun.alshehri@icloud.com,9.66554E+12,Mecca,Al-Bahah Region,2/25/2021,Male,59,Regular,Inactive,2021
CUST-003700,Pavan Al-Qahtani,pavan.alqahtani@outlook.com,9.66579E+12,Riyadh,Asir Region,5/21/2024,Female,42,Loyal,Active,2024
CUST-003701,William Al-Faisal,william.alfaisal@icloud.com,9.66547E+12,Khobar,Najran Region,10/28/2020,Male,28,Loyal,Active,2020
CUST-003702,Harper Zhang,harper.zhang@hotmail.com,9.66551E+12,Tabuk,Asir Region,7/5/2025,Male,63,Regular,Inactive,2025
CUST-003703,Maha Al-Otaibi,maha.alotaibi@yahoo.com,9.66576E+12,Tabuk,Hail Region,3/21/2022,Male,60,Regular,Active,2022
CUST-003704,Sunil Miller,sunil.miller@hotmail.com,9.66527E+12,Hail,Northern Borders,1/23/2025,Male,55,VIP,Active,2025
CUST-003705,Chen Al-Mahmoud,chen.almahmoud@yahoo.com,9.66506E+12,Jizan,Najran Region,2/5/2025,Male,47,New,Active,2025
CUST-003706,Ravi Al-Jaber,ravi.aljaber@outlook.com,9.66553E+12,Buraidah,Al-Qassim Region,4/11/2023,Male,50,VIP,Active,2023
CUST-003707,Li Al-Mahmoud,li.almahmoud@icloud.com,9.66584E+12,Khamis Mushait,Najran Region,11/24/2021,Male,63,New,Active,2021
CUST-003708,Abdullah Davis,abdullah.davis@icloud.com,9.66577E+12,Jubail,Northern Borders,1/3/2023,Male,33,Loyal,Active,2023
CUST-003709,Richard Patel,richard.patel@outlook.com,9.66566E+12,Dammam,Najran Region,11/13/2021,Male,63,Loyal,Active,2021
CUST-003710,Wang Huang,wang.huang@hotmail.com,9.66549E+12,Riyadh,Eastern Province,6/2/2023,Female,55,VIP,Active,2023
CUST-003711,Arjun Al-Khalifa,arjun.alkhalifa@hotmail.com,9.66557E+12,Jubail,Northern Borders,6/6/2024,Male,64,Regular,Inactive,2024
CUST-003712,Mia Iyer,mia.iyer@hotmail.com,9.66551E+12,Jeddah,Al-Bahah Region,1/5/2021,Female,56,VIP,Active,2021
CUST-003713,Sanjay Rao,sanjay.rao@icloud.com,9.66533E+12,Tabuk,Al-Qassim Region,2/2/2024,Male,42,New,Active,2024
CUST-003714,Harper Al-Jaber,harper.aljaber@hotmail.com,9.66513E+12,Al-Ahsa,Riyadh Region,8/27/2024,Female,24,VIP,Active,2024
CUST-003715,Richard Al-Harbi,richard.alharbi@icloud.com,9.66578E+12,Jeddah,Jazan Region,7/10/2021,Male,60,Regular,Active,2021
CUST-003716,Huang Jones,huang.jones@yahoo.com,9.66588E+12,Medina,Makkah Region,10/8/2021,Male,54,Loyal,Active,2021
CUST-003717,Zhang Wang,zhang.wang@outlook.com,9.66537E+12,Khobar,Riyadh Region,3/27/2022,Female,32,VIP,Active,2022
CUST-003718,Sophia Jones,sophia.jones@outlook.com,9.66557E+12,Jubail,Riyadh Region,2/27/2025,Male,55,New,Active,2025
CUST-003719,William Al-Turki,william.alturki@hotmail.com,9.66575E+12,Tabuk,Al-Qassim Region,7/29/2024,Female,48,New,Active,2024
CUST-003720,Rana Reddy,rana.reddy@outlook.com,9.66539E+12,Abha,Makkah Region,5/26/2024,Female,64,New,Inactive,2024
CUST-003721,Sanjay Singh,sanjay.singh@hotmail.com,9.66568E+12,Qassim,Jazan Region,9/14/2022,Male,40,Loyal,Inactive,2022
CUST-003722,Abdullah Al-Ghamdi,abdullah.alghamdi@yahoo.com,9.66554E+12,Medina,Eastern Province,12/22/2021,Female,44,Regular,Active,2021
CUST-003723,Maha Li,maha.li@icloud.com,9.66501E+12,Al-Kharj,Hail Region,10/13/2025,Male,37,New,Active,2025
CUST-003724,Nikhil Rodriguez,nikhil.rodriguez@outlook.com,9.66515E+12,Sakaka,Jazan Region,2/23/2020,Male,19,New,Inactive,2020
CUST-003725,Arjun Al-Ghamdi,arjun.alghamdi@gmail.com,9.66574E+12,Khamis Mushait,Najran Region,8/4/2023,Female,43,Loyal,Active,2023
CUST-003726,Raj Martinez,raj.martinez@outlook.com,9.66544E+12,Jizan,Al-Qassim Region,8/8/2022,Male,53,VIP,Active,2022
CUST-003727,Noura Al-Zahrani,noura.alzahrani@icloud.com,9.66585E+12,Al-Kharj,Northern Borders,8/1/2025,Male,51,Regular,Active,2025
CUST-003728,Saad Williams,saad.williams@gmail.com,9.66555E+12,Dammam,Al-Jawf Region,11/2/2022,Male,40,New,Active,2022
CUST-003729,Fahad Zhao,fahad.zhao@gmail.com,9.66536E+12,Sakaka,Tabuk Region,2/28/2020,Female,28,VIP,Active,2020
CUST-003730,Chen Johnson,chen.johnson@hotmail.com,9.66597E+12,Sakaka,Al-Qassim Region,5/28/2020,Male,26,Regular,Inactive,2020
CUST-003731,Mia Al-Hassan,mia.alhassan@outlook.com,9.66567E+12,Jizan,Northern Borders,5/28/2020,Female,28,VIP,Active,2020
CUST-003732,Huang Williams,huang.williams@hotmail.com,9.6651E+12,Tabuk,Al-Qassim Region,4/10/2025,Male,52,Loyal,Active,2025
CUST-003733,Reem Al-Turki,reem.alturki@yahoo.com,9.66508E+12,Medina,Najran Region,3/16/2022,Female,33,Regular,Inactive,2022
CUST-003734,Arjun Brown,arjun.brown@icloud.com,9.66571E+12,Khobar,Northern Borders,4/13/2024,Male,50,Regular,Active,2024
CUST-003735,Emma Al-Ahmari,emma.alahmari@hotmail.com,9.66549E+12,Mecca,Najran Region,8/27/2023,Male,32,Regular,Active,2023
CUST-003736,Khalid Wang,khalid.wang@icloud.com,9.66562E+12,Hail,Jazan Region,1/13/2025,Female,46,Loyal,Active,2025
CUST-003737,Harper Al-Malki,harper.almalki@icloud.com,9.66589E+12,Dammam,Riyadh Region,7/21/2022,Male,27,Loyal,Active,2022
CUST-003738,Li Rao,li.rao@hotmail.com,9.66506E+12,Khamis Mushait,Al-Qassim Region,1/30/2022,Male,61,New,Active,2022
CUST-003739,Richard Al-Rashid,richard.alrashid@outlook.com,9.66578E+12,Khamis Mushait,Jazan Region,3/29/2021,Male,35,Loyal,Active,2021
CUST-003740,Robert Kumar,robert.kumar@hotmail.com,9.66572E+12,Tabuk,Northern Borders,2/28/2023,Female,48,VIP,Active,2023
CUST-003741,Saad Al-Mutairi,saad.almutairi@hotmail.com,9.66554E+12,Al-Ahsa,Hail Region,12/28/2021,Female,46,VIP,Active,2021
CUST-003742,Karan Liu,karan.liu@icloud.com,9.66525E+12,Dammam,Al-Bahah Region,9/13/2024,Male,63,New,Inactive,2024
CUST-003743,James Al-Zahrani,james.alzahrani@gmail.com,9.66515E+12,Yanbu,Jazan Region,10/19/2022,Male,52,VIP,Active,2022
CUST-003744,John Mehta,john.mehta@outlook.com,9.66547E+12,Jubail,Riyadh Region,2/17/2024,Male,60,Loyal,Inactive,2024
CUST-003745,Ahmed Wu,ahmed.wu@icloud.com,9.66538E+12,Tabuk,Makkah Region,7/3/2022,Female,45,VIP,Active,2022
CUST-003746,Fatima Al-Nasser,fatima.alnasser@outlook.com,9.66558E+12,Yanbu,Riyadh Region,10/15/2022,Female,65,VIP,Active,2022
CUST-003747,Aisha Al-Mutairi,aisha.almutairi@yahoo.com,9.66538E+12,Al-Kharj,Eastern Province,9/27/2022,Female,57,VIP,Active,2022
CUST-003748,Maha Al-Jaber,maha.aljaber@hotmail.com,9.66572E+12,Hail,Makkah Region,7/21/2023,Female,64,Loyal,Inactive,2023
CUST-003749,Raj Al-Malki,raj.almalki@outlook.com,9.66538E+12,Qassim,Riyadh Region,4/9/2022,Male,35,Regular,Active,2022
CUST-003750,Fahad Gupta,fahad.gupta@gmail.com,9.66586E+12,Khobar,Al-Bahah Region,9/25/2025,Female,55,Loyal,Active,2025
CUST-003751,Emma Nair,emma.nair@yahoo.com,9.66539E+12,Jubail,Riyadh Region,5/6/2022,Female,59,VIP,Active,2022
CUST-003752,Charlotte Al-Nasser,charlotte.alnasser@outlook.com,9.66527E+12,Khamis Mushait,Makkah Region,2/14/2022,Male,57,Regular,Active,2022
CUST-003753,Amit Huang,amit.huang@hotmail.com,9.66513E+12,Abha,Eastern Province,9/21/2025,Male,43,Regular,Active,2025
CUST-003754,Huda Al-Dosari,huda.aldosari@icloud.com,9.66542E+12,Khamis Mushait,Hail Region,1/29/2023,Female,41,VIP,Active,2023
CUST-003755,Wang Chen,wang.chen@icloud.com,9.66525E+12,Qassim,Najran Region,9/6/2022,Male,34,New,Active,2022
CUST-003756,Yang Jones,yang.jones@hotmail.com,9.66564E+12,Riyadh,Asir Region,10/11/2021,Male,45,Loyal,Active,2021
CUST-003757,John Al-Turki,john.alturki@hotmail.com,9.66591E+12,Buraidah,Jazan Region,4/6/2024,Female,46,New,Active,2024
CUST-003758,Wang Zhang,wang.zhang@icloud.com,9.6657E+12,Dammam,Makkah Region,3/8/2022,Male,65,VIP,Active,2022
CUST-003759,Isabella Nair,isabella.nair@yahoo.com,9.66586E+12,Qassim,Hail Region,4/29/2024,Female,58,Regular,Active,2024
CUST-003760,Daniel Gupta,daniel.gupta@gmail.com,9.66588E+12,Khobar,Asir Region,3/24/2020,Male,41,Loyal,Active,2020
CUST-003761,Isabella Wu,isabella.wu@hotmail.com,9.66567E+12,Tabuk,Northern Borders,5/7/2022,Male,43,Regular,Active,2022
CUST-003762,Mohammed Yang,mohammed.yang@hotmail.com,9.66562E+12,Medina,Jazan Region,10/7/2021,Female,27,New,Active,2021
CUST-003763,Noura Al-Mutairi,noura.almutairi@outlook.com,9.66549E+12,Jeddah,Najran Region,3/9/2023,Female,36,New,Active,2023
CUST-003764,Thomas Garcia,thomas.garcia@hotmail.com,9.66531E+12,Abha,Makkah Region,9/7/2020,Male,42,Loyal,Active,2020
CUST-003765,Nikhil Gupta,nikhil.gupta@outlook.com,9.66523E+12,Khamis Mushait,Tabuk Region,1/26/2024,Female,37,New,Active,2024
CUST-003766,Pavan Al-Rashid,pavan.alrashid@icloud.com,9.66557E+12,Sakaka,Northern Borders,9/15/2021,Male,54,VIP,Active,2021
CUST-003767,Pavan Al-Zahrani,pavan.alzahrani@gmail.com,9.66585E+12,Khamis Mushait,Northern Borders,11/22/2020,Male,42,Loyal,Active,2020
CUST-003768,Sanjay Al-Turki,sanjay.alturki@gmail.com,9.66526E+12,Riyadh,Tabuk Region,9/11/2024,Male,58,New,Active,2024
CUST-003769,Rana Zhou,rana.zhou@hotmail.com,9.66538E+12,Sakaka,Makkah Region,4/4/2024,Male,37,VIP,Active,2024
CUST-003770,Mohammed Nair,mohammed.nair@outlook.com,9.66578E+12,Qassim,Tabuk Region,8/1/2023,Female,32,Regular,Active,2023
CUST-003771,Thomas Patel,thomas.patel@gmail.com,9.66525E+12,Dammam,Asir Region,11/19/2025,Male,40,VIP,Active,2025
CUST-003772,Zhang Al-Rashid,zhang.alrashid@outlook.com,9.66512E+12,Riyadh,Al-Jawf Region,3/15/2025,Male,57,VIP,Active,2025
CUST-003773,Sara Garcia,sara.garcia@gmail.com,9.6656E+12,Riyadh,Northern Borders,11/11/2024,Female,24,VIP,Inactive,2024
CUST-003774,Michael Jones,michael.jones@yahoo.com,9.66533E+12,Jubail,Makkah Region,11/9/2022,Female,54,VIP,Active,2022
CUST-003775,Rana Al-Khalifa,rana.alkhalifa@gmail.com,9.66529E+12,Qassim,Al-Bahah Region,11/10/2021,Female,55,Regular,Active,2021
CUST-003776,Ahmed Johnson,ahmed.johnson@icloud.com,9.66582E+12,Najran,Al-Jawf Region,1/11/2022,Male,50,VIP,Active,2022
CUST-003777,Abdullah Rao,abdullah.rao@outlook.com,9.66581E+12,Medina,Eastern Province,9/4/2024,Female,28,VIP,Active,2024
CUST-003778,Zhang Kumar,zhang.kumar@gmail.com,9.66574E+12,Dammam,Tabuk Region,9/16/2020,Male,56,VIP,Active,2020
CUST-003779,Omar Garcia,omar.garcia@yahoo.com,9.66552E+12,Khobar,Jazan Region,10/23/2022,Female,27,Regular,Inactive,2022
CUST-003780,Lina Zhang,lina.zhang@hotmail.com,9.66542E+12,Abha,Jazan Region,5/28/2024,Female,34,Regular,Inactive,2024
CUST-003781,Harper Zhao,harper.zhao@hotmail.com,9.66529E+12,Najran,Al-Bahah Region,11/18/2025,Male,30,Regular,Active,2025
CUST-003782,Isabella Nair,isabella.nair@hotmail.com,9.66515E+12,Qassim,Northern Borders,10/3/2022,Male,55,New,Inactive,2022
CUST-003783,John Al-Otaibi,john.alotaibi@hotmail.com,9.66505E+12,Khamis Mushait,Jazan Region,3/9/2021,Female,55,New,Active,2021
CUST-003784,Abdullah Yang,abdullah.yang@yahoo.com,9.66537E+12,Jubail,Eastern Province,3/5/2021,Male,57,New,Active,2021
CUST-003785,Rana Rodriguez,rana.rodriguez@hotmail.com,9.66579E+12,Abha,Al-Qassim Region,3/15/2021,Male,48,New,Active,2021
CUST-003786,Rana Al-Hassan,rana.alhassan@gmail.com,9.66504E+12,Taif,Hail Region,6/3/2024,Female,51,Loyal,Active,2024
CUST-003787,Karan Li,karan.li@yahoo.com,9.66575E+12,Taif,Al-Qassim Region,3/29/2024,Female,42,New,Active,2024
CUST-003788,Yousef Jones,yousef.jones@outlook.com,9.66562E+12,Buraidah,Jazan Region,12/14/2022,Male,27,New,Inactive,2022
CUST-003789,Saad Chen,saad.chen@gmail.com,9.66537E+12,Khamis Mushait,Al-Qassim Region,5/13/2022,Male,40,Regular,Inactive,2022
CUST-003790,Karan Zhao,karan.zhao@hotmail.com,9.66505E+12,Tabuk,Al-Qassim Region,10/8/2022,Female,25,Loyal,Active,2022
CUST-003791,Yousef Reddy,yousef.reddy@icloud.com,9.66557E+12,Al-Ahsa,Hail Region,6/26/2021,Female,44,VIP,Inactive,2021
CUST-003792,Wu Al-Ghamdi,wu.alghamdi@yahoo.com,9.66517E+12,Tabuk,Northern Borders,4/8/2025,Male,47,VIP,Active,2025
CUST-003793,Rana Al-Faisal,rana.alfaisal@icloud.com,9.66514E+12,Hail,Asir Region,6/19/2025,Female,35,Regular,Inactive,2025
CUST-003794,Wang Zhang,wang.zhang@yahoo.com,9.66594E+12,Riyadh,Asir Region,1/5/2024,Male,56,VIP,Active,2024
CUST-003795,Sanjay Al-Mutairi,sanjay.almutairi@outlook.com,9.66508E+12,Qassim,Hail Region,2/9/2022,Male,56,Loyal,Active,2022
CUST-003796,Reem Al-Hassan,reem.alhassan@gmail.com,9.66512E+12,Taif,Al-Qassim Region,6/25/2025,Female,47,VIP,Active,2025
CUST-003797,Amit Li,amit.li@yahoo.com,9.66577E+12,Jeddah,Tabuk Region,6/12/2020,Female,47,New,Inactive,2020
CUST-003798,Dana Sharma,dana.sharma@outlook.com,9.66559E+12,Jubail,Jazan Region,8/12/2022,Female,24,New,Active,2022
CUST-003799,Nikhil Al-Dosari,nikhil.aldosari@hotmail.com,9.66506E+12,Jubail,Asir Region,7/2/2024,Male,21,New,Active,2024
CUST-003800,Li Al-Ahmari,li.alahmari@outlook.com,9.66557E+12,Sakaka,Al-Jawf Region,2/12/2023,Male,20,Loyal,Active,2023
CUST-003801,Li Al-Zahrani,li.alzahrani@icloud.com,9.66587E+12,Al-Ahsa,Makkah Region,10/4/2024,Male,42,VIP,Inactive,2024
CUST-003802,Matthew Johnson,matthew.johnson@yahoo.com,9.66564E+12,Buraidah,Makkah Region,5/1/2021,Male,34,VIP,Active,2021
CUST-003803,Charlotte Al-Hassan,charlotte.alhassan@outlook.com,9.66572E+12,Dammam,Northern Borders,9/4/2023,Female,62,Regular,Inactive,2023
CUST-003804,Wang Al-Shehri,wang.alshehri@icloud.com,9.66529E+12,Medina,Eastern Province,7/2/2025,Female,59,Regular,Active,2025
CUST-003805,Amelia Al-Dosari,amelia.aldosari@icloud.com,9.66519E+12,Jizan,Riyadh Region,12/10/2025,Female,24,VIP,Inactive,2025
CUST-003806,Nikhil Singh,nikhil.singh@hotmail.com,9.66537E+12,Abha,Riyadh Region,2/13/2023,Male,47,Loyal,Active,2023
CUST-003807,Abdullah Liu,abdullah.liu@hotmail.com,9.66559E+12,Jizan,Jazan Region,3/30/2020,Female,25,Loyal,Inactive,2020
CUST-003808,Wang Miller,wang.miller@hotmail.com,9.66582E+12,Taif,Al-Bahah Region,6/5/2023,Male,18,New,Active,2023
CUST-003809,Ali Rao,ali.rao@hotmail.com,9.66562E+12,Dammam,Asir Region,5/18/2021,Male,64,Loyal,Active,2021
CUST-003810,Nikhil Al-Harbi,nikhil.alharbi@outlook.com,9.66598E+12,Khobar,Al-Qassim Region,8/10/2024,Male,29,VIP,Active,2024
CUST-003811,Ibrahim Mehta,ibrahim.mehta@yahoo.com,9.66544E+12,Al-Kharj,Al-Bahah Region,6/11/2025,Male,41,New,Inactive,2025
CUST-003812,Emma Al-Mutairi,emma.almutairi@yahoo.com,9.66566E+12,Hail,Tabuk Region,12/29/2024,Female,50,Loyal,Inactive,2024
CUST-003813,Ravi Al-Turki,ravi.alturki@yahoo.com,9.66572E+12,Jeddah,Al-Bahah Region,8/14/2023,Male,55,Regular,Active,2023
CUST-003814,Vikram Al-Hassan,vikram.alhassan@icloud.com,9.66507E+12,Jubail,Jazan Region,5/8/2021,Female,30,Loyal,Active,2021
CUST-003815,Nikhil Al-Saud,nikhil.alsaud@gmail.com,9.66575E+12,Abha,Al-Bahah Region,3/23/2020,Female,21,Regular,Active,2020
CUST-003816,Robert Al-Ghamdi,robert.alghamdi@gmail.com,9.66543E+12,Tabuk,Makkah Region,8/2/2024,Female,49,Loyal,Active,2024
CUST-003817,Ibrahim Wang,ibrahim.wang@gmail.com,9.66572E+12,Dammam,Jazan Region,4/3/2025,Male,46,Loyal,Active,2025
CUST-003818,Sanjay Kumar,sanjay.kumar@gmail.com,9.66565E+12,Khobar,Al-Bahah Region,2/21/2025,Male,54,New,Active,2025
CUST-003819,Noura Zhang,noura.zhang@icloud.com,9.66518E+12,Yanbu,Jazan Region,6/16/2024,Male,28,Loyal,Active,2024
CUST-003820,Ibrahim Al-Khalifa,ibrahim.alkhalifa@hotmail.com,9.66544E+12,Mecca,Northern Borders,8/8/2022,Male,38,VIP,Active,2022
CUST-003821,Maha Wang,maha.wang@yahoo.com,9.66557E+12,Jeddah,Tabuk Region,4/21/2024,Female,50,Regular,Active,2024
CUST-003822,Karan Brown,karan.brown@outlook.com,9.66591E+12,Jizan,Al-Bahah Region,3/16/2021,Female,63,VIP,Active,2021
CUST-003823,Arjun Johnson,arjun.johnson@outlook.com,9.66514E+12,Taif,Riyadh Region,4/14/2025,Male,23,Regular,Active,2025
CUST-003824,Wei Al-Jaber,wei.aljaber@gmail.com,9.66566E+12,Al-Ahsa,Northern Borders,7/20/2024,Female,36,New,Active,2024
CUST-003825,Lina Al-Khalifa,lina.alkhalifa@yahoo.com,9.66543E+12,Medina,Al-Bahah Region,8/14/2024,Female,32,VIP,Active,2024
CUST-003826,Ravi Smith,ravi.smith@icloud.com,9.66562E+12,Al-Ahsa,Najran Region,2/19/2020,Female,53,New,Active,2020
CUST-003827,Isabella Al-Harbi,isabella.alharbi@hotmail.com,9.66574E+12,Khobar,Makkah Region,7/4/2022,Female,46,Loyal,Active,2022
CUST-003828,David Singh,david.singh@hotmail.com,9.66526E+12,Medina,Hail Region,5/3/2021,Male,46,New,Active,2021
CUST-003829,Arjun Sharma,arjun.sharma@outlook.com,9.66506E+12,Khobar,Al-Qassim Region,3/9/2024,Male,53,Loyal,Inactive,2024
CUST-003830,Olivia Davis,olivia.davis@hotmail.com,9.66513E+12,Tabuk,Hail Region,11/12/2024,Male,38,Loyal,Inactive,2024
CUST-003831,Ibrahim Reddy,ibrahim.reddy@yahoo.com,9.66557E+12,Riyadh,Riyadh Region,4/17/2024,Male,39,VIP,Active,2024
CUST-003832,James Al-Qahtani,james.alqahtani@outlook.com,9.66597E+12,Najran,Makkah Region,4/2/2022,Female,51,VIP,Inactive,2022
CUST-003833,Michael Brown,michael.brown@gmail.com,9.66527E+12,Tabuk,Tabuk Region,10/25/2022,Female,51,New,Active,2022
CUST-003834,Abigail Li,abigail.li@outlook.com,9.66523E+12,Tabuk,Tabuk Region,9/3/2024,Male,43,VIP,Active,2024
CUST-003835,Khalid Kumar,khalid.kumar@yahoo.com,9.66566E+12,Abha,Eastern Province,8/1/2021,Male,61,VIP,Active,2021
CUST-003836,Ali Al-Khalifa,ali.alkhalifa@icloud.com,9.66511E+12,Medina,Tabuk Region,12/2/2025,Male,28,Loyal,Active,2025
CUST-003837,Abigail Yang,abigail.yang@icloud.com,9.66542E+12,Qassim,Al-Qassim Region,10/25/2022,Male,46,VIP,Inactive,2022
CUST-003838,Arjun Al-Nasser,arjun.alnasser@gmail.com,9.66526E+12,Khamis Mushait,Makkah Region,6/19/2025,Male,18,New,Inactive,2025
CUST-003839,Zhang Al-Otaibi,zhang.alotaibi@hotmail.com,9.66588E+12,Al-Kharj,Al-Qassim Region,2/18/2020,Female,59,New,Inactive,2020
CUST-003840,Abdullah Davis,abdullah.davis@gmail.com,9.66534E+12,Buraidah,Al-Bahah Region,4/13/2020,Female,20,New,Active,2020
CUST-003841,Michael Gupta,michael.gupta@yahoo.com,9.6656E+12,Khamis Mushait,Al-Bahah Region,11/4/2024,Male,58,Regular,Active,2024
CUST-003842,Nikhil Garcia,nikhil.garcia@gmail.com,9.66517E+12,Yanbu,Al-Qassim Region,5/27/2023,Female,19,Regular,Active,2023
CUST-003843,Sara Rodriguez,sara.rodriguez@outlook.com,9.66577E+12,Taif,Eastern Province,9/2/2025,Male,27,VIP,Inactive,2025
CUST-003844,Isabella Williams,isabella.williams@outlook.com,9.66522E+12,Al-Ahsa,Tabuk Region,9/16/2025,Female,55,VIP,Inactive,2025
CUST-003845,Khalid Johnson,khalid.johnson@outlook.com,9.66509E+12,Dammam,Riyadh Region,9/29/2022,Male,23,VIP,Active,2022
CUST-003846,James Nair,james.nair@hotmail.com,9.66573E+12,Yanbu,Northern Borders,12/22/2023,Female,50,New,Active,2023
CUST-003847,Mohammed Rodriguez,mohammed.rodriguez@icloud.com,9.66596E+12,Jeddah,Tabuk Region,8/21/2022,Female,36,New,Active,2022
CUST-003848,Maha Patel,maha.patel@gmail.com,9.66586E+12,Dammam,Al-Bahah Region,8/15/2023,Male,26,Regular,Active,2023
CUST-003849,Mohammed Wang,mohammed.wang@yahoo.com,9.66548E+12,Jubail,Northern Borders,11/9/2022,Male,29,Loyal,Active,2022
CUST-003850,Huang Brown,huang.brown@icloud.com,9.66556E+12,Jubail,Tabuk Region,8/6/2023,Female,25,New,Active,2023
CUST-003851,Zhang Zhang,zhang.zhang@yahoo.com,9.66594E+12,Buraidah,Riyadh Region,10/23/2025,Male,41,VIP,Active,2025
CUST-003852,Wang Al-Farsi,wang.alfarsi@outlook.com,9.66588E+12,Najran,Al-Qassim Region,9/19/2025,Male,55,Regular,Active,2025
CUST-003853,Thomas Zhou,thomas.zhou@outlook.com,9.66556E+12,Sakaka,Asir Region,12/29/2021,Female,60,Loyal,Active,2021
CUST-003854,Matthew Iyer,matthew.iyer@yahoo.com,9.66524E+12,Yanbu,Najran Region,8/24/2022,Male,29,Loyal,Active,2022
CUST-003855,Lina Miller,lina.miller@gmail.com,9.66584E+12,Sakaka,Al-Bahah Region,11/11/2023,Female,58,Loyal,Inactive,2023
CUST-003856,Chen Al-Khalifa,chen.alkhalifa@gmail.com,9.66523E+12,Khamis Mushait,Riyadh Region,12/26/2020,Female,49,New,Active,2020
CUST-003857,Richard Al-Malki,richard.almalki@icloud.com,9.66546E+12,Riyadh,Eastern Province,5/2/2024,Female,35,Loyal,Active,2024
CUST-003858,Nikhil Sharma,nikhil.sharma@yahoo.com,9.66542E+12,Buraidah,Al-Bahah Region,10/7/2022,Male,19,Regular,Active,2022
CUST-003859,Huda Al-Khalifa,huda.alkhalifa@gmail.com,9.66587E+12,Yanbu,Jazan Region,7/23/2020,Female,45,Loyal,Active,2020
CUST-003860,Emma Wang,emma.wang@yahoo.com,9.66502E+12,Mecca,Al-Jawf Region,9/8/2020,Female,18,Regular,Inactive,2020
CUST-003861,Rana Garcia,rana.garcia@outlook.com,9.66583E+12,Jizan,Riyadh Region,12/13/2020,Female,48,Loyal,Inactive,2020
CUST-003862,Pavan Patel,pavan.patel@yahoo.com,9.66535E+12,Dammam,Eastern Province,8/22/2023,Male,55,Regular,Inactive,2023
CUST-003863,Yousef Al-Malki,yousef.almalki@hotmail.com,9.66526E+12,Jubail,Jazan Region,1/21/2025,Male,47,Loyal,Active,2025
CUST-003864,James Rao,james.rao@hotmail.com,9.66503E+12,Medina,Al-Jawf Region,11/4/2025,Female,29,New,Active,2025
CUST-003865,Wu Rodriguez,wu.rodriguez@icloud.com,9.66547E+12,Jeddah,Asir Region,3/30/2024,Male,51,Regular,Inactive,2024
CUST-003866,Chen Reddy,chen.reddy@icloud.com,9.66578E+12,Khamis Mushait,Tabuk Region,12/23/2021,Male,65,VIP,Active,2021
CUST-003867,Michael Al-Mutairi,michael.almutairi@icloud.com,9.66584E+12,Najran,Al-Jawf Region,8/22/2025,Female,46,Loyal,Active,2025
CUST-003868,Yang Gupta,yang.gupta@icloud.com,9.66539E+12,Khobar,Najran Region,10/26/2023,Male,26,New,Active,2023
CUST-003869,Wu Kumar,wu.kumar@hotmail.com,9.66562E+12,Yanbu,Al-Bahah Region,4/26/2025,Female,44,Loyal,Active,2025
CUST-003870,Isabella Al-Turki,isabella.alturki@gmail.com,9.66589E+12,Khamis Mushait,Northern Borders,5/31/2022,Female,65,New,Active,2022
CUST-003871,Liu Huang,liu.huang@hotmail.com,9.66595E+12,Hail,Al-Qassim Region,7/7/2021,Male,25,VIP,Active,2021
CUST-003872,Fatima Jones,fatima.jones@hotmail.com,9.66502E+12,Sakaka,Tabuk Region,3/1/2025,Male,49,Loyal,Inactive,2025
CUST-003873,Thomas Al-Malki,thomas.almalki@outlook.com,9.66538E+12,Al-Kharj,Northern Borders,12/17/2023,Female,54,Loyal,Active,2023
CUST-003874,Amelia Al-Qahtani,amelia.alqahtani@outlook.com,9.66589E+12,Dammam,Eastern Province,3/24/2020,Male,53,New,Active,2020
CUST-003875,Wei Al-Otaibi,wei.alotaibi@gmail.com,9.66543E+12,Khamis Mushait,Northern Borders,8/31/2024,Male,43,Regular,Active,2024
CUST-003876,Fahad Kumar,fahad.kumar@outlook.com,9.66559E+12,Hail,Makkah Region,11/3/2022,Male,54,Loyal,Active,2022
CUST-003877,Saad Al-Saud,saad.alsaud@gmail.com,9.66581E+12,Riyadh,Al-Bahah Region,12/22/2022,Female,50,Loyal,Active,2022
CUST-003878,Maha Smith,maha.smith@yahoo.com,9.6658E+12,Buraidah,Al-Bahah Region,6/2/2024,Female,40,Regular,Inactive,2024
CUST-003879,Dana Liu,dana.liu@yahoo.com,9.66506E+12,Medina,Jazan Region,5/24/2021,Female,27,VIP,Active,2021
CUST-003880,Fatima Al-Faisal,fatima.alfaisal@yahoo.com,9.66544E+12,Abha,Hail Region,8/8/2022,Female,47,VIP,Active,2022
CUST-003881,Karan Wang,karan.wang@outlook.com,9.66574E+12,Taif,Al-Bahah Region,6/16/2021,Female,39,Loyal,Active,2021
CUST-003882,Omar Brown,omar.brown@gmail.com,9.66505E+12,Al-Kharj,Jazan Region,1/12/2021,Female,18,Loyal,Active,2021
CUST-003883,Khalid Al-Saud,khalid.alsaud@yahoo.com,9.66581E+12,Yanbu,Makkah Region,5/24/2020,Female,34,Loyal,Active,2020
CUST-003884,Yang Al-Hassan,yang.alhassan@outlook.com,9.66598E+12,Taif,Jazan Region,9/12/2021,Male,47,New,Active,2021
CUST-003885,Reem Al-Jaber,reem.aljaber@yahoo.com,9.66556E+12,Yanbu,Najran Region,9/30/2022,Male,31,Regular,Active,2022
CUST-003886,Pavan Williams,pavan.williams@outlook.com,9.66596E+12,Dammam,Hail Region,8/27/2023,Female,64,Loyal,Active,2023
CUST-003887,Noura Kumar,noura.kumar@gmail.com,9.66579E+12,Mecca,Al-Bahah Region,8/14/2020,Female,29,Regular,Inactive,2020
CUST-003888,Dana Mehta,dana.mehta@outlook.com,9.66547E+12,Mecca,Eastern Province,3/31/2024,Male,34,Regular,Active,2024
CUST-003889,Arjun Garcia,arjun.garcia@gmail.com,9.66596E+12,Khobar,Jazan Region,9/29/2023,Female,62,VIP,Active,2023
CUST-003890,Lina Zhao,lina.zhao@gmail.com,9.66595E+12,Mecca,Al-Jawf Region,10/11/2023,Female,43,Regular,Active,2023
CUST-003891,Omar Al-Faisal,omar.alfaisal@outlook.com,9.66536E+12,Dammam,Al-Bahah Region,4/28/2021,Male,40,New,Active,2021
CUST-003892,Rana Al-Ghamdi,rana.alghamdi@outlook.com,9.66587E+12,Jeddah,Tabuk Region,8/15/2025,Male,23,Regular,Active,2025
CUST-003893,Pavan Al-Nasser,pavan.alnasser@yahoo.com,9.66579E+12,Abha,Al-Qassim Region,8/29/2024,Female,28,Loyal,Active,2024
CUST-003894,Pavan Wu,pavan.wu@hotmail.com,9.66598E+12,Jizan,Jazan Region,3/2/2025,Female,62,New,Active,2025
CUST-003895,James Martinez,james.martinez@icloud.com,9.66599E+12,Jeddah,Jazan Region,12/31/2020,Male,62,Loyal,Inactive,2020
CUST-003896,Pavan Wu,pavan.wu@gmail.com,9.66555E+12,Qassim,Eastern Province,5/12/2025,Male,21,Regular,Inactive,2025
CUST-003897,Huda Brown,huda.brown@gmail.com,9.66533E+12,Jizan,Najran Region,3/9/2022,Female,34,Loyal,Active,2022
CUST-003898,Sara Al-Shehri,sara.alshehri@yahoo.com,9.66568E+12,Qassim,Tabuk Region,11/6/2020,Female,49,Loyal,Active,2020
CUST-003899,Ravi Al-Malki,ravi.almalki@icloud.com,9.66518E+12,Taif,Eastern Province,3/13/2024,Male,64,VIP,Active,2024
CUST-003900,Pavan Al-Qahtani,pavan.alqahtani@outlook.com,9.6657E+12,Najran,Hail Region,10/3/2021,Male,32,VIP,Active,2021
CUST-003901,Yang Al-Malki,yang.almalki@icloud.com,9.66558E+12,Jubail,Al-Jawf Region,4/15/2020,Female,30,New,Active,2020
CUST-003902,Nikhil Al-Farsi,nikhil.alfarsi@icloud.com,9.66529E+12,Abha,Asir Region,1/1/2024,Male,52,Loyal,Inactive,2024
CUST-003903,Abigail Li,abigail.li@gmail.com,9.66554E+12,Najran,Al-Qassim Region,8/6/2024,Female,49,Regular,Active,2024
CUST-003904,Isabella Al-Turki,isabella.alturki@hotmail.com,9.66575E+12,Yanbu,Tabuk Region,1/14/2024,Female,20,Loyal,Active,2024
CUST-003905,Huang Liu,huang.liu@yahoo.com,9.66511E+12,Medina,Najran Region,12/18/2023,Male,51,New,Inactive,2023
CUST-003906,Emma Kumar,emma.kumar@outlook.com,9.66546E+12,Riyadh,Al-Bahah Region,10/18/2023,Male,59,New,Active,2023
CUST-003907,Isabella Al-Rashid,isabella.alrashid@gmail.com,9.66509E+12,Qassim,Al-Jawf Region,9/18/2024,Female,56,Loyal,Active,2024
CUST-003908,Rana Li,rana.li@outlook.com,9.66519E+12,Tabuk,Jazan Region,12/16/2025,Female,42,Regular,Active,2025
CUST-003909,Wei Al-Saud,wei.alsaud@hotmail.com,9.66565E+12,Abha,Asir Region,8/16/2022,Female,46,Loyal,Active,2022
CUST-003910,Sanjay Huang,sanjay.huang@outlook.com,9.66534E+12,Jubail,Al-Qassim Region,8/28/2021,Male,62,Loyal,Active,2021
CUST-003911,Sophia Al-Ahmari,sophia.alahmari@icloud.com,9.66516E+12,Riyadh,Eastern Province,6/14/2022,Female,36,Regular,Inactive,2022
CUST-003912,Yang Al-Saud,yang.alsaud@outlook.com,9.66535E+12,Hail,Riyadh Region,8/16/2023,Male,25,VIP,Active,2023
CUST-003913,John Al-Saud,john.alsaud@gmail.com,9.66547E+12,Dammam,Northern Borders,4/18/2020,Female,59,Loyal,Active,2020
CUST-003914,Evelyn Al-Shehri,evelyn.alshehri@hotmail.com,9.66559E+12,Jubail,Jazan Region,8/25/2022,Female,42,New,Inactive,2022
CUST-003915,Mia Al-Nasser,mia.alnasser@hotmail.com,9.66593E+12,Sakaka,Najran Region,1/16/2021,Female,37,Loyal,Active,2021
CUST-003916,Robert Iyer,robert.iyer@hotmail.com,9.66539E+12,Al-Ahsa,Al-Jawf Region,12/5/2025,Female,51,Loyal,Active,2025
CUST-003917,Sophia Al-Khalifa,sophia.alkhalifa@icloud.com,9.6656E+12,Najran,Jazan Region,4/22/2021,Male,25,VIP,Active,2021
CUST-003918,Rana Al-Mahmoud,rana.almahmoud@icloud.com,9.66562E+12,Yanbu,Asir Region,8/4/2023,Male,39,Loyal,Active,2023
CUST-003919,Emma Wang,emma.wang@outlook.com,9.66544E+12,Al-Ahsa,Al-Jawf Region,10/8/2021,Male,27,Regular,Inactive,2021
CUST-003920,Maha Zhang,maha.zhang@outlook.com,9.66576E+12,Jizan,Makkah Region,11/29/2020,Female,39,VIP,Active,2020
CUST-003921,Harper Al-Turki,harper.alturki@icloud.com,9.66533E+12,Khobar,Al-Qassim Region,6/14/2020,Male,21,VIP,Inactive,2020
CUST-003922,Ahmed Kumar,ahmed.kumar@hotmail.com,9.66553E+12,Al-Ahsa,Asir Region,4/4/2024,Female,53,VIP,Active,2024
CUST-003923,Ali Kumar,ali.kumar@icloud.com,9.66519E+12,Abha,Tabuk Region,5/25/2023,Male,36,Loyal,Active,2023
CUST-003924,Liu Al-Turki,liu.alturki@outlook.com,9.66513E+12,Tabuk,Al-Qassim Region,8/17/2022,Male,21,Loyal,Active,2022
CUST-003925,Huda Williams,huda.williams@hotmail.com,9.66536E+12,Sakaka,Jazan Region,7/9/2023,Male,54,Loyal,Active,2023
CUST-003926,Sophia Johnson,sophia.johnson@gmail.com,9.66596E+12,Riyadh,Najran Region,6/30/2025,Female,58,VIP,Active,2025
CUST-003927,Sophia Al-Faisal,sophia.alfaisal@icloud.com,9.66527E+12,Tabuk,Jazan Region,10/6/2024,Male,21,Loyal,Active,2024
CUST-003928,Lina Zhao,lina.zhao@icloud.com,9.66537E+12,Jizan,Northern Borders,4/21/2020,Female,60,Loyal,Inactive,2020
CUST-003929,Li Kumar,li.kumar@hotmail.com,9.66502E+12,Buraidah,Tabuk Region,1/30/2024,Male,46,Regular,Inactive,2024
CUST-003930,William Smith,william.smith@icloud.com,9.66502E+12,Riyadh,Jazan Region,8/5/2022,Male,62,Regular,Active,2022
CUST-003931,David Al-Farsi,david.alfarsi@outlook.com,9.66583E+12,Najran,Tabuk Region,4/29/2024,Male,19,VIP,Inactive,2024
CUST-003932,Dana Al-Turki,dana.alturki@gmail.com,9.66557E+12,Jubail,Makkah Region,10/4/2020,Female,46,VIP,Active,2020
CUST-003933,Harper Yang,harper.yang@outlook.com,9.66525E+12,Hail,Najran Region,1/5/2021,Female,60,New,Inactive,2021
CUST-003934,Arjun Zhang,arjun.zhang@hotmail.com,9.66508E+12,Hail,Al-Bahah Region,7/15/2023,Male,62,New,Active,2023
CUST-003935,Aisha Al-Khalifa,aisha.alkhalifa@outlook.com,9.66559E+12,Jubail,Eastern Province,11/26/2024,Male,57,VIP,Active,2024
CUST-003936,Nikhil Mehta,nikhil.mehta@gmail.com,9.66552E+12,Tabuk,Riyadh Region,8/1/2024,Female,46,Regular,Active,2024
CUST-003937,Nikhil Al-Malki,nikhil.almalki@icloud.com,9.66515E+12,Jizan,Najran Region,9/19/2022,Female,19,Regular,Active,2022
CUST-003938,Liu Liu,liu.liu@hotmail.com,9.66537E+12,Al-Kharj,Najran Region,9/29/2021,Male,36,Regular,Active,2021
CUST-003939,Fahad Jones,fahad.jones@outlook.com,9.66517E+12,Abha,Riyadh Region,10/11/2024,Male,54,New,Inactive,2024
CUST-003940,James Liu,james.liu@yahoo.com,9.66506E+12,Qassim,Tabuk Region,8/17/2025,Male,45,New,Active,2025
CUST-003941,Daniel Smith,daniel.smith@yahoo.com,9.66586E+12,Yanbu,Hail Region,8/21/2024,Male,43,Loyal,Active,2024
CUST-003942,James Patel,james.patel@icloud.com,9.66557E+12,Abha,Al-Bahah Region,9/1/2023,Female,24,New,Active,2023
CUST-003943,Sanjay Al-Nasser,sanjay.alnasser@outlook.com,9.6658E+12,Dammam,Hail Region,2/18/2020,Female,20,Regular,Active,2020
CUST-003944,Ravi Al-Khalifa,ravi.alkhalifa@icloud.com,9.66598E+12,Qassim,Makkah Region,4/15/2020,Female,38,Loyal,Active,2020
CUST-003945,Noura Singh,noura.singh@outlook.com,9.66585E+12,Najran,Jazan Region,9/2/2021,Male,51,New,Active,2021
CUST-003946,Reem Al-Ahmari,reem.alahmari@gmail.com,9.66542E+12,Najran,Riyadh Region,3/27/2025,Female,55,Regular,Active,2025
CUST-003947,William Gupta,william.gupta@gmail.com,9.66583E+12,Yanbu,Al-Jawf Region,4/14/2021,Male,39,VIP,Active,2021
CUST-003948,Thomas Al-Qahtani,thomas.alqahtani@yahoo.com,9.66541E+12,Taif,Jazan Region,12/30/2023,Male,20,New,Active,2023
CUST-003949,Michael Yang,michael.yang@hotmail.com,9.6651E+12,Qassim,Al-Qassim Region,7/18/2021,Male,58,Loyal,Active,2021
CUST-003950,William Huang,william.huang@icloud.com,9.6651E+12,Jizan,Tabuk Region,6/14/2023,Male,39,Loyal,Active,2023
CUST-003951,Sanjay Al-Mutairi,sanjay.almutairi@icloud.com,9.66504E+12,Jizan,Asir Region,6/10/2022,Female,36,Loyal,Active,2022
CUST-003952,Liu Smith,liu.smith@hotmail.com,9.66555E+12,Khamis Mushait,Al-Bahah Region,2/2/2021,Female,20,Regular,Active,2021
CUST-003953,David Al-Shehri,david.alshehri@hotmail.com,9.66524E+12,Taif,Al-Jawf Region,7/24/2024,Female,62,Regular,Inactive,2024
CUST-003954,Ali Al-Jaber,ali.aljaber@gmail.com,9.66504E+12,Najran,Asir Region,3/15/2020,Female,62,Loyal,Active,2020
CUST-003955,Raj Smith,raj.smith@hotmail.com,9.66515E+12,Riyadh,Al-Jawf Region,3/22/2024,Male,65,Loyal,Active,2024
CUST-003956,Amelia Zhao,amelia.zhao@icloud.com,9.66574E+12,Mecca,Jazan Region,2/26/2020,Male,43,Loyal,Inactive,2020
CUST-003957,Zhao Yang,zhao.yang@gmail.com,9.66531E+12,Abha,Al-Jawf Region,4/19/2023,Female,56,New,Active,2023
CUST-003958,Charlotte Al-Zahrani,charlotte.alzahrani@hotmail.com,9.66502E+12,Jizan,Tabuk Region,8/26/2023,Female,44,Loyal,Active,2023
CUST-003959,James Rao,james.rao@yahoo.com,9.66513E+12,Najran,Asir Region,9/23/2024,Male,26,Loyal,Active,2024
CUST-003960,Harper Zhang,harper.zhang@outlook.com,9.66563E+12,Khobar,Al-Qassim Region,12/23/2023,Female,65,VIP,Active,2023
CUST-003961,Maha Sharma,maha.sharma@gmail.com,9.66582E+12,Al-Kharj,Al-Jawf Region,9/1/2025,Female,25,Loyal,Active,2025
CUST-003962,Vikram Jones,vikram.jones@gmail.com,9.66558E+12,Medina,Northern Borders,5/30/2020,Female,29,Loyal,Active,2020
CUST-003963,Rana Al-Jaber,rana.aljaber@hotmail.com,9.66572E+12,Yanbu,Hail Region,5/31/2020,Female,34,New,Active,2020
CUST-003964,Fatima Iyer,fatima.iyer@hotmail.com,9.66546E+12,Khamis Mushait,Al-Bahah Region,8/10/2021,Female,65,VIP,Active,2021
CUST-003965,Rana Al-Qahtani,rana.alqahtani@icloud.com,9.66514E+12,Al-Ahsa,Najran Region,7/1/2020,Female,56,Loyal,Active,2020
CUST-003966,Yousef Al-Otaibi,yousef.alotaibi@icloud.com,9.66538E+12,Tabuk,Jazan Region,10/6/2022,Female,38,Regular,Active,2022
CUST-003967,Huang Johnson,huang.johnson@outlook.com,9.66561E+12,Jubail,Tabuk Region,5/10/2021,Female,45,VIP,Active,2021
CUST-003968,Ahmed Smith,ahmed.smith@outlook.com,9.66514E+12,Najran,Asir Region,3/2/2023,Male,38,VIP,Active,2023
CUST-003969,Robert Al-Qahtani,robert.alqahtani@icloud.com,9.66533E+12,Yanbu,Al-Bahah Region,9/16/2021,Male,31,VIP,Active,2021
CUST-003970,Liu Al-Mutairi,liu.almutairi@hotmail.com,9.66552E+12,Riyadh,Al-Qassim Region,12/11/2023,Female,26,VIP,Active,2023
CUST-003971,Liu Wang,liu.wang@hotmail.com,9.66506E+12,Jizan,Najran Region,8/23/2025,Male,50,VIP,Inactive,2025
CUST-003972,Wu Johnson,wu.johnson@gmail.com,9.66573E+12,Jubail,Makkah Region,9/11/2021,Female,30,Regular,Active,2021
CUST-003973,Ali Al-Mutairi,ali.almutairi@yahoo.com,9.66594E+12,Jubail,Najran Region,3/7/2021,Male,27,Loyal,Active,2021
CUST-003974,Sara Rao,sara.rao@yahoo.com,9.66533E+12,Yanbu,Eastern Province,1/12/2025,Female,64,Loyal,Active,2025
CUST-003975,Reem Iyer,reem.iyer@icloud.com,9.66558E+12,Khamis Mushait,Makkah Region,4/14/2023,Female,52,Loyal,Active,2023
CUST-003976,Pavan Rodriguez,pavan.rodriguez@icloud.com,9.66529E+12,Buraidah,Tabuk Region,3/5/2022,Male,30,Loyal,Active,2022
CUST-003977,David Al-Saud,david.alsaud@outlook.com,9.66526E+12,Yanbu,Najran Region,12/3/2022,Male,61,VIP,Active,2022
CUST-003978,William Al-Faisal,william.alfaisal@outlook.com,9.6658E+12,Khamis Mushait,Asir Region,2/3/2022,Male,30,New,Active,2022
CUST-003979,Abdullah Al-Hassan,abdullah.alhassan@yahoo.com,9.66517E+12,Al-Ahsa,Al-Qassim Region,3/1/2020,Female,33,VIP,Active,2020
CUST-003980,Zhao Brown,zhao.brown@icloud.com,9.66584E+12,Tabuk,Asir Region,2/21/2021,Female,60,New,Inactive,2021
CUST-003981,Mohammed Al-Zahrani,mohammed.alzahrani@outlook.com,9.66565E+12,Qassim,Riyadh Region,10/7/2021,Male,45,Regular,Inactive,2021
CUST-003982,Omar Al-Ahmari,omar.alahmari@icloud.com,9.66538E+12,Khamis Mushait,Al-Bahah Region,2/5/2024,Male,22,New,Active,2024
CUST-003983,Maha Al-Jaber,maha.aljaber@yahoo.com,9.66597E+12,Qassim,Makkah Region,1/12/2024,Female,33,VIP,Active,2024
CUST-003984,Liu Kumar,liu.kumar@icloud.com,9.66511E+12,Jizan,Northern Borders,2/20/2020,Female,29,Regular,Active,2020
CUST-003985,David Al-Ghamdi,david.alghamdi@hotmail.com,9.66562E+12,Dammam,Northern Borders,12/16/2021,Male,37,Loyal,Inactive,2021
CUST-003986,Raj Wu,raj.wu@yahoo.com,9.66526E+12,Medina,Al-Jawf Region,8/22/2021,Female,59,New,Active,2021
CUST-003987,Michael Al-Harbi,michael.alharbi@outlook.com,9.66522E+12,Jeddah,Najran Region,3/30/2023,Male,22,VIP,Active,2023
CUST-003988,Zhang Zhou,zhang.zhou@icloud.com,9.6658E+12,Riyadh,Northern Borders,7/10/2021,Male,20,Loyal,Active,2021
CUST-003989,Fatima Iyer,fatima.iyer@icloud.com,9.66567E+12,Najran,Riyadh Region,12/24/2025,Male,44,New,Active,2025
CUST-003990,Charlotte Al-Dosari,charlotte.aldosari@yahoo.com,9.66515E+12,Jeddah,Jazan Region,7/14/2022,Female,30,New,Inactive,2022
CUST-003991,Karan Mehta,karan.mehta@gmail.com,9.66544E+12,Al-Kharj,Riyadh Region,3/9/2022,Male,56,Regular,Active,2022
CUST-003992,Zhao Al-Ghamdi,zhao.alghamdi@hotmail.com,9.66563E+12,Jizan,Riyadh Region,5/29/2025,Male,58,Regular,Active,2025
CUST-003993,Olivia Rodriguez,olivia.rodriguez@icloud.com,9.6656E+12,Al-Ahsa,Al-Qassim Region,11/13/2025,Male,22,Regular,Active,2025
CUST-003994,Matthew Jones,matthew.jones@icloud.com,9.66515E+12,Khobar,Eastern Province,4/28/2022,Male,26,Loyal,Active,2022
CUST-003995,Nikhil Kumar,nikhil.kumar@hotmail.com,9.66503E+12,Buraidah,Al-Qassim Region,10/16/2022,Female,49,VIP,Active,2022
CUST-003996,Huda Al-Faisal,huda.alfaisal@gmail.com,9.66588E+12,Jizan,Tabuk Region,1/18/2024,Female,47,New,Active,2024
CUST-003997,Emma Al-Saud,emma.alsaud@icloud.com,9.66525E+12,Yanbu,Asir Region,6/25/2024,Female,56,Regular,Active,2024
CUST-003998,Wang Patel,wang.patel@hotmail.com,9.6656E+12,Riyadh,Tabuk Region,10/9/2023,Male,52,Loyal,Active,2023
CUST-003999,Ali Al-Rashid,ali.alrashid@outlook.com,9.66571E+12,Sakaka,Al-Qassim Region,8/10/2020,Male,25,Loyal,Active,2020
CUST-004000,Saad Al-Saud,saad.alsaud@gmail.com,9.66536E+12,Al-Kharj,Al-Bahah Region,8/11/2025,Male,36,Regular,Active,2025
CUST-004001,Huda Al-Ahmari,huda.alahmari@hotmail.com,9.66569E+12,Yanbu,Tabuk Region,3/16/2020,Male,21,New,Active,2020
CUST-004002,William Al-Otaibi,william.alotaibi@gmail.com,9.66594E+12,Tabuk,Hail Region,1/30/2022,Male,45,Regular,Active,2022
CUST-004003,Li Gupta,li.gupta@gmail.com,9.66594E+12,Mecca,Northern Borders,2/5/2023,Male,42,Loyal,Active,2023
CUST-004004,Lina Al-Ahmari,lina.alahmari@outlook.com,9.66515E+12,Jeddah,Najran Region,10/1/2021,Male,24,New,Active,2021
CUST-004005,Emma Al-Qahtani,emma.alqahtani@outlook.com,9.66519E+12,Al-Kharj,Tabuk Region,7/20/2023,Female,65,VIP,Active,2023
CUST-004006,Michael Al-Nasser,michael.alnasser@gmail.com,9.666E+12,Al-Kharj,Hail Region,4/28/2020,Male,56,New,Active,2020
CUST-004007,Wang Al-Nasser,wang.alnasser@hotmail.com,9.66567E+12,Abha,Al-Jawf Region,1/6/2024,Male,44,Regular,Active,2024
CUST-004008,Evelyn Sharma,evelyn.sharma@gmail.com,9.66577E+12,Abha,Hail Region,1/15/2022,Female,25,Regular,Active,2022
CUST-004009,Ibrahim Al-Hassan,ibrahim.alhassan@yahoo.com,9.66586E+12,Jubail,Makkah Region,8/10/2020,Female,44,VIP,Active,2020
CUST-004010,Mohammed Smith,mohammed.smith@hotmail.com,9.66593E+12,Tabuk,Hail Region,12/30/2024,Female,46,VIP,Active,2024
CUST-004011,Arjun Martinez,arjun.martinez@icloud.com,9.66506E+12,Jubail,Makkah Region,8/3/2025,Female,30,Regular,Active,2025
CUST-004012,Sunil Li,sunil.li@icloud.com,9.66598E+12,Najran,Eastern Province,5/31/2024,Male,38,Loyal,Inactive,2024
CUST-004013,Abigail Al-Hassan,abigail.alhassan@icloud.com,9.66593E+12,Jizan,Al-Bahah Region,10/18/2022,Male,48,New,Active,2022
CUST-004014,Liu Al-Ahmari,liu.alahmari@gmail.com,9.66514E+12,Khobar,Al-Bahah Region,12/13/2022,Male,28,VIP,Inactive,2022
CUST-004015,Dana Sharma,dana.sharma@hotmail.com,9.66567E+12,Tabuk,Makkah Region,4/15/2022,Female,22,Loyal,Active,2022
CUST-004016,Fahad Huang,fahad.huang@gmail.com,9.66566E+12,Sakaka,Hail Region,6/24/2023,Female,59,New,Inactive,2023
CUST-004017,David Wang,david.wang@gmail.com,9.66534E+12,Riyadh,Makkah Region,1/6/2021,Female,43,New,Active,2021
CUST-004018,Mohammed Gupta,mohammed.gupta@gmail.com,9.6654E+12,Jeddah,Makkah Region,2/28/2021,Male,46,Regular,Inactive,2021
CUST-004019,Lina Al-Qahtani,lina.alqahtani@icloud.com,9.66517E+12,Khobar,Riyadh Region,9/28/2022,Female,48,Loyal,Active,2022
CUST-004020,Wang Iyer,wang.iyer@hotmail.com,9.66501E+12,Mecca,Al-Qassim Region,9/18/2020,Female,36,Regular,Active,2020
CUST-004021,Amit Al-Ghamdi,amit.alghamdi@outlook.com,9.66583E+12,Buraidah,Makkah Region,5/18/2021,Female,35,Regular,Active,2021
CUST-004022,Pavan Al-Mutairi,pavan.almutairi@yahoo.com,9.6655E+12,Mecca,Makkah Region,11/4/2022,Female,38,VIP,Active,2022
CUST-004023,Thomas Al-Farsi,thomas.alfarsi@hotmail.com,9.66583E+12,Dammam,Asir Region,9/12/2020,Female,36,Regular,Active,2020
CUST-004024,Wei Al-Qahtani,wei.alqahtani@outlook.com,9.66585E+12,Jizan,Riyadh Region,7/7/2022,Female,24,VIP,Inactive,2022
CUST-004025,Ibrahim Garcia,ibrahim.garcia@hotmail.com,9.66566E+12,Hail,Eastern Province,9/21/2020,Female,36,Loyal,Active,2020
CUST-004026,John Williams,john.williams@yahoo.com,9.66517E+12,Taif,Al-Qassim Region,7/12/2023,Male,45,New,Active,2023
CUST-004027,Vikram Rodriguez,vikram.rodriguez@gmail.com,9.66514E+12,Jubail,Al-Jawf Region,3/2/2021,Male,59,VIP,Active,2021
CUST-004028,Sanjay Garcia,sanjay.garcia@gmail.com,9.66508E+12,Qassim,Al-Qassim Region,7/5/2020,Female,52,Loyal,Inactive,2020
CUST-004029,Wang Al-Dosari,wang.aldosari@hotmail.com,9.66576E+12,Jeddah,Makkah Region,11/28/2025,Male,18,VIP,Active,2025
CUST-004030,Ravi Al-Dosari,ravi.aldosari@hotmail.com,9.6655E+12,Buraidah,Jazan Region,6/9/2023,Female,33,Regular,Active,2023
CUST-004031,Ravi Jones,ravi.jones@hotmail.com,9.66597E+12,Abha,Northern Borders,5/11/2025,Male,24,Loyal,Inactive,2025
CUST-004032,Nikhil Sharma,nikhil.sharma@yahoo.com,9.66554E+12,Mecca,Al-Jawf Region,6/4/2025,Female,21,VIP,Active,2025
CUST-004033,Wei Huang,wei.huang@yahoo.com,9.66571E+12,Mecca,Al-Bahah Region,4/18/2021,Female,57,Loyal,Inactive,2021
CUST-004034,Amelia Al-Mutairi,amelia.almutairi@outlook.com,9.6655E+12,Riyadh,Al-Bahah Region,1/8/2024,Male,54,New,Active,2024
CUST-004035,Amit Al-Turki,amit.alturki@hotmail.com,9.66509E+12,Najran,Jazan Region,9/19/2021,Male,51,VIP,Active,2021
CUST-004036,Amit Al-Farsi,amit.alfarsi@outlook.com,9.66568E+12,Jeddah,Northern Borders,4/21/2022,Male,36,New,Active,2022
CUST-004037,Raj Al-Zahrani,raj.alzahrani@gmail.com,9.66596E+12,Taif,Riyadh Region,4/10/2024,Male,65,Loyal,Inactive,2024
CUST-004038,Vikram Zhou,vikram.zhou@gmail.com,9.66588E+12,Jeddah,Northern Borders,8/19/2025,Male,23,New,Active,2025
CUST-004039,Arjun Al-Ahmari,arjun.alahmari@outlook.com,9.66595E+12,Sakaka,Eastern Province,8/31/2021,Male,31,Regular,Active,2021
CUST-004040,Fatima Singh,fatima.singh@outlook.com,9.66578E+12,Dammam,Hail Region,1/10/2020,Male,51,VIP,Active,2020
CUST-004041,Abdullah Iyer,abdullah.iyer@yahoo.com,9.66573E+12,Taif,Makkah Region,2/15/2022,Female,29,Loyal,Active,2022
CUST-004042,Aisha Al-Farsi,aisha.alfarsi@yahoo.com,9.6656E+12,Jubail,Asir Region,6/30/2025,Female,29,New,Active,2025
CUST-004043,Amit Al-Farsi,amit.alfarsi@gmail.com,9.66594E+12,Khobar,Riyadh Region,12/4/2024,Male,48,VIP,Active,2024
CUST-004044,James Al-Faisal,james.alfaisal@icloud.com,9.66572E+12,Sakaka,Al-Bahah Region,3/23/2023,Male,39,New,Active,2023
CUST-004045,Amelia Al-Malki,amelia.almalki@hotmail.com,9.6654E+12,Riyadh,Al-Qassim Region,1/31/2024,Female,62,Loyal,Active,2024
CUST-004046,Evelyn Al-Hassan,evelyn.alhassan@icloud.com,9.66536E+12,Buraidah,Al-Jawf Region,1/16/2022,Female,31,Loyal,Inactive,2022
CUST-004047,David Mehta,david.mehta@yahoo.com,9.66538E+12,Medina,Northern Borders,10/19/2020,Male,55,Regular,Active,2020
CUST-004048,Huda Kumar,huda.kumar@gmail.com,9.6652E+12,Mecca,Asir Region,4/29/2022,Male,24,New,Active,2022
CUST-004049,Michael Williams,michael.williams@hotmail.com,9.66503E+12,Taif,Northern Borders,2/16/2023,Female,63,New,Active,2023
CUST-004050,Noura Al-Malki,noura.almalki@yahoo.com,9.66524E+12,Khobar,Riyadh Region,6/5/2025,Male,51,VIP,Active,2025
CUST-004051,Omar Al-Jaber,omar.aljaber@icloud.com,9.66544E+12,Al-Kharj,Makkah Region,10/15/2022,Female,18,VIP,Inactive,2022
CUST-004052,Yang Rao,yang.rao@icloud.com,9.66537E+12,Sakaka,Eastern Province,5/22/2021,Male,25,Loyal,Inactive,2021
CUST-004053,Fatima Al-Malki,fatima.almalki@outlook.com,9.66508E+12,Riyadh,Al-Qassim Region,5/6/2022,Female,22,VIP,Active,2022
CUST-004054,Abigail Jones,abigail.jones@gmail.com,9.66578E+12,Buraidah,Tabuk Region,10/6/2022,Male,30,Loyal,Active,2022
CUST-004055,Vikram Rao,vikram.rao@yahoo.com,9.66583E+12,Medina,Asir Region,5/5/2022,Female,21,VIP,Inactive,2022
CUST-004056,Maha Reddy,maha.reddy@yahoo.com,9.66546E+12,Hail,Tabuk Region,5/7/2020,Female,49,New,Active,2020
CUST-004057,John Jones,john.jones@hotmail.com,9.6656E+12,Khamis Mushait,Najran Region,6/17/2021,Male,34,New,Active,2021
CUST-004058,Nikhil Zhang,nikhil.zhang@gmail.com,9.66583E+12,Al-Kharj,Al-Jawf Region,8/9/2022,Female,21,Regular,Inactive,2022
CUST-004059,Maha Li,maha.li@outlook.com,9.66598E+12,Khobar,Hail Region,10/12/2025,Female,65,VIP,Active,2025
CUST-004060,Matthew Al-Shehri,matthew.alshehri@hotmail.com,9.66565E+12,Medina,Hail Region,8/19/2022,Male,65,New,Active,2022
CUST-004061,Nikhil Al-Otaibi,nikhil.alotaibi@outlook.com,9.66567E+12,Jubail,Riyadh Region,7/2/2024,Male,32,New,Active,2024
CUST-004062,Amelia Al-Shehri,amelia.alshehri@outlook.com,9.66512E+12,Al-Kharj,Hail Region,10/12/2023,Male,19,Regular,Active,2023
CUST-004063,Noura Al-Mahmoud,noura.almahmoud@gmail.com,9.66534E+12,Jeddah,Asir Region,6/20/2025,Female,57,New,Active,2025
CUST-004064,Ahmed Al-Jaber,ahmed.aljaber@yahoo.com,9.66579E+12,Tabuk,Riyadh Region,8/23/2024,Male,52,Regular,Active,2024
CUST-004065,Huang Al-Rashid,huang.alrashid@hotmail.com,9.66558E+12,Dammam,Riyadh Region,5/7/2025,Male,24,Loyal,Active,2025
CUST-004066,Wang Davis,wang.davis@outlook.com,9.66543E+12,Buraidah,Northern Borders,1/10/2023,Female,33,Regular,Active,2023
CUST-004067,Yang Kumar,yang.kumar@gmail.com,9.66565E+12,Dammam,Al-Qassim Region,4/8/2020,Female,63,Regular,Active,2020
CUST-004068,Li Rao,li.rao@icloud.com,9.66513E+12,Riyadh,Jazan Region,10/12/2021,Male,57,VIP,Active,2021
CUST-004069,Charlotte Al-Turki,charlotte.alturki@icloud.com,9.66504E+12,Hail,Al-Bahah Region,8/7/2023,Male,52,New,Inactive,2023
CUST-004070,Evelyn Al-Nasser,evelyn.alnasser@outlook.com,9.66585E+12,Taif,Hail Region,11/18/2024,Female,63,Loyal,Inactive,2024
CUST-004071,Nikhil Al-Qahtani,nikhil.alqahtani@outlook.com,9.66545E+12,Khobar,Riyadh Region,7/12/2023,Female,21,VIP,Active,2023
CUST-004072,Huang Sharma,huang.sharma@hotmail.com,9.66568E+12,Taif,Riyadh Region,12/14/2021,Male,25,Loyal,Active,2021
CUST-004073,Li Kumar,li.kumar@icloud.com,9.66594E+12,Jeddah,Riyadh Region,10/20/2020,Male,34,New,Active,2020
CUST-004074,Liu Al-Harbi,liu.alharbi@hotmail.com,9.66582E+12,Jizan,Al-Jawf Region,5/14/2025,Male,54,New,Active,2025
CUST-004075,Wei Davis,wei.davis@outlook.com,9.66555E+12,Khamis Mushait,Tabuk Region,1/23/2020,Male,18,New,Active,2020
CUST-004076,Ali Al-Otaibi,ali.alotaibi@hotmail.com,9.66564E+12,Najran,Tabuk Region,3/7/2025,Female,51,Regular,Active,2025
CUST-004077,Amit Chen,amit.chen@outlook.com,9.66553E+12,Najran,Northern Borders,3/18/2020,Female,53,Regular,Active,2020
CUST-004078,William Iyer,william.iyer@yahoo.com,9.66557E+12,Yanbu,Riyadh Region,12/6/2020,Male,51,New,Active,2020
CUST-004079,Evelyn Singh,evelyn.singh@gmail.com,9.66518E+12,Medina,Eastern Province,3/13/2021,Female,40,Regular,Active,2021
CUST-004080,Omar Yang,omar.yang@gmail.com,9.66559E+12,Hail,Al-Qassim Region,4/2/2020,Female,33,New,Active,2020
CUST-004081,Mohammed Rao,mohammed.rao@gmail.com,9.66574E+12,Mecca,Al-Jawf Region,11/7/2024,Female,48,Loyal,Active,2024
CUST-004082,Yang Williams,yang.williams@gmail.com,9.66504E+12,Khobar,Al-Bahah Region,10/10/2022,Male,55,Loyal,Active,2022
CUST-004083,Emma Al-Ghamdi,emma.alghamdi@yahoo.com,9.66555E+12,Jizan,Makkah Region,8/19/2024,Female,36,VIP,Active,2024
CUST-004084,Harper Nair,harper.nair@hotmail.com,9.6656E+12,Khamis Mushait,Al-Qassim Region,1/7/2022,Female,61,VIP,Active,2022
CUST-004085,Arjun Chen,arjun.chen@yahoo.com,9.66528E+12,Mecca,Makkah Region,9/18/2022,Female,58,Regular,Active,2022
CUST-004086,Sanjay Al-Dosari,sanjay.aldosari@hotmail.com,9.66579E+12,Khobar,Al-Qassim Region,2/17/2025,Female,54,New,Active,2025
CUST-004087,Zhao Martinez,zhao.martinez@icloud.com,9.66595E+12,Riyadh,Riyadh Region,6/21/2023,Female,39,VIP,Active,2023
CUST-004088,Huda Zhao,huda.zhao@yahoo.com,9.66549E+12,Khamis Mushait,Jazan Region,3/15/2020,Female,33,Loyal,Active,2020
CUST-004089,Arjun Al-Saud,arjun.alsaud@outlook.com,9.66564E+12,Al-Kharj,Jazan Region,4/22/2022,Female,51,New,Active,2022
CUST-004090,Huda Davis,huda.davis@yahoo.com,9.66552E+12,Al-Kharj,Makkah Region,2/4/2025,Male,45,Regular,Inactive,2025
CUST-004091,Amelia Rao,amelia.rao@hotmail.com,9.66577E+12,Al-Ahsa,Northern Borders,10/7/2024,Female,21,New,Inactive,2024
CUST-004092,Abdullah Wu,abdullah.wu@yahoo.com,9.66553E+12,Jizan,Tabuk Region,5/31/2021,Female,54,Regular,Active,2021
CUST-004093,Daniel Iyer,daniel.iyer@icloud.com,9.66571E+12,Khamis Mushait,Hail Region,9/18/2024,Female,38,New,Active,2024
CUST-004094,Raj Sharma,raj.sharma@outlook.com,9.66539E+12,Yanbu,Jazan Region,7/9/2020,Female,35,Loyal,Active,2020
CUST-004095,Emma Al-Ahmari,emma.alahmari@hotmail.com,9.66506E+12,Al-Ahsa,Jazan Region,8/14/2020,Male,41,New,Active,2020
CUST-004096,James Sharma,james.sharma@hotmail.com,9.66549E+12,Buraidah,Riyadh Region,8/6/2023,Female,38,Regular,Active,2023
CUST-004097,Robert Al-Saud,robert.alsaud@yahoo.com,9.66574E+12,Taif,Al-Bahah Region,1/7/2023,Female,39,VIP,Active,2023
CUST-004098,Robert Al-Nasser,robert.alnasser@outlook.com,9.66534E+12,Hail,Al-Bahah Region,1/17/2023,Male,18,VIP,Active,2023
CUST-004099,Amelia Singh,amelia.singh@yahoo.com,9.66507E+12,Khobar,Jazan Region,4/9/2025,Male,51,Regular,Active,2025
CUST-004100,Robert Huang,robert.huang@hotmail.com,9.66588E+12,Jubail,Riyadh Region,1/21/2023,Male,65,Loyal,Active,2023
CUST-004101,Mohammed Garcia,mohammed.garcia@outlook.com,9.66569E+12,Qassim,Riyadh Region,2/6/2022,Female,45,VIP,Active,2022
CUST-004102,Mia Johnson,mia.johnson@icloud.com,9.66544E+12,Najran,Riyadh Region,8/19/2020,Female,56,Loyal,Active,2020
CUST-004103,Thomas Patel,thomas.patel@yahoo.com,9.66578E+12,Al-Ahsa,Al-Jawf Region,11/22/2025,Female,26,VIP,Active,2025
CUST-004104,Saad Nair,saad.nair@hotmail.com,9.66592E+12,Al-Kharj,Makkah Region,5/14/2024,Male,61,Loyal,Inactive,2024
CUST-004105,Michael Al-Otaibi,michael.alotaibi@outlook.com,9.66526E+12,Sakaka,Eastern Province,11/11/2023,Male,24,Loyal,Inactive,2023
CUST-004106,Khalid Patel,khalid.patel@outlook.com,9.66597E+12,Khamis Mushait,Riyadh Region,5/21/2025,Male,31,New,Active,2025
CUST-004107,Arjun Al-Harbi,arjun.alharbi@gmail.com,9.66582E+12,Tabuk,Asir Region,6/15/2023,Male,27,Regular,Active,2023
CUST-004108,Dana Jones,dana.jones@yahoo.com,9.66569E+12,Khobar,Tabuk Region,2/26/2023,Male,53,New,Active,2023
CUST-004109,Ravi Gupta,ravi.gupta@icloud.com,9.66559E+12,Sakaka,Makkah Region,4/28/2021,Male,54,VIP,Active,2021
CUST-004110,Huang Miller,huang.miller@gmail.com,9.66532E+12,Medina,Najran Region,9/29/2021,Female,56,New,Active,2021
CUST-004111,Thomas Patel,thomas.patel@icloud.com,9.66552E+12,Mecca,Al-Jawf Region,8/17/2021,Male,30,Regular,Inactive,2021
CUST-004112,Chen Al-Khalifa,chen.alkhalifa@gmail.com,9.66559E+12,Jizan,Northern Borders,11/7/2024,Female,27,Regular,Inactive,2024
CUST-004113,Wu Rodriguez,wu.rodriguez@yahoo.com,9.66584E+12,Jubail,Hail Region,3/21/2023,Male,51,VIP,Active,2023
CUST-004114,Huda Wang,huda.wang@outlook.com,9.66535E+12,Qassim,Al-Jawf Region,8/22/2023,Male,65,Regular,Active,2023
CUST-004115,Chen Al-Mahmoud,chen.almahmoud@yahoo.com,9.66577E+12,Dammam,Al-Jawf Region,11/20/2020,Female,54,Regular,Active,2020
CUST-004116,William Smith,william.smith@hotmail.com,9.66505E+12,Najran,Asir Region,10/8/2021,Female,46,Regular,Active,2021
CUST-004117,Liu Al-Faisal,liu.alfaisal@hotmail.com,9.66584E+12,Al-Ahsa,Eastern Province,6/4/2024,Female,63,Loyal,Inactive,2024
CUST-004118,Yang Garcia,yang.garcia@icloud.com,9.66589E+12,Taif,Al-Qassim Region,11/20/2020,Male,51,Loyal,Active,2020
CUST-004119,Sara Zhang,sara.zhang@outlook.com,9.66574E+12,Jubail,Najran Region,4/20/2024,Male,21,VIP,Active,2024
CUST-004120,Daniel Gupta,daniel.gupta@yahoo.com,9.66596E+12,Sakaka,Northern Borders,7/8/2023,Male,65,VIP,Active,2023
CUST-004121,Sanjay Kumar,sanjay.kumar@outlook.com,9.66532E+12,Khamis Mushait,Riyadh Region,7/30/2021,Male,36,New,Active,2021
CUST-004122,Khalid Al-Hassan,khalid.alhassan@gmail.com,9.66572E+12,Al-Kharj,Makkah Region,7/5/2021,Female,33,Regular,Active,2021
CUST-004123,Omar Johnson,omar.johnson@outlook.com,9.66557E+12,Khamis Mushait,Makkah Region,4/7/2023,Female,32,VIP,Active,2023
CUST-004124,Mohammed Al-Qahtani,mohammed.alqahtani@icloud.com,9.66536E+12,Tabuk,Makkah Region,11/21/2020,Male,25,VIP,Inactive,2020
CUST-004125,Dana Sharma,dana.sharma@outlook.com,9.66574E+12,Mecca,Asir Region,5/8/2025,Male,62,New,Active,2025
CUST-004126,Arjun Al-Mutairi,arjun.almutairi@outlook.com,9.66549E+12,Tabuk,Makkah Region,1/21/2025,Female,44,New,Active,2025
CUST-004127,Lina Al-Rashid,lina.alrashid@yahoo.com,9.66517E+12,Tabuk,Jazan Region,5/22/2022,Male,56,Loyal,Active,2022
CUST-004128,Fahad Al-Rashid,fahad.alrashid@gmail.com,9.66549E+12,Khobar,Northern Borders,10/2/2021,Male,53,Regular,Active,2021
CUST-004129,Amit Al-Dosari,amit.aldosari@hotmail.com,9.66501E+12,Yanbu,Makkah Region,5/4/2022,Female,39,VIP,Inactive,2022
CUST-004130,Thomas Reddy,thomas.reddy@gmail.com,9.6653E+12,Hail,Makkah Region,1/14/2023,Male,39,New,Active,2023
CUST-004131,Wang Wang,wang.wang@gmail.com,9.66518E+12,Riyadh,Riyadh Region,5/25/2023,Female,21,New,Active,2023
CUST-004132,Sanjay Garcia,sanjay.garcia@gmail.com,9.66519E+12,Hail,Al-Qassim Region,7/22/2024,Male,27,Loyal,Active,2024
CUST-004133,Evelyn Al-Jaber,evelyn.aljaber@yahoo.com,9.66548E+12,Jubail,Al-Qassim Region,11/25/2024,Female,21,VIP,Active,2024
CUST-004134,Zhao Zhang,zhao.zhang@hotmail.com,9.66563E+12,Hail,Jazan Region,12/4/2023,Male,35,Regular,Active,2023
CUST-004135,Dana Reddy,dana.reddy@hotmail.com,9.66506E+12,Al-Kharj,Tabuk Region,8/10/2025,Female,25,Loyal,Active,2025
CUST-004136,Zhang Miller,zhang.miller@gmail.com,9.66583E+12,Jubail,Jazan Region,3/23/2021,Male,37,New,Active,2021
CUST-004137,Omar Sharma,omar.sharma@icloud.com,9.66502E+12,Al-Kharj,Jazan Region,9/14/2023,Female,49,New,Inactive,2023
CUST-004138,Sara Reddy,sara.reddy@outlook.com,9.66586E+12,Hail,Riyadh Region,12/11/2022,Female,64,VIP,Active,2022
CUST-004139,Huang Martinez,huang.martinez@hotmail.com,9.66529E+12,Taif,Eastern Province,7/14/2024,Female,58,New,Inactive,2024
CUST-004140,Mia Al-Ghamdi,mia.alghamdi@hotmail.com,9.66502E+12,Hail,Makkah Region,7/20/2022,Female,60,Loyal,Active,2022
CUST-004141,Richard Zhang,richard.zhang@hotmail.com,9.66597E+12,Jeddah,Tabuk Region,8/8/2021,Female,22,Loyal,Inactive,2021
CUST-004142,Arjun Zhang,arjun.zhang@gmail.com,9.66543E+12,Riyadh,Jazan Region,4/14/2024,Male,46,New,Active,2024
CUST-004143,Thomas Chen,thomas.chen@gmail.com,9.66544E+12,Yanbu,Hail Region,4/18/2025,Male,60,Regular,Inactive,2025
CUST-004144,Sanjay Al-Faisal,sanjay.alfaisal@outlook.com,9.66567E+12,Medina,Al-Jawf Region,7/13/2020,Female,34,New,Active,2020
CUST-004145,Wei Al-Qahtani,wei.alqahtani@hotmail.com,9.66501E+12,Jubail,Northern Borders,2/26/2020,Male,62,Loyal,Active,2020
CUST-004146,Pavan Al-Ahmari,pavan.alahmari@icloud.com,9.66501E+12,Al-Ahsa,Jazan Region,10/22/2022,Male,50,VIP,Active,2022
CUST-004147,James Mehta,james.mehta@outlook.com,9.66518E+12,Yanbu,Jazan Region,5/29/2025,Male,45,Loyal,Active,2025
CUST-004148,Yousef Al-Mutairi,yousef.almutairi@gmail.com,9.66593E+12,Khobar,Najran Region,8/10/2022,Female,55,New,Active,2022
CUST-004149,Noura Al-Rashid,noura.alrashid@icloud.com,9.66522E+12,Najran,Eastern Province,1/27/2025,Male,65,VIP,Inactive,2025
CUST-004150,Olivia Chen,olivia.chen@yahoo.com,9.66537E+12,Al-Ahsa,Tabuk Region,8/10/2020,Male,28,New,Active,2020
CUST-004151,Harper Zhao,harper.zhao@hotmail.com,9.66547E+12,Jizan,Al-Qassim Region,12/24/2025,Male,23,Regular,Active,2025
CUST-004152,Michael Al-Nasser,michael.alnasser@outlook.com,9.66522E+12,Qassim,Asir Region,8/26/2024,Male,65,New,Inactive,2024
CUST-004153,Mia Al-Harbi,mia.alharbi@yahoo.com,9.66558E+12,Jeddah,Makkah Region,7/10/2024,Male,63,New,Active,2024
CUST-004154,Sunil Garcia,sunil.garcia@outlook.com,9.66504E+12,Najran,Hail Region,12/11/2023,Male,38,New,Active,2023
CUST-004155,Daniel Gupta,daniel.gupta@gmail.com,9.66567E+12,Dammam,Al-Qassim Region,7/20/2024,Female,52,Loyal,Active,2024
CUST-004156,Robert Al-Ghamdi,robert.alghamdi@yahoo.com,9.66554E+12,Jizan,Najran Region,6/22/2025,Male,27,New,Inactive,2025
CUST-004157,Ibrahim Johnson,ibrahim.johnson@hotmail.com,9.66546E+12,Jeddah,Najran Region,3/21/2020,Female,57,VIP,Active,2020
CUST-004158,Abigail Rao,abigail.rao@icloud.com,9.66574E+12,Qassim,Jazan Region,1/31/2021,Male,58,VIP,Active,2021
CUST-004159,Pavan Al-Ghamdi,pavan.alghamdi@gmail.com,9.66507E+12,Jizan,Hail Region,4/14/2023,Female,33,Regular,Active,2023
CUST-004160,Pavan Al-Rashid,pavan.alrashid@hotmail.com,9.66562E+12,Abha,Al-Bahah Region,7/6/2023,Female,18,Loyal,Active,2023
CUST-004161,Robert Davis,robert.davis@icloud.com,9.66537E+12,Najran,Al-Qassim Region,1/22/2020,Female,36,Loyal,Inactive,2020
CUST-004162,Omar Al-Saud,omar.alsaud@hotmail.com,9.66584E+12,Jeddah,Tabuk Region,4/8/2025,Male,26,Loyal,Inactive,2025
CUST-004163,Amelia Al-Otaibi,amelia.alotaibi@yahoo.com,9.66577E+12,Taif,Hail Region,4/10/2021,Male,18,New,Active,2021
CUST-004164,Zhao Al-Saud,zhao.alsaud@gmail.com,9.66519E+12,Qassim,Hail Region,7/3/2025,Female,37,Loyal,Active,2025
CUST-004165,Huang Chen,huang.chen@icloud.com,9.66508E+12,Buraidah,Eastern Province,6/8/2025,Female,19,Loyal,Active,2025
CUST-004166,Sophia Smith,sophia.smith@icloud.com,9.66551E+12,Al-Ahsa,Eastern Province,11/11/2023,Female,32,Regular,Active,2023
CUST-004167,James Al-Mutairi,james.almutairi@yahoo.com,9.66586E+12,Mecca,Hail Region,2/23/2024,Male,25,Regular,Active,2024
CUST-004168,Sara Miller,sara.miller@outlook.com,9.66512E+12,Al-Ahsa,Najran Region,9/20/2025,Female,61,VIP,Active,2025
CUST-004169,Amit Sharma,amit.sharma@gmail.com,9.66539E+12,Medina,Najran Region,12/30/2022,Male,50,New,Active,2022
CUST-004170,Sanjay Al-Qahtani,sanjay.alqahtani@hotmail.com,9.66513E+12,Riyadh,Al-Bahah Region,1/14/2020,Female,34,New,Active,2020
CUST-004171,Sanjay Sharma,sanjay.sharma@gmail.com,9.66557E+12,Al-Kharj,Al-Qassim Region,5/21/2022,Male,27,Loyal,Active,2022
CUST-004172,Ravi Zhou,ravi.zhou@yahoo.com,9.66569E+12,Al-Kharj,Al-Qassim Region,12/22/2022,Female,32,Loyal,Inactive,2022
CUST-004173,Aisha Al-Harbi,aisha.alharbi@icloud.com,9.66526E+12,Khobar,Asir Region,7/17/2020,Female,21,VIP,Active,2020
CUST-004174,Aisha Nair,aisha.nair@gmail.com,9.66572E+12,Dammam,Tabuk Region,5/19/2021,Male,48,Regular,Inactive,2021
CUST-004175,Zhang Martinez,zhang.martinez@icloud.com,9.66513E+12,Hail,Najran Region,10/11/2020,Male,45,Loyal,Inactive,2020
CUST-004176,Reem Williams,reem.williams@outlook.com,9.66544E+12,Yanbu,Hail Region,3/9/2022,Male,60,VIP,Active,2022
CUST-004177,Ravi Wu,ravi.wu@hotmail.com,9.66557E+12,Qassim,Makkah Region,2/16/2024,Male,52,VIP,Active,2024
CUST-004178,Zhao Rodriguez,zhao.rodriguez@outlook.com,9.6654E+12,Medina,Najran Region,1/7/2025,Female,44,Regular,Active,2025
CUST-004179,Karan Al-Nasser,karan.alnasser@gmail.com,9.66524E+12,Riyadh,Tabuk Region,9/29/2021,Male,33,Regular,Inactive,2021
CUST-004180,Isabella Al-Saud,isabella.alsaud@yahoo.com,9.6652E+12,Al-Kharj,Northern Borders,1/17/2020,Male,38,New,Inactive,2020
CUST-004181,Amit Al-Hassan,amit.alhassan@yahoo.com,9.66571E+12,Taif,Riyadh Region,4/9/2020,Female,33,Loyal,Active,2020
CUST-004182,Thomas Zhang,thomas.zhang@hotmail.com,9.66572E+12,Jubail,Al-Jawf Region,9/17/2021,Female,20,Regular,Active,2021
CUST-004183,John Wang,john.wang@icloud.com,9.66597E+12,Yanbu,Asir Region,8/19/2024,Male,40,Regular,Active,2024
CUST-004184,Aisha Liu,aisha.liu@gmail.com,9.66588E+12,Dammam,Asir Region,2/16/2022,Male,54,Loyal,Active,2022
CUST-004185,Fahad Wu,fahad.wu@icloud.com,9.66583E+12,Buraidah,Jazan Region,8/9/2025,Male,58,Loyal,Active,2025
CUST-004186,Saad Liu,saad.liu@outlook.com,9.66522E+12,Riyadh,Al-Qassim Region,9/7/2025,Female,30,Loyal,Active,2025
CUST-004187,Isabella Al-Dosari,isabella.aldosari@yahoo.com,9.6659E+12,Mecca,Northern Borders,5/5/2024,Male,18,Loyal,Active,2024
CUST-004188,Zhang Zhang,zhang.zhang@icloud.com,9.66513E+12,Jubail,Al-Qassim Region,7/11/2020,Female,64,Regular,Active,2020
CUST-004189,Sara Chen,sara.chen@hotmail.com,9.66565E+12,Khamis Mushait,Riyadh Region,9/25/2024,Male,61,Loyal,Inactive,2024
CUST-004190,Yousef Smith,yousef.smith@hotmail.com,9.6652E+12,Sakaka,Al-Qassim Region,2/12/2025,Female,18,Regular,Active,2025
CUST-004191,Ali Yang,ali.yang@gmail.com,9.66584E+12,Taif,Najran Region,1/18/2020,Female,64,VIP,Active,2020
CUST-004192,Zhao Liu,zhao.liu@outlook.com,9.66589E+12,Jeddah,Tabuk Region,12/27/2025,Male,30,VIP,Active,2025
CUST-004193,Huang Kumar,huang.kumar@icloud.com,9.66567E+12,Dammam,Northern Borders,9/2/2020,Male,24,Regular,Active,2020
CUST-004194,Arjun Zhang,arjun.zhang@gmail.com,9.66567E+12,Yanbu,Tabuk Region,8/17/2020,Female,58,Loyal,Active,2020
CUST-004195,Lina Al-Saud,lina.alsaud@gmail.com,9.66588E+12,Qassim,Riyadh Region,5/16/2022,Female,51,Regular,Active,2022
CUST-004196,Sunil Garcia,sunil.garcia@outlook.com,9.66513E+12,Yanbu,Al-Bahah Region,11/24/2025,Female,19,VIP,Active,2025
CUST-004197,Michael Kumar,michael.kumar@outlook.com,9.6659E+12,Medina,Asir Region,12/5/2024,Male,63,New,Active,2024
CUST-004198,Chen Smith,chen.smith@gmail.com,9.6658E+12,Hail,Northern Borders,7/17/2021,Female,48,VIP,Active,2021
CUST-004199,Huda Williams,huda.williams@gmail.com,9.66578E+12,Khobar,Jazan Region,7/14/2022,Male,40,Loyal,Active,2022
CUST-004200,Thomas Al-Malki,thomas.almalki@gmail.com,9.66585E+12,Riyadh,Jazan Region,11/3/2025,Female,63,Loyal,Active,2025
CUST-004201,Huang Al-Rashid,huang.alrashid@gmail.com,9.66557E+12,Al-Ahsa,Tabuk Region,7/22/2024,Female,26,New,Inactive,2024
CUST-004202,Abigail Al-Mutairi,abigail.almutairi@outlook.com,9.6659E+12,Hail,Northern Borders,11/5/2023,Male,38,VIP,Active,2023
CUST-004203,Ibrahim Miller,ibrahim.miller@hotmail.com,9.66587E+12,Jizan,Jazan Region,12/15/2021,Male,54,New,Active,2021
CUST-004204,Sara Al-Malki,sara.almalki@outlook.com,9.66579E+12,Taif,Riyadh Region,11/10/2024,Male,24,VIP,Active,2024
CUST-004205,Saad Jones,saad.jones@icloud.com,9.66527E+12,Abha,Najran Region,7/25/2024,Male,33,Regular,Active,2024
CUST-004206,Wang Chen,wang.chen@icloud.com,9.66586E+12,Dammam,Eastern Province,1/6/2024,Female,45,Loyal,Active,2024
CUST-004207,Amelia Nair,amelia.nair@outlook.com,9.66512E+12,Abha,Hail Region,7/2/2024,Female,49,VIP,Inactive,2024
CUST-004208,Omar Yang,omar.yang@hotmail.com,9.66538E+12,Mecca,Al-Bahah Region,6/4/2023,Male,44,Regular,Active,2023
CUST-004209,Lina Al-Saud,lina.alsaud@hotmail.com,9.6651E+12,Jizan,Riyadh Region,8/2/2020,Male,27,Loyal,Active,2020
CUST-004210,Liu Rodriguez,liu.rodriguez@outlook.com,9.66509E+12,Yanbu,Makkah Region,3/12/2023,Male,54,New,Active,2023
CUST-004211,Omar Wu,omar.wu@gmail.com,9.66566E+12,Najran,Al-Jawf Region,8/16/2023,Female,39,VIP,Active,2023
CUST-004212,Ali Al-Ghamdi,ali.alghamdi@gmail.com,9.66578E+12,Taif,Northern Borders,6/17/2021,Female,64,VIP,Active,2021
CUST-004213,Li Al-Rashid,li.alrashid@hotmail.com,9.66523E+12,Hail,Al-Jawf Region,9/5/2025,Female,61,Regular,Active,2025
CUST-004214,Olivia Al-Jaber,olivia.aljaber@yahoo.com,9.66522E+12,Yanbu,Northern Borders,3/9/2024,Female,54,New,Active,2024
CUST-004215,Sanjay Rao,sanjay.rao@gmail.com,9.6659E+12,Jizan,Makkah Region,4/28/2021,Female,23,Regular,Active,2021
CUST-004216,Ahmed Al-Saud,ahmed.alsaud@yahoo.com,9.66551E+12,Riyadh,Northern Borders,1/9/2023,Male,27,Loyal,Active,2023
CUST-004217,Zhao Miller,zhao.miller@yahoo.com,9.66549E+12,Buraidah,Al-Jawf Region,8/22/2024,Female,26,Loyal,Active,2024
CUST-004218,Omar Kumar,omar.kumar@yahoo.com,9.66548E+12,Jubail,Al-Jawf Region,12/14/2022,Male,23,Loyal,Active,2022
CUST-004219,Sara Zhang,sara.zhang@hotmail.com,9.66596E+12,Tabuk,Al-Bahah Region,8/3/2025,Female,40,Loyal,Active,2025
CUST-004220,Amelia Al-Khalifa,amelia.alkhalifa@yahoo.com,9.66504E+12,Mecca,Al-Jawf Region,11/11/2023,Female,28,Regular,Active,2023
CUST-004221,Omar Al-Zahrani,omar.alzahrani@outlook.com,9.66544E+12,Riyadh,Al-Jawf Region,10/5/2022,Male,56,Loyal,Active,2022
CUST-004222,Sunil Davis,sunil.davis@hotmail.com,9.66544E+12,Abha,Al-Bahah Region,8/18/2021,Female,40,Loyal,Inactive,2021
CUST-004223,Thomas Li,thomas.li@hotmail.com,9.66505E+12,Jubail,Jazan Region,6/14/2021,Female,58,Loyal,Active,2021
CUST-004224,Zhao Zhou,zhao.zhou@outlook.com,9.66528E+12,Tabuk,Al-Jawf Region,4/26/2023,Male,54,New,Active,2023
CUST-004225,Daniel Al-Saud,daniel.alsaud@gmail.com,9.66501E+12,Sakaka,Al-Qassim Region,12/16/2024,Female,36,Regular,Inactive,2024
CUST-004226,Sophia Smith,sophia.smith@icloud.com,9.66594E+12,Mecca,Northern Borders,11/29/2022,Male,25,Regular,Inactive,2022
CUST-004227,Yousef Iyer,yousef.iyer@hotmail.com,9.66586E+12,Sakaka,Jazan Region,7/25/2020,Male,36,New,Active,2020
CUST-004228,Michael Al-Faisal,michael.alfaisal@hotmail.com,9.66579E+12,Al-Kharj,Al-Qassim Region,12/28/2020,Female,51,VIP,Active,2020
CUST-004229,Rana Al-Dosari,rana.aldosari@hotmail.com,9.66566E+12,Medina,Al-Jawf Region,8/26/2021,Male,36,Regular,Active,2021
CUST-004230,Maha Al-Ghamdi,maha.alghamdi@outlook.com,9.66508E+12,Riyadh,Northern Borders,6/5/2022,Male,64,Regular,Inactive,2022
CUST-004231,Michael Zhou,michael.zhou@hotmail.com,9.66535E+12,Al-Ahsa,Najran Region,1/8/2023,Female,57,New,Active,2023
CUST-004232,Noura Al-Mutairi,noura.almutairi@gmail.com,9.66528E+12,Khobar,Makkah Region,2/16/2021,Male,29,Loyal,Active,2021
CUST-004233,Raj Al-Farsi,raj.alfarsi@gmail.com,9.66582E+12,Hail,Tabuk Region,12/11/2022,Female,53,Regular,Active,2022
CUST-004234,Raj Mehta,raj.mehta@gmail.com,9.66572E+12,Najran,Riyadh Region,12/23/2024,Male,57,VIP,Active,2024
CUST-004235,Raj Reddy,raj.reddy@yahoo.com,9.6657E+12,Tabuk,Eastern Province,12/22/2024,Female,29,VIP,Active,2024
CUST-004236,Yousef Iyer,yousef.iyer@hotmail.com,9.66573E+12,Riyadh,Jazan Region,11/21/2025,Male,34,Loyal,Active,2025
CUST-004237,Emma Zhang,emma.zhang@icloud.com,9.66537E+12,Sakaka,Najran Region,8/4/2025,Female,60,VIP,Active,2025
CUST-004238,Ravi Al-Faisal,ravi.alfaisal@yahoo.com,9.66599E+12,Sakaka,Northern Borders,3/10/2022,Female,54,New,Inactive,2022
CUST-004239,Dana Sharma,dana.sharma@hotmail.com,9.66542E+12,Al-Kharj,Najran Region,7/8/2022,Female,46,Regular,Inactive,2022
CUST-004240,Sara Reddy,sara.reddy@yahoo.com,9.66591E+12,Medina,Northern Borders,12/12/2023,Male,38,VIP,Active,2023
CUST-004241,Emma Rodriguez,emma.rodriguez@outlook.com,9.66588E+12,Medina,Hail Region,9/19/2023,Male,30,Regular,Active,2023
CUST-004242,Vikram Rao,vikram.rao@icloud.com,9.66532E+12,Tabuk,Al-Jawf Region,5/8/2023,Female,39,Loyal,Active,2023
CUST-004243,Abigail Iyer,abigail.iyer@gmail.com,9.66576E+12,Najran,Al-Jawf Region,7/26/2020,Male,25,New,Active,2020
CUST-004244,Wei Al-Harbi,wei.alharbi@yahoo.com,9.66578E+12,Yanbu,Tabuk Region,1/1/2024,Female,21,New,Active,2024
CUST-004245,Abdullah Al-Saud,abdullah.alsaud@yahoo.com,9.66554E+12,Khamis Mushait,Al-Jawf Region,8/6/2020,Female,30,New,Inactive,2020
CUST-004246,Ravi Al-Rashid,ravi.alrashid@hotmail.com,9.66538E+12,Jizan,Al-Qassim Region,5/2/2022,Male,64,Loyal,Inactive,2022
CUST-004247,Zhao Al-Dosari,zhao.aldosari@yahoo.com,9.66575E+12,Jizan,Eastern Province,1/3/2022,Female,50,Loyal,Active,2022
CUST-004248,Aisha Al-Qahtani,aisha.alqahtani@gmail.com,9.66553E+12,Taif,Asir Region,7/8/2025,Male,60,New,Active,2025
CUST-004249,John Rao,john.rao@icloud.com,9.66532E+12,Buraidah,Al-Jawf Region,5/12/2023,Female,59,VIP,Active,2023
CUST-004250,Harper Al-Hassan,harper.alhassan@icloud.com,9.6657E+12,Taif,Hail Region,4/23/2024,Male,58,VIP,Active,2024
CUST-004251,Charlotte Davis,charlotte.davis@gmail.com,9.66593E+12,Jubail,Jazan Region,10/31/2020,Female,46,Regular,Active,2020
CUST-004252,Isabella Singh,isabella.singh@gmail.com,9.66572E+12,Hail,Al-Jawf Region,3/25/2021,Male,40,New,Active,2021
CUST-004253,Wei Al-Otaibi,wei.alotaibi@yahoo.com,9.6652E+12,Qassim,Northern Borders,1/29/2025,Male,19,Loyal,Active,2025
CUST-004254,Harper Al-Zahrani,harper.alzahrani@hotmail.com,9.66546E+12,Yanbu,Northern Borders,11/12/2020,Female,43,Loyal,Active,2020
CUST-004255,Wei Al-Rashid,wei.alrashid@gmail.com,9.66552E+12,Taif,Asir Region,1/19/2023,Male,23,New,Active,2023
CUST-004256,William Al-Faisal,william.alfaisal@hotmail.com,9.66557E+12,Jizan,Al-Bahah Region,5/30/2023,Female,41,Loyal,Active,2023
CUST-004257,James Al-Khalifa,james.alkhalifa@outlook.com,9.66533E+12,Al-Kharj,Al-Jawf Region,5/6/2025,Female,37,New,Active,2025
CUST-004258,Michael Al-Rashid,michael.alrashid@outlook.com,9.66585E+12,Sakaka,Riyadh Region,9/14/2021,Male,33,New,Inactive,2021
CUST-004259,Wei Martinez,wei.martinez@outlook.com,9.66523E+12,Buraidah,Al-Bahah Region,6/10/2025,Male,44,New,Active,2025
CUST-004260,Wang Singh,wang.singh@yahoo.com,9.66574E+12,Riyadh,Hail Region,4/14/2022,Female,28,New,Active,2022
CUST-004261,Sunil Liu,sunil.liu@gmail.com,9.66563E+12,Al-Kharj,Asir Region,9/12/2020,Female,25,VIP,Active,2020
CUST-004262,Emma Al-Ahmari,emma.alahmari@gmail.com,9.66566E+12,Medina,Northern Borders,8/11/2020,Male,45,Loyal,Active,2020
CUST-004263,Michael Huang,michael.huang@gmail.com,9.66543E+12,Medina,Jazan Region,4/6/2025,Female,56,Loyal,Active,2025
CUST-004264,Saad Wu,saad.wu@icloud.com,9.66547E+12,Al-Ahsa,Riyadh Region,5/5/2024,Male,53,Loyal,Active,2024
CUST-004265,Abigail Nair,abigail.nair@gmail.com,9.66523E+12,Sakaka,Najran Region,6/15/2022,Male,50,Loyal,Inactive,2022
CUST-004266,Isabella Martinez,isabella.martinez@outlook.com,9.66579E+12,Qassim,Najran Region,8/29/2025,Male,34,Regular,Active,2025
CUST-004267,David Zhou,david.zhou@outlook.com,9.66586E+12,Qassim,Al-Jawf Region,10/30/2024,Male,46,VIP,Inactive,2024
CUST-004268,Fatima Al-Mutairi,fatima.almutairi@yahoo.com,9.66501E+12,Al-Kharj,Al-Bahah Region,12/8/2024,Male,38,VIP,Active,2024
CUST-004269,Chen Singh,chen.singh@icloud.com,9.66551E+12,Medina,Asir Region,6/4/2022,Female,46,Regular,Active,2022
CUST-004270,Khalid Kumar,khalid.kumar@outlook.com,9.66578E+12,Mecca,Tabuk Region,3/13/2020,Male,52,Regular,Active,2020
CUST-004271,Pavan Reddy,pavan.reddy@hotmail.com,9.666E+12,Medina,Al-Jawf Region,9/9/2022,Female,23,Loyal,Active,2022
CUST-004272,Omar Huang,omar.huang@hotmail.com,9.6653E+12,Tabuk,Al-Jawf Region,3/9/2021,Female,54,Loyal,Active,2021
CUST-004273,Emma Chen,emma.chen@gmail.com,9.66533E+12,Sakaka,Makkah Region,2/2/2024,Male,50,New,Active,2024
CUST-004274,Robert Zhao,robert.zhao@gmail.com,9.66505E+12,Al-Ahsa,Al-Qassim Region,7/16/2020,Female,45,VIP,Active,2020
CUST-004275,Evelyn Miller,evelyn.miller@gmail.com,9.66558E+12,Mecca,Hail Region,2/6/2021,Male,57,VIP,Active,2021
CUST-004276,Olivia Yang,olivia.yang@icloud.com,9.66519E+12,Mecca,Al-Qassim Region,10/19/2021,Female,52,New,Active,2021
CUST-004277,Abigail Zhang,abigail.zhang@outlook.com,9.6651E+12,Yanbu,Najran Region,10/24/2020,Female,37,New,Active,2020
CUST-004278,Huang Al-Saud,huang.alsaud@outlook.com,9.66562E+12,Medina,Jazan Region,3/26/2025,Male,56,VIP,Active,2025
CUST-004279,Ahmed Nair,ahmed.nair@outlook.com,9.66508E+12,Riyadh,Hail Region,10/26/2025,Female,53,Regular,Active,2025
CUST-004280,Karan Al-Rashid,karan.alrashid@hotmail.com,9.666E+12,Jubail,Jazan Region,8/13/2023,Female,29,VIP,Active,2023
CUST-004281,Ali Jones,ali.jones@gmail.com,9.66532E+12,Najran,Makkah Region,10/30/2025,Female,23,Loyal,Active,2025
CUST-004282,Harper Yang,harper.yang@icloud.com,9.66563E+12,Dammam,Al-Jawf Region,6/24/2023,Female,58,Loyal,Active,2023
CUST-004283,Rana Al-Faisal,rana.alfaisal@gmail.com,9.66595E+12,Al-Kharj,Hail Region,9/3/2025,Male,29,VIP,Active,2025
CUST-004284,Evelyn Huang,evelyn.huang@gmail.com,9.66511E+12,Dammam,Northern Borders,8/9/2022,Male,34,Regular,Active,2022
CUST-004285,Daniel Al-Nasser,daniel.alnasser@outlook.com,9.66572E+12,Qassim,Hail Region,6/7/2023,Male,45,Regular,Active,2023
CUST-004286,Abigail Al-Turki,abigail.alturki@hotmail.com,9.66555E+12,Tabuk,Al-Bahah Region,2/13/2023,Female,52,Regular,Active,2023
CUST-004287,Huda Liu,huda.liu@gmail.com,9.66513E+12,Hail,Al-Jawf Region,10/20/2023,Female,43,VIP,Active,2023
CUST-004288,Karan Sharma,karan.sharma@gmail.com,9.66539E+12,Qassim,Hail Region,2/18/2024,Male,28,Regular,Active,2024
CUST-004289,James Al-Rashid,james.alrashid@icloud.com,9.66539E+12,Jubail,Asir Region,4/25/2021,Female,38,Regular,Active,2021
CUST-004290,Ibrahim Al-Dosari,ibrahim.aldosari@yahoo.com,9.66525E+12,Abha,Tabuk Region,8/15/2021,Male,65,Regular,Inactive,2021
CUST-004291,David Al-Khalifa,david.alkhalifa@outlook.com,9.66597E+12,Hail,Northern Borders,11/10/2021,Male,49,Regular,Active,2021
CUST-004292,James Al-Otaibi,james.alotaibi@gmail.com,9.66564E+12,Hail,Hail Region,11/13/2025,Male,37,Regular,Inactive,2025
CUST-004293,Huang Rodriguez,huang.rodriguez@gmail.com,9.66578E+12,Khobar,Najran Region,4/1/2024,Male,41,VIP,Inactive,2024
CUST-004294,Daniel Al-Khalifa,daniel.alkhalifa@yahoo.com,9.66594E+12,Al-Ahsa,Riyadh Region,10/18/2024,Male,58,VIP,Inactive,2024
CUST-004295,Matthew Al-Mahmoud,matthew.almahmoud@yahoo.com,9.66561E+12,Khamis Mushait,Riyadh Region,2/13/2024,Female,52,Regular,Active,2024
CUST-004296,Richard Al-Farsi,richard.alfarsi@yahoo.com,9.66516E+12,Al-Ahsa,Hail Region,3/23/2020,Male,23,VIP,Active,2020
CUST-004297,Zhang Al-Malki,zhang.almalki@outlook.com,9.66504E+12,Buraidah,Makkah Region,3/15/2023,Female,48,VIP,Active,2023
CUST-004298,Zhang Al-Mutairi,zhang.almutairi@icloud.com,9.66587E+12,Tabuk,Al-Bahah Region,6/20/2025,Male,33,Loyal,Inactive,2025
CUST-004299,Harper Chen,harper.chen@outlook.com,9.66508E+12,Riyadh,Al-Bahah Region,9/25/2023,Male,50,Regular,Inactive,2023
CUST-004300,Wu Zhao,wu.zhao@icloud.com,9.66513E+12,Dammam,Al-Jawf Region,7/2/2022,Female,39,Loyal,Active,2022
CUST-004301,Zhang Williams,zhang.williams@outlook.com,9.66565E+12,Buraidah,Hail Region,4/11/2021,Male,58,VIP,Active,2021
CUST-004302,Ibrahim Smith,ibrahim.smith@yahoo.com,9.66508E+12,Tabuk,Tabuk Region,7/28/2024,Female,61,VIP,Active,2024
CUST-004303,Harper Huang,harper.huang@outlook.com,9.66514E+12,Khamis Mushait,Riyadh Region,1/7/2025,Male,53,Loyal,Active,2025
CUST-004304,Zhao Al-Mahmoud,zhao.almahmoud@outlook.com,9.66599E+12,Tabuk,Al-Qassim Region,12/13/2022,Female,22,New,Active,2022
CUST-004305,Arjun Liu,arjun.liu@yahoo.com,9.66583E+12,Sakaka,Eastern Province,10/16/2020,Female,27,Loyal,Active,2020
CUST-004306,Dana Al-Mutairi,dana.almutairi@yahoo.com,9.66578E+12,Najran,Al-Bahah Region,7/22/2025,Male,21,Regular,Active,2025
CUST-004307,Vikram Williams,vikram.williams@gmail.com,9.66556E+12,Sakaka,Hail Region,8/27/2024,Male,38,New,Inactive,2024
CUST-004308,Robert Zhou,robert.zhou@hotmail.com,9.66513E+12,Tabuk,Hail Region,11/19/2021,Male,61,Loyal,Active,2021
CUST-004309,Isabella Al-Shehri,isabella.alshehri@gmail.com,9.66507E+12,Medina,Tabuk Region,12/15/2021,Male,63,Loyal,Active,2021
CUST-004310,Huda Al-Jaber,huda.aljaber@outlook.com,9.66581E+12,Khamis Mushait,Al-Jawf Region,9/28/2023,Female,34,VIP,Active,2023
CUST-004311,Li Li,li.li@yahoo.com,9.66514E+12,Khobar,Northern Borders,7/17/2025,Female,44,Regular,Inactive,2025
CUST-004312,Wei Jones,wei.jones@gmail.com,9.66592E+12,Khamis Mushait,Riyadh Region,5/31/2023,Male,50,VIP,Active,2023
CUST-004313,Ali Al-Jaber,ali.aljaber@icloud.com,9.66579E+12,Jubail,Hail Region,3/19/2024,Female,29,New,Inactive,2024
CUST-004314,Abdullah Yang,abdullah.yang@gmail.com,9.66518E+12,Jubail,Tabuk Region,3/10/2025,Male,56,New,Active,2025
CUST-004315,Saad Al-Ahmari,saad.alahmari@yahoo.com,9.66566E+12,Sakaka,Al-Bahah Region,12/10/2024,Female,42,New,Active,2024
CUST-004316,Omar Al-Malki,omar.almalki@yahoo.com,9.66513E+12,Mecca,Jazan Region,12/1/2025,Male,46,New,Active,2025
CUST-004317,Fatima Al-Hassan,fatima.alhassan@yahoo.com,9.66528E+12,Hail,Najran Region,1/11/2021,Male,52,VIP,Inactive,2021
CUST-004318,Li Smith,li.smith@gmail.com,9.66564E+12,Riyadh,Tabuk Region,4/21/2021,Female,40,Regular,Active,2021
CUST-004319,Sara Reddy,sara.reddy@gmail.com,9.66589E+12,Medina,Riyadh Region,11/10/2023,Male,24,New,Active,2023
CUST-004320,Huang Al-Shehri,huang.alshehri@outlook.com,9.666E+12,Khobar,Hail Region,9/20/2020,Male,43,Regular,Active,2020
CUST-004321,Aisha Chen,aisha.chen@gmail.com,9.66514E+12,Al-Ahsa,Riyadh Region,12/24/2021,Male,54,New,Inactive,2021
CUST-004322,Dana Al-Rashid,dana.alrashid@gmail.com,9.66546E+12,Sakaka,Northern Borders,12/3/2020,Male,43,New,Active,2020
CUST-004323,Olivia Al-Farsi,olivia.alfarsi@outlook.com,9.66521E+12,Buraidah,Hail Region,7/17/2020,Male,45,Regular,Active,2020
CUST-004324,Lina Garcia,lina.garcia@yahoo.com,9.66551E+12,Medina,Northern Borders,2/6/2022,Female,26,VIP,Active,2022
CUST-004325,Ali Martinez,ali.martinez@icloud.com,9.66546E+12,Medina,Jazan Region,9/27/2022,Male,41,New,Active,2022
CUST-004326,Saad Brown,saad.brown@yahoo.com,9.66521E+12,Al-Kharj,Northern Borders,12/20/2024,Male,21,Regular,Active,2024
CUST-004327,Ahmed Wang,ahmed.wang@hotmail.com,9.6652E+12,Tabuk,Hail Region,9/14/2024,Female,39,Regular,Active,2024
CUST-004328,Amelia Al-Ghamdi,amelia.alghamdi@yahoo.com,9.66564E+12,Khamis Mushait,Hail Region,5/22/2025,Female,30,Regular,Inactive,2025
CUST-004329,Saad Zhao,saad.zhao@hotmail.com,9.66581E+12,Riyadh,Riyadh Region,5/7/2023,Male,43,Regular,Active,2023
CUST-004330,Olivia Sharma,olivia.sharma@gmail.com,9.66515E+12,Yanbu,Najran Region,9/14/2022,Male,35,Loyal,Active,2022
CUST-004331,Ahmed Al-Otaibi,ahmed.alotaibi@yahoo.com,9.66594E+12,Najran,Hail Region,9/23/2025,Female,42,VIP,Active,2025
CUST-004332,Omar Al-Zahrani,omar.alzahrani@icloud.com,9.6652E+12,Sakaka,Riyadh Region,7/29/2021,Male,28,New,Active,2021
CUST-004333,Robert Patel,robert.patel@gmail.com,9.66598E+12,Qassim,Al-Qassim Region,1/29/2020,Female,65,New,Inactive,2020
CUST-004334,Abdullah Li,abdullah.li@hotmail.com,9.66507E+12,Hail,Makkah Region,10/23/2021,Female,47,Loyal,Active,2021
CUST-004335,Li Al-Otaibi,li.alotaibi@hotmail.com,9.66562E+12,Jizan,Al-Jawf Region,10/15/2021,Male,61,VIP,Active,2021
CUST-004336,Amit Wu,amit.wu@outlook.com,9.66557E+12,Qassim,Al-Bahah Region,8/6/2025,Male,18,Regular,Active,2025
CUST-004337,Rana Yang,rana.yang@outlook.com,9.66511E+12,Abha,Northern Borders,10/22/2023,Male,36,Loyal,Active,2023
CUST-004338,Pavan Rodriguez,pavan.rodriguez@gmail.com,9.66545E+12,Dammam,Al-Bahah Region,4/5/2025,Male,61,Loyal,Active,2025
CUST-004339,Michael Brown,michael.brown@gmail.com,9.66546E+12,Al-Kharj,Hail Region,12/25/2023,Male,53,New,Active,2023
CUST-004340,Ibrahim Al-Saud,ibrahim.alsaud@icloud.com,9.66507E+12,Al-Kharj,Hail Region,6/3/2023,Female,30,VIP,Active,2023
CUST-004341,Zhao Miller,zhao.miller@yahoo.com,9.66573E+12,Al-Kharj,Tabuk Region,4/12/2022,Female,58,New,Active,2022
CUST-004342,Wei Zhou,wei.zhou@gmail.com,9.66598E+12,Khobar,Tabuk Region,8/17/2023,Male,59,New,Active,2023
CUST-004343,Sunil Iyer,sunil.iyer@hotmail.com,9.66572E+12,Dammam,Asir Region,9/9/2024,Male,46,VIP,Active,2024
CUST-004344,Olivia Al-Ghamdi,olivia.alghamdi@outlook.com,9.66503E+12,Khobar,Hail Region,11/26/2021,Female,38,Regular,Active,2021
CUST-004345,Aisha Miller,aisha.miller@gmail.com,9.66577E+12,Khobar,Eastern Province,4/25/2020,Female,37,New,Active,2020
CUST-004346,James Davis,james.davis@gmail.com,9.66516E+12,Abha,Jazan Region,5/28/2020,Female,53,VIP,Inactive,2020
CUST-004347,Sara Yang,sara.yang@gmail.com,9.66574E+12,Sakaka,Asir Region,5/15/2022,Female,57,New,Active,2022
CUST-004348,Pavan Al-Nasser,pavan.alnasser@icloud.com,9.66529E+12,Yanbu,Al-Jawf Region,12/20/2023,Female,24,Regular,Active,2023
CUST-004349,Wei Gupta,wei.gupta@hotmail.com,9.66565E+12,Yanbu,Jazan Region,3/20/2024,Female,47,VIP,Active,2024
CUST-004350,Sara Singh,sara.singh@gmail.com,9.66585E+12,Najran,Riyadh Region,11/14/2020,Female,33,Regular,Active,2020
CUST-004351,Matthew Al-Rashid,matthew.alrashid@icloud.com,9.66593E+12,Khamis Mushait,Northern Borders,5/5/2021,Male,27,VIP,Active,2021
CUST-004352,Pavan Al-Zahrani,pavan.alzahrani@hotmail.com,9.66538E+12,Dammam,Hail Region,9/28/2023,Male,18,Regular,Active,2023
CUST-004353,Wu Al-Dosari,wu.aldosari@icloud.com,9.66566E+12,Al-Kharj,Makkah Region,5/15/2021,Male,40,Regular,Inactive,2021
CUST-004354,Zhang Brown,zhang.brown@icloud.com,9.66506E+12,Tabuk,Riyadh Region,11/8/2024,Female,32,New,Inactive,2024
CUST-004355,Lina Al-Ghamdi,lina.alghamdi@yahoo.com,9.66588E+12,Buraidah,Riyadh Region,3/4/2021,Female,58,Loyal,Active,2021
CUST-004356,Wei Reddy,wei.reddy@icloud.com,9.66522E+12,Al-Kharj,Al-Jawf Region,5/18/2021,Male,39,New,Active,2021
CUST-004357,Yang Al-Zahrani,yang.alzahrani@icloud.com,9.66571E+12,Sakaka,Hail Region,6/9/2025,Female,37,VIP,Active,2025
CUST-004358,Mohammed Iyer,mohammed.iyer@icloud.com,9.66515E+12,Abha,Najran Region,2/5/2025,Female,48,Regular,Inactive,2025
CUST-004359,Vikram Martinez,vikram.martinez@yahoo.com,9.6652E+12,Hail,Al-Bahah Region,3/6/2024,Female,49,Loyal,Inactive,2024
CUST-004360,John Wu,john.wu@outlook.com,9.66593E+12,Al-Kharj,Northern Borders,1/7/2022,Female,32,Regular,Active,2022
CUST-004361,Noura Smith,noura.smith@hotmail.com,9.66538E+12,Jeddah,Asir Region,11/18/2020,Male,38,Loyal,Active,2020
CUST-004362,Pavan Kumar,pavan.kumar@gmail.com,9.66542E+12,Abha,Tabuk Region,2/22/2022,Male,46,Loyal,Inactive,2022
CUST-004363,Vikram Jones,vikram.jones@yahoo.com,9.66598E+12,Al-Ahsa,Northern Borders,12/17/2020,Female,20,VIP,Active,2020
CUST-004364,Harper Al-Zahrani,harper.alzahrani@outlook.com,9.66503E+12,Taif,Eastern Province,8/31/2022,Female,65,Regular,Active,2022
CUST-004365,Rana Al-Mahmoud,rana.almahmoud@yahoo.com,9.66574E+12,Qassim,Riyadh Region,10/2/2020,Male,22,VIP,Active,2020
CUST-004366,Reem Al-Shehri,reem.alshehri@yahoo.com,9.66557E+12,Medina,Northern Borders,8/8/2021,Female,25,New,Active,2021
CUST-004367,Sanjay Rodriguez,sanjay.rodriguez@outlook.com,9.66563E+12,Riyadh,Jazan Region,4/19/2022,Female,47,Loyal,Active,2022
CUST-004368,Amit Patel,amit.patel@hotmail.com,9.66515E+12,Hail,Hail Region,9/6/2024,Female,46,Regular,Active,2024
CUST-004369,Vikram Al-Zahrani,vikram.alzahrani@outlook.com,9.66588E+12,Hail,Al-Qassim Region,12/22/2021,Female,43,Regular,Active,2021
CUST-004370,Raj Al-Mahmoud,raj.almahmoud@gmail.com,9.66508E+12,Khamis Mushait,Al-Qassim Region,1/4/2023,Male,53,Regular,Active,2023
CUST-004371,Abdullah Martinez,abdullah.martinez@icloud.com,9.66557E+12,Khamis Mushait,Al-Bahah Region,3/2/2021,Female,41,Loyal,Active,2021
CUST-004372,Isabella Liu,isabella.liu@gmail.com,9.66542E+12,Khamis Mushait,Al-Jawf Region,6/3/2020,Male,36,VIP,Active,2020
CUST-004373,Li Al-Hassan,li.alhassan@yahoo.com,9.66588E+12,Khobar,Northern Borders,9/25/2020,Female,31,VIP,Active,2020
CUST-004374,Ali Chen,ali.chen@outlook.com,9.66537E+12,Tabuk,Makkah Region,12/8/2022,Male,62,New,Inactive,2022
CUST-004375,Fahad Williams,fahad.williams@outlook.com,9.66523E+12,Al-Kharj,Al-Bahah Region,4/5/2022,Male,37,VIP,Active,2022
CUST-004376,Vikram Jones,vikram.jones@gmail.com,9.66584E+12,Taif,Al-Qassim Region,4/3/2021,Male,43,VIP,Active,2021
CUST-004377,Richard Miller,richard.miller@icloud.com,9.66527E+12,Tabuk,Najran Region,7/25/2024,Male,31,Regular,Active,2024
CUST-004378,Vikram Al-Malki,vikram.almalki@yahoo.com,9.66578E+12,Medina,Najran Region,11/3/2020,Female,40,Regular,Inactive,2020
CUST-004379,Fatima Sharma,fatima.sharma@icloud.com,9.66584E+12,Jeddah,Eastern Province,12/27/2020,Male,43,Loyal,Active,2020
CUST-004380,Richard Al-Ghamdi,richard.alghamdi@yahoo.com,9.66538E+12,Buraidah,Makkah Region,4/23/2025,Female,43,New,Active,2025
CUST-004381,Sophia Li,sophia.li@hotmail.com,9.66591E+12,Jubail,Eastern Province,8/21/2024,Female,51,New,Active,2024
CUST-004382,Michael Al-Mutairi,michael.almutairi@gmail.com,9.66539E+12,Mecca,Northern Borders,5/23/2025,Male,29,Regular,Active,2025
CUST-004383,Abigail Al-Saud,abigail.alsaud@yahoo.com,9.666E+12,Qassim,Hail Region,7/3/2022,Male,53,Regular,Active,2022
CUST-004384,Wei Rao,wei.rao@icloud.com,9.66515E+12,Yanbu,Al-Qassim Region,11/27/2023,Male,55,VIP,Active,2023
CUST-004385,Chen Al-Jaber,chen.aljaber@outlook.com,9.66598E+12,Dammam,Asir Region,12/15/2021,Male,46,Regular,Active,2021
CUST-004386,Chen Zhang,chen.zhang@outlook.com,9.66512E+12,Hail,Northern Borders,10/14/2021,Male,21,Loyal,Active,2021
CUST-004387,Charlotte Al-Otaibi,charlotte.alotaibi@gmail.com,9.66595E+12,Jizan,Jazan Region,6/2/2020,Male,35,New,Active,2020
CUST-004388,Charlotte Al-Rashid,charlotte.alrashid@hotmail.com,9.66547E+12,Medina,Eastern Province,6/1/2020,Male,44,Regular,Active,2020
CUST-004389,Charlotte Rao,charlotte.rao@hotmail.com,9.66585E+12,Jizan,Eastern Province,5/26/2022,Female,52,Loyal,Active,2022
CUST-004390,Emma Jones,emma.jones@yahoo.com,9.66577E+12,Yanbu,Riyadh Region,8/30/2024,Male,57,VIP,Active,2024
CUST-004391,Sunil Garcia,sunil.garcia@outlook.com,9.66589E+12,Al-Kharj,Riyadh Region,10/13/2024,Female,48,VIP,Active,2024
CUST-004392,Ravi Nair,ravi.nair@icloud.com,9.66584E+12,Abha,Northern Borders,7/15/2024,Male,61,Regular,Active,2024
CUST-004393,Sanjay Sharma,sanjay.sharma@outlook.com,9.66518E+12,Taif,Hail Region,6/25/2022,Female,48,Loyal,Active,2022
CUST-004394,Sunil Li,sunil.li@icloud.com,9.66559E+12,Dammam,Al-Bahah Region,2/6/2023,Female,50,Regular,Active,2023
CUST-004395,Khalid Chen,khalid.chen@icloud.com,9.66537E+12,Buraidah,Tabuk Region,11/11/2021,Male,57,Loyal,Active,2021
CUST-004396,Reem Al-Malki,reem.almalki@hotmail.com,9.66545E+12,Riyadh,Eastern Province,12/10/2023,Female,49,New,Active,2023
CUST-004397,Abdullah Wang,abdullah.wang@icloud.com,9.66529E+12,Hail,Al-Qassim Region,10/20/2020,Female,24,New,Active,2020
CUST-004398,Daniel Al-Mahmoud,daniel.almahmoud@outlook.com,9.66533E+12,Al-Kharj,Tabuk Region,1/11/2020,Male,50,New,Active,2020
CUST-004399,Noura Li,noura.li@hotmail.com,9.66519E+12,Khobar,Northern Borders,2/9/2020,Female,38,VIP,Active,2020
CUST-004400,Ahmed Liu,ahmed.liu@outlook.com,9.66519E+12,Al-Kharj,Jazan Region,1/13/2020,Female,64,Regular,Inactive,2020
CUST-004401,Wei Brown,wei.brown@gmail.com,9.66533E+12,Sakaka,Tabuk Region,5/12/2020,Male,61,Loyal,Active,2020
CUST-004402,Harper Rodriguez,harper.rodriguez@yahoo.com,9.66552E+12,Mecca,Northern Borders,3/9/2024,Female,41,VIP,Active,2024
CUST-004403,Emma Martinez,emma.martinez@icloud.com,9.66564E+12,Dammam,Najran Region,10/18/2020,Male,61,Loyal,Active,2020
CUST-004404,Wei Singh,wei.singh@outlook.com,9.66506E+12,Hail,Jazan Region,5/10/2022,Female,25,New,Inactive,2022
CUST-004405,William Al-Rashid,william.alrashid@gmail.com,9.66566E+12,Medina,Northern Borders,9/30/2020,Female,30,New,Active,2020
CUST-004406,Robert Reddy,robert.reddy@gmail.com,9.66525E+12,Buraidah,Al-Bahah Region,3/14/2024,Female,56,Loyal,Inactive,2024
CUST-004407,Fahad Zhang,fahad.zhang@gmail.com,9.66544E+12,Abha,Al-Bahah Region,5/4/2024,Female,39,Loyal,Active,2024
CUST-004408,Zhang Sharma,zhang.sharma@hotmail.com,9.66561E+12,Jizan,Najran Region,2/19/2022,Female,29,Loyal,Active,2022
CUST-004409,James Williams,james.williams@yahoo.com,9.66588E+12,Khobar,Al-Jawf Region,6/24/2023,Female,55,Loyal,Active,2023
CUST-004410,Amit Al-Ghamdi,amit.alghamdi@icloud.com,9.66518E+12,Al-Ahsa,Hail Region,10/20/2025,Male,36,New,Active,2025
CUST-004411,Raj Al-Otaibi,raj.alotaibi@yahoo.com,9.66564E+12,Buraidah,Najran Region,12/27/2024,Female,39,New,Active,2024
CUST-004412,Li Al-Khalifa,li.alkhalifa@outlook.com,9.66519E+12,Abha,Jazan Region,8/19/2020,Male,28,Regular,Active,2020
CUST-004413,Evelyn Al-Faisal,evelyn.alfaisal@hotmail.com,9.66544E+12,Mecca,Al-Jawf Region,10/30/2021,Male,30,VIP,Active,2021
CUST-004414,Michael Rao,michael.rao@icloud.com,9.66599E+12,Riyadh,Riyadh Region,5/1/2025,Male,39,Loyal,Active,2025
CUST-004415,Wei Al-Nasser,wei.alnasser@icloud.com,9.66573E+12,Abha,Riyadh Region,4/11/2024,Male,44,VIP,Active,2024
CUST-004416,Liu Liu,liu.liu@yahoo.com,9.66572E+12,Najran,Makkah Region,8/3/2020,Female,24,Regular,Active,2020
CUST-004417,Olivia Mehta,olivia.mehta@outlook.com,9.66568E+12,Sakaka,Hail Region,4/6/2022,Male,64,Regular,Active,2022
CUST-004418,Liu Wu,liu.wu@outlook.com,9.66574E+12,Al-Ahsa,Makkah Region,9/23/2024,Female,38,VIP,Active,2024
CUST-004419,Harper Al-Ahmari,harper.alahmari@yahoo.com,9.66509E+12,Buraidah,Hail Region,12/17/2022,Male,28,VIP,Active,2022
CUST-004420,Noura Yang,noura.yang@icloud.com,9.66526E+12,Al-Kharj,Jazan Region,7/11/2024,Female,25,Regular,Active,2024
CUST-004421,Robert Li,robert.li@hotmail.com,9.66588E+12,Yanbu,Najran Region,5/19/2024,Male,51,Loyal,Inactive,2024
CUST-004422,Thomas Jones,thomas.jones@icloud.com,9.66515E+12,Medina,Najran Region,9/7/2022,Female,55,New,Inactive,2022
CUST-004423,Reem Zhou,reem.zhou@gmail.com,9.66545E+12,Taif,Jazan Region,2/16/2023,Male,47,New,Active,2023
CUST-004424,Yousef Sharma,yousef.sharma@hotmail.com,9.66546E+12,Dammam,Jazan Region,8/14/2024,Male,21,VIP,Active,2024
CUST-004425,Matthew Al-Faisal,matthew.alfaisal@yahoo.com,9.66587E+12,Taif,Riyadh Region,2/12/2025,Female,23,Regular,Inactive,2025
CUST-004426,Abdullah Miller,abdullah.miller@outlook.com,9.66504E+12,Al-Ahsa,Najran Region,11/20/2021,Male,32,VIP,Active,2021
CUST-004427,Isabella Wu,isabella.wu@icloud.com,9.66511E+12,Qassim,Al-Jawf Region,3/4/2024,Female,48,Loyal,Active,2024
CUST-004428,Huang Al-Mahmoud,huang.almahmoud@outlook.com,9.66551E+12,Medina,Asir Region,6/1/2022,Male,38,Loyal,Active,2022
CUST-004429,Wang Zhou,wang.zhou@outlook.com,9.66546E+12,Abha,Makkah Region,5/16/2025,Female,22,Loyal,Active,2025
CUST-004430,Richard Nair,richard.nair@outlook.com,9.66587E+12,Mecca,Northern Borders,8/10/2022,Male,53,Loyal,Active,2022
CUST-004431,Wei Chen,wei.chen@gmail.com,9.66531E+12,Tabuk,Eastern Province,8/6/2024,Male,37,Loyal,Active,2024
CUST-004432,Mohammed Zhou,mohammed.zhou@hotmail.com,9.66566E+12,Najran,Tabuk Region,6/15/2025,Female,19,VIP,Active,2025
CUST-004433,William Martinez,william.martinez@hotmail.com,9.66534E+12,Al-Kharj,Al-Jawf Region,10/10/2023,Female,24,Regular,Active,2023
CUST-004434,Vikram Mehta,vikram.mehta@outlook.com,9.66522E+12,Qassim,Al-Jawf Region,5/8/2020,Male,62,Regular,Inactive,2020
CUST-004435,Abigail Garcia,abigail.garcia@hotmail.com,9.66583E+12,Qassim,Riyadh Region,4/6/2020,Male,19,VIP,Active,2020
CUST-004436,Zhang Gupta,zhang.gupta@hotmail.com,9.66505E+12,Najran,Northern Borders,11/18/2025,Female,57,Loyal,Inactive,2025
CUST-004437,Ali Al-Harbi,ali.alharbi@gmail.com,9.66593E+12,Tabuk,Asir Region,1/1/2021,Female,26,VIP,Active,2021
CUST-004438,Maha Al-Ahmari,maha.alahmari@hotmail.com,9.66575E+12,Khamis Mushait,Al-Bahah Region,12/29/2022,Male,47,Loyal,Inactive,2022
CUST-004439,Richard Al-Qahtani,richard.alqahtani@yahoo.com,9.66577E+12,Al-Kharj,Al-Bahah Region,3/19/2022,Male,32,Regular,Active,2022
CUST-004440,Thomas Zhou,thomas.zhou@hotmail.com,9.66521E+12,Mecca,Najran Region,1/1/2023,Female,38,Loyal,Active,2023
CUST-004441,Robert Al-Qahtani,robert.alqahtani@outlook.com,9.66529E+12,Najran,Riyadh Region,8/24/2024,Female,22,New,Active,2024
CUST-004442,Khalid Chen,khalid.chen@hotmail.com,9.6652E+12,Jubail,Asir Region,1/9/2022,Female,41,Regular,Active,2022
CUST-004443,Rana Al-Saud,rana.alsaud@outlook.com,9.66556E+12,Buraidah,Northern Borders,9/17/2020,Male,60,New,Active,2020
CUST-004444,Pavan Al-Nasser,pavan.alnasser@icloud.com,9.66547E+12,Al-Ahsa,Al-Jawf Region,12/11/2021,Female,34,VIP,Active,2021
CUST-004445,Khalid Wu,khalid.wu@icloud.com,9.66593E+12,Khamis Mushait,Al-Qassim Region,4/14/2021,Female,61,Regular,Active,2021
CUST-004446,Noura Singh,noura.singh@hotmail.com,9.66526E+12,Yanbu,Eastern Province,12/22/2025,Female,65,New,Active,2025
CUST-004447,Ravi Zhang,ravi.zhang@gmail.com,9.66538E+12,Buraidah,Al-Bahah Region,2/5/2025,Female,22,Regular,Active,2025
CUST-004448,Nikhil Al-Harbi,nikhil.alharbi@outlook.com,9.66549E+12,Mecca,Najran Region,7/23/2023,Male,41,Regular,Active,2023
CUST-004449,Omar Al-Nasser,omar.alnasser@hotmail.com,9.66555E+12,Yanbu,Al-Bahah Region,12/10/2023,Male,26,New,Active,2023
CUST-004450,Abigail Al-Otaibi,abigail.alotaibi@outlook.com,9.66512E+12,Sakaka,Al-Bahah Region,11/29/2023,Female,31,Loyal,Active,2023
CUST-004451,Michael Garcia,michael.garcia@gmail.com,9.66533E+12,Hail,Najran Region,1/22/2023,Female,37,Regular,Inactive,2023
CUST-004452,Wei Miller,wei.miller@hotmail.com,9.66528E+12,Riyadh,Al-Bahah Region,8/5/2023,Female,61,New,Active,2023
CUST-004453,Harper Smith,harper.smith@yahoo.com,9.66519E+12,Najran,Riyadh Region,4/18/2025,Female,33,New,Active,2025
CUST-004454,Karan Williams,karan.williams@icloud.com,9.66502E+12,Abha,Tabuk Region,5/6/2022,Male,65,Regular,Active,2022
CUST-004455,Ibrahim Al-Otaibi,ibrahim.alotaibi@hotmail.com,9.66556E+12,Najran,Al-Bahah Region,4/16/2024,Male,50,VIP,Inactive,2024
CUST-004456,Olivia Sharma,olivia.sharma@outlook.com,9.66557E+12,Qassim,Al-Bahah Region,6/18/2022,Male,56,Regular,Inactive,2022
CUST-004457,Harper Al-Jaber,harper.aljaber@hotmail.com,9.66532E+12,Riyadh,Al-Qassim Region,12/9/2023,Male,52,VIP,Active,2023
CUST-004458,Charlotte Rao,charlotte.rao@icloud.com,9.66528E+12,Riyadh,Al-Jawf Region,10/25/2023,Female,29,Regular,Inactive,2023
CUST-004459,Daniel Liu,daniel.liu@yahoo.com,9.66502E+12,Qassim,Al-Qassim Region,11/5/2024,Female,58,VIP,Active,2024
CUST-004460,Pavan Al-Saud,pavan.alsaud@gmail.com,9.66575E+12,Hail,Northern Borders,10/6/2021,Female,61,Loyal,Active,2021
CUST-004461,Ahmed Brown,ahmed.brown@yahoo.com,9.66572E+12,Qassim,Al-Jawf Region,9/10/2025,Female,40,Loyal,Active,2025
CUST-004462,Omar Zhao,omar.zhao@icloud.com,9.6651E+12,Dammam,Riyadh Region,6/12/2025,Female,60,Regular,Active,2025
CUST-004463,Rana Reddy,rana.reddy@icloud.com,9.66507E+12,Buraidah,Asir Region,3/26/2020,Female,34,VIP,Active,2020
CUST-004464,Olivia Williams,olivia.williams@icloud.com,9.66522E+12,Dammam,Tabuk Region,11/12/2022,Female,18,Loyal,Active,2022
CUST-004465,Raj Al-Zahrani,raj.alzahrani@icloud.com,9.66572E+12,Qassim,Al-Jawf Region,1/2/2020,Male,22,Regular,Active,2020
CUST-004466,Pavan Williams,pavan.williams@outlook.com,9.66573E+12,Sakaka,Al-Jawf Region,10/21/2020,Female,57,VIP,Active,2020
CUST-004467,Huang Iyer,huang.iyer@gmail.com,9.66567E+12,Yanbu,Tabuk Region,6/3/2025,Male,19,Loyal,Inactive,2025
CUST-004468,Lina Patel,lina.patel@yahoo.com,9.66576E+12,Yanbu,Hail Region,7/7/2021,Male,52,Regular,Active,2021
CUST-004469,Karan Al-Nasser,karan.alnasser@yahoo.com,9.6651E+12,Riyadh,Makkah Region,5/1/2024,Male,58,Regular,Active,2024
CUST-004470,Fahad Singh,fahad.singh@yahoo.com,9.66592E+12,Jeddah,Jazan Region,4/24/2023,Male,65,Loyal,Active,2023
CUST-004471,Sunil Al-Mutairi,sunil.almutairi@hotmail.com,9.66532E+12,Qassim,Northern Borders,4/9/2020,Female,27,Regular,Active,2020
CUST-004472,William Li,william.li@yahoo.com,9.66533E+12,Buraidah,Northern Borders,10/29/2022,Female,48,New,Active,2022
CUST-004473,Robert Al-Ghamdi,robert.alghamdi@outlook.com,9.66507E+12,Al-Ahsa,Al-Jawf Region,8/28/2022,Female,47,Regular,Active,2022
CUST-004474,Rana Al-Ahmari,rana.alahmari@icloud.com,9.66512E+12,Jeddah,Jazan Region,10/21/2021,Male,50,VIP,Active,2021
CUST-004475,Abigail Chen,abigail.chen@gmail.com,9.6652E+12,Medina,Jazan Region,9/6/2020,Female,43,VIP,Active,2020
CUST-004476,Raj Al-Dosari,raj.aldosari@outlook.com,9.66558E+12,Najran,Jazan Region,2/2/2024,Female,55,New,Active,2024
CUST-004477,Li Al-Mahmoud,li.almahmoud@yahoo.com,9.66569E+12,Al-Ahsa,Al-Bahah Region,8/4/2023,Female,49,New,Active,2023
CUST-004478,Chen Zhao,chen.zhao@icloud.com,9.66599E+12,Tabuk,Al-Bahah Region,6/1/2025,Female,52,Loyal,Active,2025
CUST-004479,Sara Brown,sara.brown@gmail.com,9.66581E+12,Buraidah,Hail Region,5/26/2022,Male,34,Regular,Active,2022
CUST-004480,Rana Zhou,rana.zhou@icloud.com,9.66521E+12,Al-Ahsa,Riyadh Region,1/9/2020,Male,27,Loyal,Active,2020
CUST-004481,David Singh,david.singh@hotmail.com,9.66576E+12,Tabuk,Al-Bahah Region,11/13/2024,Female,63,New,Active,2024
CUST-004482,Noura Liu,noura.liu@yahoo.com,9.66552E+12,Medina,Jazan Region,7/31/2021,Male,21,Regular,Active,2021
CUST-004483,Sophia Smith,sophia.smith@gmail.com,9.66573E+12,Jizan,Asir Region,10/13/2022,Male,52,New,Active,2022
CUST-004484,Charlotte Al-Saud,charlotte.alsaud@gmail.com,9.66588E+12,Yanbu,Al-Bahah Region,11/19/2020,Male,28,VIP,Inactive,2020
CUST-004485,Mohammed Martinez,mohammed.martinez@hotmail.com,9.66532E+12,Jizan,Hail Region,3/17/2025,Female,26,New,Active,2025
CUST-004486,Yousef Rao,yousef.rao@gmail.com,9.66568E+12,Medina,Riyadh Region,12/14/2025,Male,60,Loyal,Active,2025
CUST-004487,Huang Iyer,huang.iyer@yahoo.com,9.66553E+12,Mecca,Hail Region,9/15/2021,Female,48,Regular,Active,2021
CUST-004488,Abdullah Al-Shehri,abdullah.alshehri@gmail.com,9.66571E+12,Jizan,Najran Region,8/8/2024,Female,35,Loyal,Active,2024
CUST-004489,Saad Rodriguez,saad.rodriguez@outlook.com,9.66536E+12,Sakaka,Tabuk Region,10/17/2024,Female,30,Loyal,Active,2024
CUST-004490,Fatima Singh,fatima.singh@yahoo.com,9.66557E+12,Al-Ahsa,Northern Borders,7/5/2025,Female,32,VIP,Active,2025
CUST-004491,Robert Al-Saud,robert.alsaud@outlook.com,9.66504E+12,Khobar,Al-Jawf Region,10/17/2022,Female,65,New,Active,2022
CUST-004492,Rana Al-Dosari,rana.aldosari@gmail.com,9.66596E+12,Jeddah,Al-Jawf Region,12/6/2024,Male,40,New,Inactive,2024
CUST-004493,Abigail Gupta,abigail.gupta@yahoo.com,9.66524E+12,Jeddah,Al-Jawf Region,6/11/2023,Female,49,Regular,Active,2023
CUST-004494,Sunil Zhao,sunil.zhao@outlook.com,9.66512E+12,Najran,Al-Jawf Region,11/12/2023,Male,32,VIP,Active,2023
CUST-004495,William Al-Malki,william.almalki@icloud.com,9.66507E+12,Khobar,Najran Region,9/15/2025,Male,38,Loyal,Active,2025
CUST-004496,Omar Al-Turki,omar.alturki@yahoo.com,9.66509E+12,Qassim,Riyadh Region,12/10/2023,Male,58,Regular,Active,2023
CUST-004497,Wu Williams,wu.williams@hotmail.com,9.66594E+12,Yanbu,Asir Region,8/10/2023,Female,51,New,Inactive,2023
CUST-004498,Olivia Rao,olivia.rao@icloud.com,9.66535E+12,Jubail,Eastern Province,4/22/2023,Female,24,Loyal,Active,2023
CUST-004499,Robert Al-Farsi,robert.alfarsi@gmail.com,9.66588E+12,Buraidah,Asir Region,3/25/2020,Female,36,Loyal,Active,2020
CUST-004500,Yousef Wu,yousef.wu@yahoo.com,9.66526E+12,Khamis Mushait,Asir Region,5/21/2023,Female,19,Regular,Inactive,2023
CUST-004501,Zhang Singh,zhang.singh@gmail.com,9.66563E+12,Qassim,Al-Bahah Region,6/14/2020,Female,40,VIP,Inactive,2020
CUST-004502,Wei Al-Farsi,wei.alfarsi@outlook.com,9.66527E+12,Jubail,Asir Region,7/3/2022,Male,29,VIP,Inactive,2022
CUST-004503,Saad Al-Malki,saad.almalki@icloud.com,9.66576E+12,Jizan,Asir Region,12/25/2022,Male,34,New,Inactive,2022
CUST-004504,Daniel Al-Khalifa,daniel.alkhalifa@hotmail.com,9.66547E+12,Yanbu,Hail Region,1/15/2022,Male,37,Loyal,Inactive,2022
CUST-004505,William Liu,william.liu@hotmail.com,9.66517E+12,Al-Kharj,Eastern Province,9/29/2020,Female,41,New,Active,2020
CUST-004506,Saad Garcia,saad.garcia@hotmail.com,9.66529E+12,Qassim,Tabuk Region,9/4/2023,Female,59,Loyal,Active,2023
CUST-004507,Sunil Al-Saud,sunil.alsaud@hotmail.com,9.66509E+12,Riyadh,Hail Region,12/5/2024,Female,61,VIP,Inactive,2024
CUST-004508,Ali Li,ali.li@outlook.com,9.66565E+12,Qassim,Jazan Region,10/21/2025,Female,25,Regular,Inactive,2025
CUST-004509,Arjun Garcia,arjun.garcia@gmail.com,9.66527E+12,Yanbu,Riyadh Region,7/22/2025,Male,30,VIP,Inactive,2025
CUST-004510,Reem Chen,reem.chen@yahoo.com,9.66524E+12,Najran,Eastern Province,3/21/2023,Male,42,New,Active,2023
CUST-004511,Yang Sharma,yang.sharma@yahoo.com,9.66542E+12,Jubail,Northern Borders,12/16/2023,Female,44,New,Active,2023
CUST-004512,Saad Al-Zahrani,saad.alzahrani@icloud.com,9.66511E+12,Medina,Tabuk Region,3/9/2025,Male,54,New,Active,2025
CUST-004513,Wang Huang,wang.huang@icloud.com,9.66535E+12,Khamis Mushait,Tabuk Region,2/27/2023,Male,61,New,Active,2023
CUST-004514,Matthew Wang,matthew.wang@gmail.com,9.66527E+12,Jubail,Al-Bahah Region,3/6/2021,Female,42,VIP,Active,2021
CUST-004515,Chen Wu,chen.wu@gmail.com,9.66592E+12,Al-Ahsa,Tabuk Region,1/16/2023,Female,54,VIP,Active,2023
CUST-004516,Zhao Liu,zhao.liu@gmail.com,9.66531E+12,Qassim,Al-Qassim Region,10/17/2021,Male,54,New,Active,2021
CUST-004517,Rana Al-Zahrani,rana.alzahrani@icloud.com,9.66596E+12,Hail,Najran Region,4/25/2023,Male,27,Regular,Active,2023
CUST-004518,Richard Miller,richard.miller@hotmail.com,9.66527E+12,Hail,Najran Region,1/28/2025,Male,51,New,Active,2025
CUST-004519,Huda Yang,huda.yang@outlook.com,9.66557E+12,Khobar,Northern Borders,6/28/2020,Male,53,New,Active,2020
CUST-004520,Harper Chen,harper.chen@gmail.com,9.66518E+12,Qassim,Najran Region,2/25/2020,Male,62,Regular,Active,2020
CUST-004521,Ahmed Singh,ahmed.singh@yahoo.com,9.66578E+12,Dammam,Najran Region,6/15/2024,Female,58,Regular,Active,2024
CUST-004522,Omar Al-Nasser,omar.alnasser@yahoo.com,9.66507E+12,Mecca,Riyadh Region,9/13/2020,Female,54,Regular,Active,2020
CUST-004523,Noura Al-Hassan,noura.alhassan@icloud.com,9.66576E+12,Jizan,Eastern Province,4/7/2021,Female,35,New,Active,2021
CUST-004524,Zhang Al-Mutairi,zhang.almutairi@gmail.com,9.66599E+12,Jeddah,Jazan Region,1/11/2020,Male,47,Regular,Inactive,2020
CUST-004525,Arjun Smith,arjun.smith@icloud.com,9.66543E+12,Qassim,Northern Borders,6/6/2022,Female,52,Regular,Active,2022
CUST-004526,Harper Smith,harper.smith@outlook.com,9.66539E+12,Al-Kharj,Al-Jawf Region,6/19/2025,Female,57,VIP,Active,2025
CUST-004527,Evelyn Al-Qahtani,evelyn.alqahtani@gmail.com,9.66593E+12,Abha,Asir Region,1/12/2024,Female,51,VIP,Active,2024
CUST-004528,Zhang Al-Farsi,zhang.alfarsi@icloud.com,9.66535E+12,Jizan,Al-Jawf Region,6/1/2022,Male,45,New,Inactive,2022
CUST-004529,Mohammed Patel,mohammed.patel@hotmail.com,9.66588E+12,Najran,Asir Region,3/16/2020,Male,55,Loyal,Active,2020
CUST-004530,Maha Al-Mahmoud,maha.almahmoud@icloud.com,9.666E+12,Jeddah,Al-Jawf Region,5/4/2023,Male,45,Loyal,Inactive,2023
CUST-004531,John Al-Saud,john.alsaud@yahoo.com,9.66504E+12,Al-Ahsa,Al-Qassim Region,9/11/2025,Male,35,VIP,Active,2025
CUST-004532,Wu Chen,wu.chen@gmail.com,9.66519E+12,Sakaka,Makkah Region,4/22/2025,Male,50,VIP,Active,2025
CUST-004533,Wei Liu,wei.liu@hotmail.com,9.66587E+12,Taif,Al-Qassim Region,11/20/2022,Male,20,Regular,Active,2022
CUST-004534,Fatima Yang,fatima.yang@icloud.com,9.66566E+12,Qassim,Riyadh Region,7/13/2025,Male,19,New,Inactive,2025
CUST-004535,Raj Al-Turki,raj.alturki@gmail.com,9.66557E+12,Riyadh,Makkah Region,7/31/2025,Female,31,VIP,Active,2025
CUST-004536,John Al-Dosari,john.aldosari@yahoo.com,9.66593E+12,Hail,Hail Region,3/10/2024,Female,50,New,Inactive,2024
CUST-004537,Maha Iyer,maha.iyer@icloud.com,9.66501E+12,Medina,Hail Region,3/31/2021,Male,31,Loyal,Active,2021
CUST-004538,Maha Al-Hassan,maha.alhassan@yahoo.com,9.66549E+12,Buraidah,Jazan Region,6/1/2020,Male,26,VIP,Active,2020
CUST-004539,Amelia Al-Mutairi,amelia.almutairi@gmail.com,9.6657E+12,Al-Ahsa,Eastern Province,6/16/2023,Female,45,New,Inactive,2023
CUST-004540,James Wang,james.wang@outlook.com,9.66525E+12,Qassim,Jazan Region,6/7/2025,Female,47,Loyal,Active,2025
CUST-004541,Huang Al-Ghamdi,huang.alghamdi@icloud.com,9.66535E+12,Al-Ahsa,Eastern Province,5/1/2020,Male,61,New,Active,2020
CUST-004542,Sunil Al-Mutairi,sunil.almutairi@outlook.com,9.66535E+12,Al-Ahsa,Tabuk Region,11/25/2020,Male,34,Regular,Active,2020
CUST-004543,Karan Al-Farsi,karan.alfarsi@yahoo.com,9.66531E+12,Hail,Al-Qassim Region,5/6/2025,Female,47,Regular,Active,2025
CUST-004544,Nikhil Iyer,nikhil.iyer@icloud.com,9.66528E+12,Jubail,Northern Borders,11/10/2023,Female,41,VIP,Active,2023
CUST-004545,Yousef Singh,yousef.singh@icloud.com,9.66568E+12,Hail,Northern Borders,1/14/2024,Male,64,Loyal,Active,2024
CUST-004546,Maha Zhang,maha.zhang@outlook.com,9.66583E+12,Jizan,Tabuk Region,9/20/2025,Female,25,Regular,Active,2025
CUST-004547,Omar Al-Ghamdi,omar.alghamdi@yahoo.com,9.66556E+12,Taif,Northern Borders,12/21/2022,Female,33,Regular,Active,2022
CUST-004548,Daniel Zhou,daniel.zhou@icloud.com,9.66553E+12,Al-Kharj,Tabuk Region,9/14/2025,Female,36,Loyal,Active,2025
CUST-004549,Reem Al-Ahmari,reem.alahmari@hotmail.com,9.66551E+12,Hail,Al-Jawf Region,4/28/2024,Male,30,Loyal,Active,2024
CUST-004550,Thomas Wu,thomas.wu@hotmail.com,9.66512E+12,Khamis Mushait,Makkah Region,6/1/2024,Male,30,Loyal,Active,2024
CUST-004551,Vikram Zhou,vikram.zhou@hotmail.com,9.66559E+12,Taif,Eastern Province,12/30/2021,Male,60,Regular,Active,2021
CUST-004552,Yang Al-Faisal,yang.alfaisal@yahoo.com,9.66542E+12,Sakaka,Al-Jawf Region,2/28/2025,Female,64,New,Active,2025
CUST-004553,Isabella Al-Rashid,isabella.alrashid@gmail.com,9.66567E+12,Al-Ahsa,Tabuk Region,3/4/2022,Female,21,VIP,Inactive,2022
CUST-004554,Abigail Al-Rashid,abigail.alrashid@icloud.com,9.66585E+12,Sakaka,Eastern Province,12/1/2024,Male,34,Regular,Active,2024
CUST-004555,Amelia Al-Jaber,amelia.aljaber@hotmail.com,9.66574E+12,Sakaka,Asir Region,6/6/2023,Female,42,Regular,Inactive,2023
CUST-004556,Richard Al-Qahtani,richard.alqahtani@outlook.com,9.66518E+12,Jubail,Jazan Region,4/18/2024,Female,64,VIP,Inactive,2024
CUST-004557,Karan Al-Ghamdi,karan.alghamdi@icloud.com,9.66544E+12,Mecca,Al-Qassim Region,8/23/2024,Female,28,New,Active,2024
CUST-004558,Wang Huang,wang.huang@gmail.com,9.66505E+12,Tabuk,Al-Jawf Region,9/22/2020,Male,44,New,Active,2020
CUST-004559,John Al-Mutairi,john.almutairi@outlook.com,9.66542E+12,Dammam,Al-Jawf Region,12/17/2025,Female,39,VIP,Inactive,2025
CUST-004560,Pavan Rao,pavan.rao@outlook.com,9.66595E+12,Najran,Al-Qassim Region,1/20/2021,Male,44,New,Active,2021
CUST-004561,Ali Li,ali.li@icloud.com,9.66537E+12,Tabuk,Makkah Region,10/31/2025,Male,40,VIP,Active,2025
CUST-004562,Sara Al-Khalifa,sara.alkhalifa@yahoo.com,9.66545E+12,Al-Kharj,Al-Bahah Region,12/7/2021,Male,29,VIP,Inactive,2021
CUST-004563,Omar Al-Khalifa,omar.alkhalifa@yahoo.com,9.66546E+12,Hail,Jazan Region,11/13/2020,Male,42,Regular,Active,2020
CUST-004564,Maha Al-Jaber,maha.aljaber@yahoo.com,9.66552E+12,Buraidah,Al-Qassim Region,5/29/2021,Female,30,Regular,Active,2021
CUST-004565,Ravi Al-Ghamdi,ravi.alghamdi@yahoo.com,9.66532E+12,Al-Ahsa,Tabuk Region,5/16/2020,Male,51,New,Active,2020
CUST-004566,Robert Al-Rashid,robert.alrashid@outlook.com,9.66564E+12,Buraidah,Tabuk Region,5/1/2022,Male,35,Loyal,Active,2022
CUST-004567,Fatima Al-Faisal,fatima.alfaisal@outlook.com,9.66534E+12,Najran,Northern Borders,2/11/2023,Male,63,Loyal,Active,2023
CUST-004568,Harper Yang,harper.yang@outlook.com,9.66503E+12,Hail,Eastern Province,1/22/2021,Female,64,New,Active,2021
CUST-004569,Karan Al-Saud,karan.alsaud@yahoo.com,9.66552E+12,Jubail,Eastern Province,3/21/2022,Female,50,VIP,Active,2022
CUST-004570,Rana Al-Mahmoud,rana.almahmoud@hotmail.com,9.66586E+12,Khobar,Northern Borders,7/29/2020,Male,64,Regular,Active,2020
CUST-004571,Reem Al-Faisal,reem.alfaisal@outlook.com,9.66523E+12,Taif,Riyadh Region,8/1/2023,Female,33,New,Active,2023
CUST-004572,Huang Al-Shehri,huang.alshehri@gmail.com,9.66539E+12,Riyadh,Riyadh Region,12/26/2022,Female,59,Regular,Active,2022
CUST-004573,James Al-Saud,james.alsaud@yahoo.com,9.66535E+12,Jeddah,Najran Region,7/7/2025,Male,41,Loyal,Inactive,2025
CUST-004574,Wei Al-Turki,wei.alturki@yahoo.com,9.66535E+12,Najran,Hail Region,7/3/2024,Male,50,VIP,Inactive,2024
CUST-004575,Charlotte Al-Shehri,charlotte.alshehri@icloud.com,9.66528E+12,Taif,Asir Region,12/2/2024,Female,51,Loyal,Inactive,2024
CUST-004576,Charlotte Al-Harbi,charlotte.alharbi@gmail.com,9.66556E+12,Jubail,Al-Bahah Region,5/4/2022,Male,51,New,Active,2022
CUST-004577,Abigail Al-Khalifa,abigail.alkhalifa@yahoo.com,9.66569E+12,Jizan,Riyadh Region,3/29/2023,Male,37,VIP,Active,2023
CUST-004578,Yang Sharma,yang.sharma@gmail.com,9.66517E+12,Hail,Riyadh Region,9/26/2023,Female,61,Loyal,Active,2023
CUST-004579,Wei Kumar,wei.kumar@icloud.com,9.66599E+12,Jeddah,Al-Jawf Region,6/17/2024,Female,52,Loyal,Inactive,2024
CUST-004580,Olivia Al-Khalifa,olivia.alkhalifa@yahoo.com,9.66524E+12,Khobar,Tabuk Region,1/14/2022,Male,34,Regular,Active,2022
CUST-004581,Omar Reddy,omar.reddy@yahoo.com,9.66519E+12,Medina,Riyadh Region,10/25/2024,Female,24,Regular,Active,2024
CUST-004582,Pavan Garcia,pavan.garcia@hotmail.com,9.66592E+12,Mecca,Tabuk Region,8/25/2021,Male,27,Loyal,Active,2021
CUST-004583,Yousef Al-Farsi,yousef.alfarsi@yahoo.com,9.66528E+12,Yanbu,Al-Jawf Region,5/9/2021,Female,18,Regular,Active,2021
CUST-004584,Wu Singh,wu.singh@hotmail.com,9.66523E+12,Taif,Al-Bahah Region,10/1/2021,Male,36,Regular,Active,2021
CUST-004585,Ibrahim Jones,ibrahim.jones@yahoo.com,9.66501E+12,Riyadh,Makkah Region,2/20/2022,Male,46,Regular,Inactive,2022
CUST-004586,Arjun Al-Dosari,arjun.aldosari@yahoo.com,9.6655E+12,Abha,Hail Region,9/8/2020,Female,54,New,Active,2020
CUST-004587,Michael Jones,michael.jones@yahoo.com,9.66595E+12,Jizan,Makkah Region,6/8/2025,Female,29,VIP,Inactive,2025
CUST-004588,Maha Nair,maha.nair@outlook.com,9.66565E+12,Jeddah,Najran Region,2/3/2025,Female,55,VIP,Active,2025
CUST-004589,Robert Al-Shehri,robert.alshehri@hotmail.com,9.66508E+12,Tabuk,Riyadh Region,3/19/2025,Male,56,New,Active,2025
CUST-004590,Huda Garcia,huda.garcia@outlook.com,9.66503E+12,Jubail,Asir Region,5/14/2021,Female,45,Loyal,Active,2021
CUST-004591,Richard Al-Shehri,richard.alshehri@outlook.com,9.66537E+12,Khobar,Al-Qassim Region,8/19/2021,Female,38,Loyal,Active,2021
CUST-004592,Liu Mehta,liu.mehta@yahoo.com,9.66583E+12,Buraidah,Asir Region,8/20/2025,Male,22,VIP,Active,2025
CUST-004593,Sara Wu,sara.wu@yahoo.com,9.66523E+12,Khobar,Najran Region,7/2/2022,Male,51,New,Active,2022
CUST-004594,Sophia Kumar,sophia.kumar@yahoo.com,9.66524E+12,Hail,Al-Qassim Region,4/24/2020,Female,27,Loyal,Active,2020
CUST-004595,Nikhil Zhao,nikhil.zhao@hotmail.com,9.66502E+12,Taif,Tabuk Region,10/31/2020,Male,37,VIP,Active,2020
CUST-004596,Fatima Zhao,fatima.zhao@yahoo.com,9.66546E+12,Jizan,Jazan Region,4/17/2020,Male,54,Regular,Active,2020
CUST-004597,Ali Davis,ali.davis@outlook.com,9.66529E+12,Tabuk,Asir Region,2/23/2025,Female,25,VIP,Active,2025
CUST-004598,Zhang Singh,zhang.singh@icloud.com,9.66534E+12,Khamis Mushait,Jazan Region,9/13/2025,Female,57,New,Inactive,2025
CUST-004599,Mohammed Singh,mohammed.singh@yahoo.com,9.66509E+12,Taif,Hail Region,5/29/2025,Female,54,VIP,Active,2025
CUST-004600,Sophia Al-Mutairi,sophia.almutairi@yahoo.com,9.66557E+12,Dammam,Asir Region,1/15/2022,Male,18,New,Active,2022
CUST-004601,Ahmed Yang,ahmed.yang@outlook.com,9.66518E+12,Yanbu,Al-Qassim Region,5/28/2023,Female,43,Loyal,Active,2023
CUST-004602,Matthew Al-Mahmoud,matthew.almahmoud@hotmail.com,9.66529E+12,Medina,Tabuk Region,10/19/2022,Female,59,Loyal,Active,2022
CUST-004603,Ali Yang,ali.yang@outlook.com,9.66593E+12,Dammam,Jazan Region,1/3/2020,Male,39,Regular,Active,2020
CUST-004604,Li Al-Saud,li.alsaud@hotmail.com,9.66512E+12,Jeddah,Hail Region,12/25/2023,Female,29,VIP,Active,2023
CUST-004605,Ibrahim Iyer,ibrahim.iyer@outlook.com,9.66577E+12,Khamis Mushait,Riyadh Region,12/22/2022,Male,65,VIP,Inactive,2022
CUST-004606,William Martinez,william.martinez@outlook.com,9.66504E+12,Tabuk,Northern Borders,12/28/2022,Male,36,VIP,Active,2022
CUST-004607,Sunil Al-Farsi,sunil.alfarsi@gmail.com,9.66565E+12,Taif,Al-Bahah Region,7/10/2022,Male,44,New,Active,2022
CUST-004608,Lina Martinez,lina.martinez@gmail.com,9.66537E+12,Mecca,Hail Region,9/3/2021,Female,30,New,Active,2021
CUST-004609,Evelyn Al-Shehri,evelyn.alshehri@hotmail.com,9.66568E+12,Abha,Al-Jawf Region,5/3/2020,Female,33,New,Active,2020
CUST-004610,Sara Sharma,sara.sharma@yahoo.com,9.66565E+12,Al-Kharj,Jazan Region,2/27/2023,Female,53,Loyal,Active,2023
CUST-004611,Thomas Rao,thomas.rao@outlook.com,9.66545E+12,Khobar,Najran Region,8/21/2024,Male,20,Loyal,Active,2024
CUST-004612,Matthew Liu,matthew.liu@gmail.com,9.66502E+12,Jeddah,Makkah Region,7/7/2021,Female,36,New,Active,2021
CUST-004613,William Wu,william.wu@hotmail.com,9.66522E+12,Medina,Al-Bahah Region,9/16/2025,Female,37,New,Active,2025
CUST-004614,Maha Miller,maha.miller@icloud.com,9.66512E+12,Jeddah,Jazan Region,11/25/2021,Male,62,New,Active,2021
CUST-004615,Zhao Huang,zhao.huang@yahoo.com,9.66505E+12,Al-Kharj,Al-Qassim Region,5/1/2022,Male,63,Loyal,Active,2022
CUST-004616,Omar Miller,omar.miller@gmail.com,9.66522E+12,Jeddah,Jazan Region,6/13/2020,Female,61,Regular,Active,2020
CUST-004617,Mohammed Patel,mohammed.patel@hotmail.com,9.66504E+12,Mecca,Hail Region,11/8/2025,Female,53,VIP,Active,2025
CUST-004618,Robert Nair,robert.nair@gmail.com,9.66567E+12,Najran,Al-Jawf Region,4/19/2021,Female,25,VIP,Inactive,2021
CUST-004619,Lina Patel,lina.patel@gmail.com,9.66556E+12,Riyadh,Al-Qassim Region,12/9/2023,Male,35,Regular,Active,2023
CUST-004620,Emma Al-Ghamdi,emma.alghamdi@yahoo.com,9.66516E+12,Abha,Najran Region,5/9/2024,Male,24,VIP,Active,2024
CUST-004621,Abdullah Al-Qahtani,abdullah.alqahtani@outlook.com,9.66527E+12,Medina,Tabuk Region,5/1/2022,Female,57,Regular,Active,2022
CUST-004622,Abdullah Al-Harbi,abdullah.alharbi@outlook.com,9.6652E+12,Yanbu,Hail Region,2/12/2020,Female,62,Loyal,Active,2020
CUST-004623,John Patel,john.patel@yahoo.com,9.66511E+12,Jubail,Asir Region,8/6/2025,Male,29,Regular,Active,2025
CUST-004624,Daniel Al-Farsi,daniel.alfarsi@hotmail.com,9.66508E+12,Buraidah,Hail Region,12/25/2021,Female,19,Loyal,Active,2021
CUST-004625,Sanjay Zhou,sanjay.zhou@outlook.com,9.66593E+12,Hail,Asir Region,8/19/2022,Female,20,New,Active,2022
CUST-004626,Wu Zhao,wu.zhao@icloud.com,9.66594E+12,Mecca,Al-Qassim Region,2/6/2021,Female,21,New,Inactive,2021
CUST-004627,Abigail Al-Dosari,abigail.aldosari@icloud.com,9.66513E+12,Sakaka,Jazan Region,3/29/2021,Male,60,Regular,Inactive,2021
CUST-004628,Isabella Rao,isabella.rao@hotmail.com,9.66516E+12,Al-Kharj,Tabuk Region,9/6/2021,Female,34,Regular,Active,2021
CUST-004629,Sunil Singh,sunil.singh@gmail.com,9.66526E+12,Yanbu,Tabuk Region,12/12/2021,Female,33,Loyal,Inactive,2021
CUST-004630,Zhang Reddy,zhang.reddy@outlook.com,9.66548E+12,Mecca,Makkah Region,6/2/2020,Female,22,Regular,Inactive,2020
CUST-004631,Raj Al-Mahmoud,raj.almahmoud@yahoo.com,9.66573E+12,Taif,Asir Region,3/19/2020,Female,49,Loyal,Active,2020
CUST-004632,Abigail Liu,abigail.liu@yahoo.com,9.66567E+12,Al-Ahsa,Najran Region,9/29/2020,Male,49,New,Inactive,2020
CUST-004633,Ravi Al-Malki,ravi.almalki@hotmail.com,9.66508E+12,Sakaka,Asir Region,1/8/2024,Male,63,Regular,Active,2024
CUST-004634,Sanjay Al-Nasser,sanjay.alnasser@gmail.com,9.66557E+12,Al-Kharj,Eastern Province,8/12/2020,Male,60,Regular,Active,2020
CUST-004635,Robert Al-Qahtani,robert.alqahtani@outlook.com,9.66521E+12,Mecca,Jazan Region,9/10/2021,Female,64,New,Active,2021
CUST-004636,Robert Al-Faisal,robert.alfaisal@outlook.com,9.66509E+12,Yanbu,Al-Qassim Region,9/29/2024,Male,23,New,Inactive,2024
CUST-004637,Maha Al-Rashid,maha.alrashid@yahoo.com,9.66591E+12,Al-Kharj,Eastern Province,5/9/2025,Female,48,Regular,Active,2025
CUST-004638,Mohammed Al-Jaber,mohammed.aljaber@icloud.com,9.66564E+12,Tabuk,Asir Region,11/20/2023,Male,43,Loyal,Active,2023
CUST-004639,Vikram Li,vikram.li@outlook.com,9.66506E+12,Najran,Riyadh Region,11/25/2025,Male,59,New,Active,2025
CUST-004640,Wang Al-Ghamdi,wang.alghamdi@icloud.com,9.66508E+12,Tabuk,Riyadh Region,8/31/2024,Male,41,New,Inactive,2024
CUST-004641,Pavan Zhang,pavan.zhang@gmail.com,9.66556E+12,Yanbu,Tabuk Region,6/30/2023,Male,55,VIP,Active,2023
CUST-004642,Zhang Al-Malki,zhang.almalki@hotmail.com,9.66537E+12,Mecca,Northern Borders,7/16/2020,Female,18,Regular,Inactive,2020
CUST-004643,Raj Al-Nasser,raj.alnasser@icloud.com,9.66592E+12,Al-Ahsa,Northern Borders,1/12/2021,Male,58,New,Active,2021
CUST-004644,Abigail Chen,abigail.chen@yahoo.com,9.66568E+12,Khamis Mushait,Tabuk Region,2/28/2020,Male,26,New,Active,2020
CUST-004645,Daniel Davis,daniel.davis@icloud.com,9.66513E+12,Jubail,Northern Borders,12/2/2024,Female,41,New,Active,2024
CUST-004646,Maha Williams,maha.williams@outlook.com,9.6656E+12,Tabuk,Al-Bahah Region,3/6/2021,Female,46,VIP,Active,2021
CUST-004647,Huang Johnson,huang.johnson@icloud.com,9.66552E+12,Qassim,Asir Region,5/31/2024,Male,30,New,Active,2024
CUST-004648,Thomas Li,thomas.li@hotmail.com,9.66587E+12,Al-Ahsa,Hail Region,6/8/2024,Female,41,Regular,Active,2024
CUST-004649,Khalid Kumar,khalid.kumar@yahoo.com,9.6655E+12,Jubail,Tabuk Region,4/7/2022,Male,49,New,Inactive,2022
CUST-004650,Saad Smith,saad.smith@gmail.com,9.66578E+12,Jeddah,Al-Bahah Region,4/15/2020,Male,49,New,Active,2020
CUST-004651,Abdullah Al-Rashid,abdullah.alrashid@yahoo.com,9.66521E+12,Khamis Mushait,Eastern Province,9/7/2022,Female,24,Loyal,Active,2022
CUST-004652,Evelyn Al-Dosari,evelyn.aldosari@icloud.com,9.66509E+12,Al-Ahsa,Hail Region,6/26/2025,Female,25,Loyal,Active,2025
CUST-004653,Fahad Huang,fahad.huang@gmail.com,9.66576E+12,Taif,Tabuk Region,12/24/2022,Male,35,Regular,Inactive,2022
CUST-004654,Reem Al-Khalifa,reem.alkhalifa@outlook.com,9.66517E+12,Dammam,Eastern Province,11/22/2021,Female,62,Loyal,Active,2021
CUST-004655,Thomas Al-Zahrani,thomas.alzahrani@gmail.com,9.66555E+12,Jeddah,Eastern Province,4/11/2024,Male,65,Regular,Inactive,2024
CUST-004656,Vikram Martinez,vikram.martinez@outlook.com,9.66555E+12,Al-Kharj,Eastern Province,1/7/2021,Female,42,Loyal,Active,2021
CUST-004657,Liu Zhou,liu.zhou@icloud.com,9.66534E+12,Al-Kharj,Jazan Region,1/29/2023,Female,30,New,Inactive,2023
CUST-004658,Ali Johnson,ali.johnson@yahoo.com,9.66585E+12,Qassim,Jazan Region,8/8/2024,Male,58,VIP,Active,2024
CUST-004659,Rana Jones,rana.jones@yahoo.com,9.66574E+12,Jizan,Al-Jawf Region,5/31/2020,Male,50,VIP,Active,2020
CUST-004660,Michael Jones,michael.jones@outlook.com,9.66595E+12,Al-Ahsa,Northern Borders,6/4/2022,Male,51,Regular,Active,2022
CUST-004661,Fatima Al-Hassan,fatima.alhassan@icloud.com,9.66501E+12,Khobar,Tabuk Region,11/10/2021,Female,52,VIP,Active,2021
CUST-004662,Zhang Williams,zhang.williams@hotmail.com,9.6657E+12,Mecca,Hail Region,10/11/2020,Male,25,Loyal,Active,2020
CUST-004663,William Al-Khalifa,william.alkhalifa@gmail.com,9.66589E+12,Yanbu,Riyadh Region,12/29/2020,Male,42,Loyal,Active,2020
CUST-004664,Sophia Zhou,sophia.zhou@outlook.com,9.66583E+12,Buraidah,Eastern Province,2/22/2024,Female,41,Regular,Inactive,2024
CUST-004665,Noura Yang,noura.yang@hotmail.com,9.6655E+12,Jeddah,Al-Jawf Region,5/16/2023,Female,58,VIP,Active,2023
CUST-004666,Ravi Jones,ravi.jones@icloud.com,9.66586E+12,Tabuk,Najran Region,3/24/2022,Female,42,Loyal,Inactive,2022
CUST-004667,Pavan Al-Otaibi,pavan.alotaibi@icloud.com,9.66514E+12,Buraidah,Al-Qassim Region,12/15/2025,Female,20,Regular,Inactive,2025
CUST-004668,Sunil Reddy,sunil.reddy@hotmail.com,9.66533E+12,Qassim,Al-Bahah Region,7/2/2022,Male,40,Regular,Active,2022
CUST-004669,Emma Al-Otaibi,emma.alotaibi@outlook.com,9.66592E+12,Sakaka,Riyadh Region,4/8/2023,Female,51,Loyal,Active,2023
CUST-004670,Khalid Patel,khalid.patel@gmail.com,9.6659E+12,Abha,Asir Region,2/9/2023,Female,22,Regular,Inactive,2023
CUST-004671,Isabella Al-Farsi,isabella.alfarsi@icloud.com,9.66546E+12,Taif,Makkah Region,9/11/2025,Male,30,Loyal,Inactive,2025
CUST-004672,Isabella Al-Zahrani,isabella.alzahrani@hotmail.com,9.66575E+12,Dammam,Hail Region,4/6/2020,Female,37,Regular,Inactive,2020
CUST-004673,Zhang Al-Malki,zhang.almalki@gmail.com,9.66539E+12,Najran,Al-Jawf Region,8/31/2020,Male,46,Loyal,Active,2020
CUST-004674,Daniel Singh,daniel.singh@hotmail.com,9.66501E+12,Hail,Asir Region,7/29/2023,Female,58,Loyal,Active,2023
CUST-004675,Vikram Jones,vikram.jones@outlook.com,9.66574E+12,Tabuk,Northern Borders,10/5/2020,Female,29,VIP,Active,2020
CUST-004676,Maha Al-Qahtani,maha.alqahtani@hotmail.com,9.66517E+12,Abha,Eastern Province,7/18/2023,Female,44,New,Active,2023
CUST-004677,Sophia Al-Jaber,sophia.aljaber@yahoo.com,9.6655E+12,Abha,Northern Borders,5/20/2023,Female,22,Loyal,Inactive,2023
CUST-004678,Sara Al-Mutairi,sara.almutairi@outlook.com,9.66558E+12,Jubail,Asir Region,9/3/2020,Female,22,VIP,Active,2020
CUST-004679,Mohammed Al-Qahtani,mohammed.alqahtani@outlook.com,9.66542E+12,Sakaka,Northern Borders,6/9/2023,Male,64,New,Active,2023
CUST-004680,Chen Al-Mahmoud,chen.almahmoud@icloud.com,9.66525E+12,Yanbu,Al-Jawf Region,9/23/2025,Male,61,VIP,Inactive,2025
CUST-004681,Vikram Iyer,vikram.iyer@yahoo.com,9.66578E+12,Abha,Al-Jawf Region,4/24/2025,Female,48,Loyal,Active,2025
CUST-004682,Rana Al-Rashid,rana.alrashid@yahoo.com,9.66535E+12,Jubail,Makkah Region,3/5/2023,Female,25,Regular,Active,2023
CUST-004683,Maha Al-Turki,maha.alturki@gmail.com,9.66528E+12,Khobar,Northern Borders,12/29/2023,Female,39,Regular,Inactive,2023
CUST-004684,Lina Al-Turki,lina.alturki@outlook.com,9.66576E+12,Jizan,Eastern Province,2/3/2025,Female,34,VIP,Active,2025
CUST-004685,Ahmed Jones,ahmed.jones@hotmail.com,9.666E+12,Khamis Mushait,Al-Qassim Region,10/7/2022,Female,41,VIP,Active,2022
CUST-004686,Huda Reddy,huda.reddy@hotmail.com,9.66523E+12,Jeddah,Al-Qassim Region,12/9/2022,Female,20,VIP,Active,2022
CUST-004687,Yang Miller,yang.miller@outlook.com,9.66566E+12,Khamis Mushait,Al-Bahah Region,4/2/2022,Male,22,Loyal,Active,2022
CUST-004688,Nikhil Al-Mutairi,nikhil.almutairi@icloud.com,9.66527E+12,Jeddah,Tabuk Region,9/10/2022,Female,64,Regular,Inactive,2022
CUST-004689,Daniel Al-Shehri,daniel.alshehri@hotmail.com,9.66584E+12,Taif,Al-Jawf Region,12/27/2022,Male,19,Regular,Inactive,2022
CUST-004690,Abigail Al-Mutairi,abigail.almutairi@outlook.com,9.66538E+12,Hail,Tabuk Region,1/12/2023,Male,35,New,Active,2023
CUST-004691,Abigail Al-Jaber,abigail.aljaber@hotmail.com,9.66581E+12,Buraidah,Al-Bahah Region,10/3/2024,Female,62,New,Inactive,2024
CUST-004692,Sunil Rao,sunil.rao@outlook.com,9.66534E+12,Khobar,Jazan Region,11/9/2021,Female,46,Loyal,Active,2021
CUST-004693,Abdullah Patel,abdullah.patel@outlook.com,9.66587E+12,Tabuk,Jazan Region,12/14/2020,Female,44,New,Active,2020
CUST-004694,Sara Al-Shehri,sara.alshehri@outlook.com,9.66536E+12,Jubail,Makkah Region,8/18/2022,Female,30,New,Active,2022
CUST-004695,Mohammed Al-Mutairi,mohammed.almutairi@yahoo.com,9.66519E+12,Medina,Northern Borders,10/7/2024,Female,63,New,Active,2024
CUST-004696,Sara Martinez,sara.martinez@outlook.com,9.66598E+12,Khamis Mushait,Al-Bahah Region,11/2/2024,Female,43,Regular,Active,2024
CUST-004697,Sophia Al-Malki,sophia.almalki@yahoo.com,9.66547E+12,Al-Kharj,Al-Jawf Region,1/12/2022,Male,34,Loyal,Active,2022
CUST-004698,Vikram Yang,vikram.yang@outlook.com,9.66572E+12,Al-Ahsa,Makkah Region,5/26/2024,Female,23,VIP,Inactive,2024
CUST-004699,Arjun Huang,arjun.huang@hotmail.com,9.66579E+12,Dammam,Hail Region,2/11/2025,Female,62,Regular,Active,2025
CUST-004700,John Al-Farsi,john.alfarsi@icloud.com,9.66582E+12,Riyadh,Al-Qassim Region,2/13/2022,Female,22,Regular,Active,2022
CUST-004701,Huda Miller,huda.miller@hotmail.com,9.66543E+12,Buraidah,Jazan Region,1/27/2021,Male,40,VIP,Inactive,2021
CUST-004702,Fatima Johnson,fatima.johnson@gmail.com,9.66583E+12,Al-Kharj,Hail Region,12/11/2020,Female,23,New,Active,2020
CUST-004703,Chen Al-Otaibi,chen.alotaibi@outlook.com,9.66577E+12,Yanbu,Al-Jawf Region,3/19/2022,Male,31,New,Active,2022
CUST-004704,Huang Martinez,huang.martinez@hotmail.com,9.66538E+12,Tabuk,Asir Region,6/27/2024,Female,28,VIP,Active,2024
CUST-004705,Ahmed Jones,ahmed.jones@hotmail.com,9.66534E+12,Khobar,Al-Bahah Region,12/28/2020,Male,24,Regular,Active,2020
CUST-004706,Dana Al-Mutairi,dana.almutairi@outlook.com,9.66575E+12,Sakaka,Makkah Region,4/11/2023,Female,54,Loyal,Active,2023
CUST-004707,Ali Jones,ali.jones@gmail.com,9.66571E+12,Najran,Northern Borders,12/22/2025,Male,41,Regular,Active,2025
CUST-004708,Ali Al-Shehri,ali.alshehri@hotmail.com,9.66535E+12,Buraidah,Hail Region,5/9/2024,Male,43,Loyal,Inactive,2024
CUST-004709,Sophia Zhang,sophia.zhang@yahoo.com,9.66568E+12,Yanbu,Asir Region,9/13/2024,Female,60,VIP,Active,2024
CUST-004710,Huang Zhao,huang.zhao@icloud.com,9.66511E+12,Jizan,Asir Region,6/25/2021,Female,46,Regular,Inactive,2021
CUST-004711,Yousef Al-Saud,yousef.alsaud@gmail.com,9.66561E+12,Taif,Eastern Province,4/21/2023,Male,57,Regular,Active,2023
CUST-004712,Fahad Zhou,fahad.zhou@yahoo.com,9.66547E+12,Taif,Asir Region,10/29/2023,Male,45,Loyal,Inactive,2023
CUST-004713,Huang Smith,huang.smith@gmail.com,9.66599E+12,Tabuk,Najran Region,5/20/2025,Male,25,New,Active,2025
CUST-004714,Wu Al-Otaibi,wu.alotaibi@yahoo.com,9.66583E+12,Al-Kharj,Al-Qassim Region,8/31/2025,Male,55,New,Active,2025
CUST-004715,James Al-Rashid,james.alrashid@hotmail.com,9.66596E+12,Buraidah,Jazan Region,10/10/2024,Male,45,New,Active,2024
CUST-004716,Sophia Al-Harbi,sophia.alharbi@yahoo.com,9.66505E+12,Riyadh,Riyadh Region,8/31/2023,Female,44,New,Active,2023
CUST-004717,Li Al-Mutairi,li.almutairi@yahoo.com,9.66515E+12,Tabuk,Asir Region,9/1/2024,Male,40,Loyal,Active,2024
CUST-004718,Aisha Johnson,aisha.johnson@gmail.com,9.66513E+12,Najran,Tabuk Region,9/23/2023,Male,54,New,Active,2023
CUST-004719,Evelyn Al-Khalifa,evelyn.alkhalifa@gmail.com,9.66596E+12,Sakaka,Al-Jawf Region,7/12/2020,Male,33,Loyal,Active,2020
CUST-004720,Khalid Li,khalid.li@outlook.com,9.66559E+12,Dammam,Riyadh Region,2/18/2024,Female,52,Regular,Active,2024
CUST-004721,Mohammed Huang,mohammed.huang@gmail.com,9.66517E+12,Khamis Mushait,Riyadh Region,3/15/2021,Male,39,Regular,Active,2021
CUST-004722,Mohammed Zhou,mohammed.zhou@outlook.com,9.66544E+12,Sakaka,Tabuk Region,1/30/2024,Male,59,VIP,Inactive,2024
CUST-004723,Olivia Brown,olivia.brown@yahoo.com,9.66501E+12,Al-Kharj,Northern Borders,5/16/2020,Male,41,Regular,Active,2020
CUST-004724,Aisha Al-Saud,aisha.alsaud@gmail.com,9.66554E+12,Khobar,Hail Region,11/4/2024,Male,37,New,Active,2024
CUST-004725,Evelyn Li,evelyn.li@gmail.com,9.66547E+12,Taif,Najran Region,9/15/2023,Female,40,New,Active,2023
CUST-004726,Amelia Al-Mahmoud,amelia.almahmoud@yahoo.com,9.66525E+12,Jeddah,Hail Region,1/19/2025,Female,24,New,Inactive,2025
CUST-004727,Noura Sharma,noura.sharma@yahoo.com,9.66592E+12,Riyadh,Asir Region,10/2/2025,Male,62,Loyal,Active,2025
CUST-004728,Olivia Rao,olivia.rao@gmail.com,9.66596E+12,Dammam,Makkah Region,9/9/2025,Female,61,Loyal,Inactive,2025
CUST-004729,Yang Al-Hassan,yang.alhassan@gmail.com,9.66544E+12,Sakaka,Tabuk Region,8/14/2021,Male,20,Regular,Active,2021
CUST-004730,Nikhil Chen,nikhil.chen@hotmail.com,9.66578E+12,Tabuk,Al-Qassim Region,7/3/2020,Male,48,New,Active,2020
CUST-004731,Daniel Wang,daniel.wang@yahoo.com,9.66513E+12,Jeddah,Hail Region,8/4/2024,Female,51,VIP,Active,2024
CUST-004732,Ravi Al-Ghamdi,ravi.alghamdi@outlook.com,9.66548E+12,Al-Ahsa,Najran Region,11/14/2020,Male,34,New,Inactive,2020
CUST-004733,David Al-Mutairi,david.almutairi@gmail.com,9.66541E+12,Hail,Riyadh Region,10/21/2020,Male,33,Loyal,Active,2020
CUST-004734,Olivia Al-Harbi,olivia.alharbi@gmail.com,9.66505E+12,Khamis Mushait,Hail Region,5/31/2023,Male,64,Regular,Active,2023
CUST-004735,Arjun Miller,arjun.miller@icloud.com,9.66511E+12,Al-Kharj,Tabuk Region,8/25/2023,Male,38,VIP,Active,2023
CUST-004736,Ravi Huang,ravi.huang@outlook.com,9.66525E+12,Najran,Northern Borders,11/16/2020,Female,35,New,Active,2020
CUST-004737,Arjun Al-Hassan,arjun.alhassan@icloud.com,9.66587E+12,Jeddah,Makkah Region,8/27/2020,Male,60,Regular,Active,2020
CUST-004738,Michael Al-Farsi,michael.alfarsi@icloud.com,9.66542E+12,Jubail,Northern Borders,3/24/2021,Male,24,VIP,Inactive,2021
CUST-004739,Lina Smith,lina.smith@hotmail.com,9.66509E+12,Jizan,Al-Bahah Region,11/5/2023,Male,61,Loyal,Active,2023
CUST-004740,Yousef Al-Ahmari,yousef.alahmari@outlook.com,9.66569E+12,Buraidah,Najran Region,12/26/2020,Male,18,New,Active,2020
CUST-004741,Sara Al-Hassan,sara.alhassan@yahoo.com,9.66531E+12,Medina,Northern Borders,2/5/2025,Female,39,VIP,Active,2025
CUST-004742,Vikram Mehta,vikram.mehta@yahoo.com,9.66524E+12,Qassim,Al-Bahah Region,2/26/2022,Female,50,VIP,Active,2022
CUST-004743,Reem Garcia,reem.garcia@hotmail.com,9.66546E+12,Khobar,Eastern Province,8/31/2025,Male,65,Loyal,Active,2025
CUST-004744,Arjun Wu,arjun.wu@gmail.com,9.66554E+12,Khamis Mushait,Al-Jawf Region,2/25/2020,Female,64,VIP,Active,2020
CUST-004745,Abigail Al-Nasser,abigail.alnasser@hotmail.com,9.66528E+12,Mecca,Northern Borders,8/5/2022,Female,27,VIP,Active,2022
CUST-004746,Olivia Johnson,olivia.johnson@gmail.com,9.66508E+12,Jubail,Eastern Province,3/27/2025,Female,25,New,Active,2025
CUST-004747,Harper Al-Qahtani,harper.alqahtani@hotmail.com,9.66579E+12,Khamis Mushait,Al-Bahah Region,12/10/2020,Female,39,VIP,Active,2020
CUST-004748,Charlotte Martinez,charlotte.martinez@icloud.com,9.66556E+12,Khobar,Al-Qassim Region,10/3/2024,Female,33,VIP,Active,2024
CUST-004749,Yousef Al-Zahrani,yousef.alzahrani@outlook.com,9.66533E+12,Qassim,Tabuk Region,8/2/2021,Female,51,Loyal,Active,2021
CUST-004750,Amelia Chen,amelia.chen@gmail.com,9.66521E+12,Dammam,Al-Qassim Region,11/7/2020,Female,29,Loyal,Active,2020
CUST-004751,Nikhil Al-Zahrani,nikhil.alzahrani@yahoo.com,9.66543E+12,Jeddah,Tabuk Region,10/6/2023,Female,51,New,Active,2023
CUST-004752,Saad Rodriguez,saad.rodriguez@hotmail.com,9.66563E+12,Najran,Asir Region,9/5/2020,Male,21,Regular,Active,2020
CUST-004753,Zhang Al-Shehri,zhang.alshehri@yahoo.com,9.66501E+12,Medina,Makkah Region,5/13/2022,Male,36,Loyal,Active,2022
CUST-004754,Wang Martinez,wang.martinez@yahoo.com,9.66515E+12,Abha,Jazan Region,5/12/2025,Male,41,VIP,Inactive,2025
CUST-004755,Yousef Al-Khalifa,yousef.alkhalifa@yahoo.com,9.66577E+12,Riyadh,Al-Jawf Region,6/3/2021,Female,21,VIP,Inactive,2021
CUST-004756,Matthew Reddy,matthew.reddy@icloud.com,9.66579E+12,Al-Kharj,Al-Bahah Region,10/23/2025,Female,62,Regular,Active,2025
CUST-004757,William Al-Turki,william.alturki@icloud.com,9.6657E+12,Buraidah,Makkah Region,9/17/2020,Male,40,New,Active,2020
CUST-004758,Ravi Iyer,ravi.iyer@hotmail.com,9.66599E+12,Jizan,Jazan Region,11/18/2021,Female,63,Loyal,Active,2021
CUST-004759,Noura Huang,noura.huang@outlook.com,9.66581E+12,Jeddah,Jazan Region,4/8/2021,Male,57,VIP,Active,2021
CUST-004760,John Al-Ghamdi,john.alghamdi@hotmail.com,9.66523E+12,Jeddah,Makkah Region,9/27/2020,Male,48,New,Active,2020
CUST-004761,Ibrahim Al-Malki,ibrahim.almalki@hotmail.com,9.66594E+12,Abha,Al-Jawf Region,7/20/2021,Male,53,New,Active,2021
CUST-004762,Lina Brown,lina.brown@gmail.com,9.66562E+12,Yanbu,Northern Borders,4/15/2025,Female,61,VIP,Active,2025
CUST-004763,Harper Li,harper.li@gmail.com,9.66573E+12,Medina,Al-Qassim Region,11/28/2025,Female,22,New,Active,2025
CUST-004764,James Li,james.li@icloud.com,9.66573E+12,Abha,Al-Qassim Region,9/2/2020,Male,49,New,Active,2020
CUST-004765,Vikram Sharma,vikram.sharma@icloud.com,9.66561E+12,Khobar,Northern Borders,5/19/2023,Male,31,Loyal,Active,2023
CUST-004766,Amit Martinez,amit.martinez@hotmail.com,9.66588E+12,Buraidah,Al-Bahah Region,3/21/2024,Male,46,New,Active,2024
CUST-004767,Matthew Al-Faisal,matthew.alfaisal@icloud.com,9.66576E+12,Riyadh,Najran Region,4/4/2020,Female,59,Loyal,Active,2020
CUST-004768,Khalid Li,khalid.li@icloud.com,9.66549E+12,Buraidah,Tabuk Region,7/20/2020,Male,27,Loyal,Active,2020
CUST-004769,Nikhil Zhang,nikhil.zhang@icloud.com,9.66543E+12,Taif,Tabuk Region,8/4/2022,Female,56,Regular,Active,2022
CUST-004770,Robert Iyer,robert.iyer@gmail.com,9.66545E+12,Qassim,Northern Borders,2/21/2025,Male,25,New,Active,2025
CUST-004771,Khalid Liu,khalid.liu@yahoo.com,9.66577E+12,Abha,Tabuk Region,12/29/2024,Female,36,Loyal,Active,2024
CUST-004772,Isabella Al-Khalifa,isabella.alkhalifa@hotmail.com,9.66553E+12,Al-Ahsa,Asir Region,9/19/2022,Male,58,New,Active,2022
CUST-004773,Richard Li,richard.li@hotmail.com,9.66543E+12,Tabuk,Hail Region,2/9/2023,Female,39,Loyal,Inactive,2023
CUST-004774,Matthew Al-Saud,matthew.alsaud@gmail.com,9.66579E+12,Jeddah,Jazan Region,12/15/2024,Male,37,VIP,Active,2024
CUST-004775,Noura Al-Otaibi,noura.alotaibi@gmail.com,9.66518E+12,Tabuk,Makkah Region,12/9/2022,Male,27,Loyal,Active,2022
CUST-004776,David Zhao,david.zhao@yahoo.com,9.6652E+12,Khobar,Al-Qassim Region,1/3/2024,Female,46,Regular,Active,2024
CUST-004777,Omar Sharma,omar.sharma@hotmail.com,9.6656E+12,Khobar,Hail Region,3/4/2021,Female,48,VIP,Inactive,2021
CUST-004778,David Iyer,david.iyer@hotmail.com,9.6653E+12,Jizan,Tabuk Region,9/29/2021,Female,31,Loyal,Active,2021
CUST-004779,Ibrahim Zhang,ibrahim.zhang@yahoo.com,9.66521E+12,Khobar,Eastern Province,7/29/2020,Female,22,New,Active,2020
CUST-004780,Reem Huang,reem.huang@outlook.com,9.66507E+12,Khobar,Northern Borders,10/26/2023,Male,63,New,Active,2023
CUST-004781,Amit Davis,amit.davis@icloud.com,9.66577E+12,Jeddah,Al-Qassim Region,8/11/2024,Female,32,Loyal,Active,2024
CUST-004782,James Al-Harbi,james.alharbi@gmail.com,9.66594E+12,Khobar,Makkah Region,11/3/2023,Female,64,Regular,Active,2023
CUST-004783,Omar Sharma,omar.sharma@gmail.com,9.66566E+12,Jeddah,Northern Borders,5/9/2024,Male,61,VIP,Inactive,2024
CUST-004784,Isabella Miller,isabella.miller@hotmail.com,9.66553E+12,Tabuk,Northern Borders,10/21/2022,Female,22,New,Active,2022
CUST-004785,Li Al-Harbi,li.alharbi@yahoo.com,9.66508E+12,Al-Kharj,Northern Borders,7/6/2025,Female,65,New,Active,2025
CUST-004786,Omar Nair,omar.nair@yahoo.com,9.66534E+12,Medina,Hail Region,5/5/2021,Female,38,New,Inactive,2021
CUST-004787,Robert Wang,robert.wang@icloud.com,9.66529E+12,Yanbu,Riyadh Region,10/13/2023,Female,40,Regular,Active,2023
CUST-004788,Maha Al-Dosari,maha.aldosari@yahoo.com,9.66543E+12,Khobar,Riyadh Region,7/21/2025,Male,36,Regular,Active,2025
CUST-004789,Wei Al-Dosari,wei.aldosari@gmail.com,9.66577E+12,Khobar,Eastern Province,8/10/2021,Female,34,VIP,Inactive,2021
CUST-004790,Amelia Williams,amelia.williams@outlook.com,9.66575E+12,Khobar,Najran Region,6/16/2024,Male,23,Loyal,Active,2024
CUST-004791,Yang Al-Mutairi,yang.almutairi@outlook.com,9.66587E+12,Tabuk,Najran Region,10/14/2025,Male,25,New,Active,2025
CUST-004792,Li Brown,li.brown@gmail.com,9.66553E+12,Al-Kharj,Eastern Province,5/1/2022,Male,41,Regular,Active,2022
CUST-004793,Noura Mehta,noura.mehta@outlook.com,9.66552E+12,Taif,Tabuk Region,11/17/2025,Male,43,Regular,Active,2025
CUST-004794,Rana Davis,rana.davis@icloud.com,9.66596E+12,Qassim,Tabuk Region,8/5/2024,Male,35,New,Active,2024
CUST-004795,Richard Al-Zahrani,richard.alzahrani@outlook.com,9.66555E+12,Buraidah,Eastern Province,3/28/2025,Male,30,Loyal,Active,2025
CUST-004796,Yousef Al-Ahmari,yousef.alahmari@hotmail.com,9.66562E+12,Jizan,Al-Qassim Region,5/22/2020,Female,48,Loyal,Active,2020
CUST-004797,Omar Al-Farsi,omar.alfarsi@icloud.com,9.6657E+12,Najran,Tabuk Region,4/18/2023,Male,55,New,Active,2023
CUST-004798,Aisha Li,aisha.li@outlook.com,9.66503E+12,Sakaka,Al-Jawf Region,8/24/2024,Female,20,VIP,Active,2024
CUST-004799,Noura Kumar,noura.kumar@outlook.com,9.66524E+12,Al-Ahsa,Eastern Province,1/28/2023,Female,60,VIP,Active,2023
CUST-004800,Li Reddy,li.reddy@gmail.com,9.66548E+12,Najran,Makkah Region,12/14/2020,Male,43,VIP,Active,2020
CUST-004801,Amit Garcia,amit.garcia@yahoo.com,9.66526E+12,Jubail,Al-Qassim Region,10/18/2020,Male,22,Loyal,Inactive,2020
CUST-004802,Michael Al-Ahmari,michael.alahmari@yahoo.com,9.66559E+12,Khobar,Al-Jawf Region,2/3/2025,Male,55,New,Active,2025
CUST-004803,Evelyn Rodriguez,evelyn.rodriguez@yahoo.com,9.66523E+12,Sakaka,Eastern Province,11/27/2023,Male,52,VIP,Active,2023
CUST-004804,Charlotte Rao,charlotte.rao@hotmail.com,9.66576E+12,Mecca,Jazan Region,7/17/2024,Female,61,Loyal,Active,2024
CUST-004805,Sara Al-Turki,sara.alturki@hotmail.com,9.66558E+12,Khamis Mushait,Asir Region,11/20/2024,Female,18,Loyal,Inactive,2024
CUST-004806,Charlotte Brown,charlotte.brown@yahoo.com,9.66542E+12,Khamis Mushait,Asir Region,3/7/2022,Female,50,Regular,Active,2022
CUST-004807,Zhang Al-Saud,zhang.alsaud@gmail.com,9.6656E+12,Al-Kharj,Eastern Province,5/12/2024,Female,51,Loyal,Active,2024
CUST-004808,Vikram Liu,vikram.liu@gmail.com,9.66581E+12,Jubail,Al-Qassim Region,2/21/2024,Female,39,Regular,Active,2024
CUST-004809,Mohammed Al-Ghamdi,mohammed.alghamdi@yahoo.com,9.66528E+12,Najran,Riyadh Region,4/6/2022,Female,60,New,Active,2022
CUST-004810,Emma Al-Rashid,emma.alrashid@icloud.com,9.66529E+12,Jeddah,Asir Region,6/28/2022,Female,23,VIP,Active,2022
CUST-004811,Karan Al-Ahmari,karan.alahmari@yahoo.com,9.66575E+12,Al-Ahsa,Eastern Province,8/5/2025,Male,55,Regular,Active,2025
CUST-004812,Karan Nair,karan.nair@icloud.com,9.66595E+12,Al-Kharj,Hail Region,12/1/2022,Male,49,Loyal,Active,2022
CUST-004813,Abigail Garcia,abigail.garcia@yahoo.com,9.66569E+12,Khamis Mushait,Asir Region,8/1/2021,Female,19,Loyal,Active,2021
CUST-004814,Li Zhang,li.zhang@gmail.com,9.66596E+12,Sakaka,Najran Region,3/5/2021,Female,22,New,Inactive,2021
CUST-004815,Li Zhang,li.zhang@gmail.com,9.66598E+12,Qassim,Al-Bahah Region,9/12/2020,Female,19,Regular,Active,2020
CUST-004816,William Al-Mahmoud,william.almahmoud@yahoo.com,9.66573E+12,Taif,Tabuk Region,9/10/2023,Male,29,Loyal,Active,2023
CUST-004817,Evelyn Miller,evelyn.miller@yahoo.com,9.66568E+12,Abha,Eastern Province,6/6/2025,Male,29,Regular,Active,2025
CUST-004818,Li Kumar,li.kumar@hotmail.com,9.66533E+12,Hail,Riyadh Region,1/29/2021,Female,57,Regular,Active,2021
CUST-004819,Amelia Rao,amelia.rao@hotmail.com,9.66552E+12,Mecca,Al-Bahah Region,6/4/2024,Female,62,New,Active,2024
CUST-004820,Ahmed Chen,ahmed.chen@outlook.com,9.66525E+12,Al-Kharj,Hail Region,3/11/2021,Male,30,Loyal,Active,2021
CUST-004821,Chen Al-Mahmoud,chen.almahmoud@gmail.com,9.66557E+12,Hail,Eastern Province,7/21/2024,Female,65,VIP,Active,2024
CUST-004822,Khalid Al-Dosari,khalid.aldosari@gmail.com,9.66582E+12,Tabuk,Eastern Province,1/16/2020,Female,27,Regular,Inactive,2020
CUST-004823,Abdullah Zhao,abdullah.zhao@gmail.com,9.66585E+12,Jizan,Hail Region,2/3/2024,Male,44,Regular,Active,2024
CUST-004824,Harper Al-Mutairi,harper.almutairi@icloud.com,9.66552E+12,Jizan,Jazan Region,9/18/2024,Female,40,New,Inactive,2024
CUST-004825,Robert Nair,robert.nair@icloud.com,9.66576E+12,Jeddah,Al-Bahah Region,1/22/2022,Male,30,Loyal,Active,2022
CUST-004826,Dana Huang,dana.huang@icloud.com,9.66552E+12,Buraidah,Asir Region,1/18/2025,Male,65,VIP,Active,2025
CUST-004827,Yang Al-Dosari,yang.aldosari@hotmail.com,9.66525E+12,Sakaka,Makkah Region,9/8/2024,Male,45,Regular,Active,2024
CUST-004828,Olivia Mehta,olivia.mehta@outlook.com,9.66545E+12,Dammam,Eastern Province,8/17/2021,Male,29,VIP,Active,2021
CUST-004829,Vikram Al-Zahrani,vikram.alzahrani@icloud.com,9.66574E+12,Khamis Mushait,Makkah Region,4/25/2020,Male,34,Loyal,Active,2020
CUST-004830,Saad Mehta,saad.mehta@hotmail.com,9.66511E+12,Khobar,Al-Qassim Region,2/5/2024,Male,64,VIP,Active,2024
CUST-004831,Sophia Al-Khalifa,sophia.alkhalifa@yahoo.com,9.66533E+12,Jubail,Makkah Region,4/9/2020,Female,38,Regular,Active,2020
CUST-004832,Fahad Brown,fahad.brown@hotmail.com,9.66564E+12,Buraidah,Asir Region,9/25/2020,Female,22,New,Active,2020
CUST-004833,Lina Williams,lina.williams@hotmail.com,9.66547E+12,Mecca,Al-Bahah Region,1/8/2024,Female,31,Regular,Inactive,2024
CUST-004834,Huang Smith,huang.smith@hotmail.com,9.66542E+12,Jubail,Northern Borders,7/30/2021,Male,20,Loyal,Inactive,2021
CUST-004835,Yousef Huang,yousef.huang@icloud.com,9.66546E+12,Qassim,Al-Bahah Region,6/19/2020,Male,50,VIP,Active,2020
CUST-004836,Matthew Al-Ahmari,matthew.alahmari@icloud.com,9.66569E+12,Medina,Al-Qassim Region,10/7/2025,Male,45,Regular,Active,2025
CUST-004837,Reem Wu,reem.wu@icloud.com,9.66532E+12,Buraidah,Hail Region,10/16/2022,Female,39,New,Active,2022
CUST-004838,Noura Liu,noura.liu@outlook.com,9.66514E+12,Yanbu,Jazan Region,4/6/2023,Female,23,Loyal,Active,2023
CUST-004839,Thomas Al-Rashid,thomas.alrashid@hotmail.com,9.66544E+12,Abha,Jazan Region,3/22/2020,Female,60,Regular,Active,2020
CUST-004840,Emma Al-Qahtani,emma.alqahtani@yahoo.com,9.66574E+12,Jubail,Riyadh Region,9/6/2024,Female,33,New,Active,2024
CUST-004841,Saad Mehta,saad.mehta@icloud.com,9.66595E+12,Riyadh,Al-Jawf Region,5/7/2024,Female,26,Loyal,Active,2024
CUST-004842,Ibrahim Al-Ghamdi,ibrahim.alghamdi@hotmail.com,9.66518E+12,Yanbu,Eastern Province,3/11/2022,Male,57,New,Active,2022
CUST-004843,Yang Rao,yang.rao@icloud.com,9.66575E+12,Qassim,Northern Borders,11/22/2022,Female,34,New,Active,2022
CUST-004844,Evelyn Al-Farsi,evelyn.alfarsi@hotmail.com,9.66554E+12,Medina,Jazan Region,10/3/2023,Female,18,VIP,Active,2023
CUST-004845,Wang Al-Zahrani,wang.alzahrani@outlook.com,9.66515E+12,Abha,Najran Region,1/18/2023,Male,32,Loyal,Active,2023
CUST-004846,Zhang Gupta,zhang.gupta@outlook.com,9.66555E+12,Najran,Jazan Region,9/8/2024,Male,55,VIP,Active,2024
CUST-004847,Rana Al-Malki,rana.almalki@hotmail.com,9.66509E+12,Najran,Northern Borders,3/16/2022,Female,61,New,Active,2022
CUST-004848,Sophia Singh,sophia.singh@hotmail.com,9.66528E+12,Khamis Mushait,Eastern Province,2/16/2022,Male,31,Regular,Inactive,2022
CUST-004849,Abigail Iyer,abigail.iyer@outlook.com,9.66584E+12,Buraidah,Asir Region,1/10/2024,Female,57,New,Inactive,2024
CUST-004850,Matthew Al-Jaber,matthew.aljaber@outlook.com,9.66564E+12,Khamis Mushait,Hail Region,9/27/2025,Female,63,Regular,Active,2025
CUST-004851,Michael Al-Hassan,michael.alhassan@hotmail.com,9.66538E+12,Yanbu,Asir Region,9/20/2024,Female,29,Loyal,Active,2024
CUST-004852,Khalid Mehta,khalid.mehta@gmail.com,9.66566E+12,Tabuk,Al-Jawf Region,11/3/2023,Female,40,Regular,Inactive,2023
CUST-004853,Maha Sharma,maha.sharma@gmail.com,9.6657E+12,Al-Kharj,Najran Region,10/11/2023,Male,56,VIP,Inactive,2023
CUST-004854,Richard Garcia,richard.garcia@gmail.com,9.66599E+12,Al-Ahsa,Al-Bahah Region,9/8/2021,Female,38,VIP,Active,2021
CUST-004855,Daniel Zhao,daniel.zhao@yahoo.com,9.66595E+12,Abha,Makkah Region,7/2/2023,Male,34,Regular,Active,2023
CUST-004856,David Miller,david.miller@hotmail.com,9.66509E+12,Jizan,Jazan Region,5/13/2024,Male,37,Regular,Inactive,2024
CUST-004857,James Li,james.li@hotmail.com,9.66505E+12,Riyadh,Hail Region,10/12/2021,Female,58,Loyal,Active,2021
CUST-004858,Aisha Sharma,aisha.sharma@hotmail.com,9.66577E+12,Jizan,Asir Region,7/23/2020,Female,60,Loyal,Inactive,2020
CUST-004859,Li Wu,li.wu@outlook.com,9.66552E+12,Riyadh,Al-Qassim Region,4/25/2020,Female,63,VIP,Active,2020
CUST-004860,Abigail Rodriguez,abigail.rodriguez@gmail.com,9.66573E+12,Abha,Tabuk Region,7/29/2024,Male,41,New,Active,2024
CUST-004861,Abdullah Al-Hassan,abdullah.alhassan@gmail.com,9.66572E+12,Khamis Mushait,Eastern Province,9/12/2021,Male,21,Regular,Active,2021
CUST-004862,Fahad Al-Nasser,fahad.alnasser@yahoo.com,9.66591E+12,Riyadh,Eastern Province,12/28/2023,Male,22,New,Active,2023
CUST-004863,Daniel Miller,daniel.miller@outlook.com,9.66529E+12,Al-Kharj,Riyadh Region,11/24/2023,Female,38,Regular,Active,2023
CUST-004864,Emma Zhang,emma.zhang@yahoo.com,9.66591E+12,Taif,Al-Qassim Region,7/18/2025,Female,48,VIP,Active,2025
CUST-004865,Robert Chen,robert.chen@hotmail.com,9.66543E+12,Jizan,Asir Region,3/12/2022,Male,33,VIP,Active,2022
CUST-004866,Michael Al-Shehri,michael.alshehri@icloud.com,9.66504E+12,Buraidah,Najran Region,3/29/2022,Male,53,Regular,Active,2022
CUST-004867,Fahad Brown,fahad.brown@gmail.com,9.66517E+12,Jeddah,Northern Borders,11/9/2022,Female,55,New,Active,2022
CUST-004868,James Al-Saud,james.alsaud@icloud.com,9.66535E+12,Medina,Jazan Region,6/5/2025,Male,31,VIP,Active,2025
CUST-004869,Wu Al-Nasser,wu.alnasser@gmail.com,9.66572E+12,Qassim,Al-Bahah Region,9/14/2021,Male,58,Regular,Active,2021
CUST-004870,Li Gupta,li.gupta@gmail.com,9.6657E+12,Tabuk,Al-Qassim Region,11/6/2021,Male,22,Loyal,Active,2021
CUST-004871,Raj Al-Turki,raj.alturki@icloud.com,9.66512E+12,Riyadh,Najran Region,9/5/2020,Male,33,Regular,Active,2020
CUST-004872,Amelia Al-Dosari,amelia.aldosari@outlook.com,9.66503E+12,Najran,Jazan Region,7/20/2023,Male,40,Loyal,Active,2023
CUST-004873,Maha Al-Turki,maha.alturki@gmail.com,9.66519E+12,Tabuk,Hail Region,4/10/2023,Female,62,Regular,Inactive,2023
CUST-004874,William Garcia,william.garcia@icloud.com,9.66596E+12,Khobar,Tabuk Region,3/9/2020,Male,32,VIP,Inactive,2020
CUST-004875,Ibrahim Al-Ghamdi,ibrahim.alghamdi@yahoo.com,9.66517E+12,Najran,Al-Qassim Region,11/4/2020,Female,38,New,Inactive,2020
CUST-004876,Ali Wu,ali.wu@gmail.com,9.66539E+12,Najran,Jazan Region,7/21/2021,Female,57,Regular,Inactive,2021
CUST-004877,Michael Garcia,michael.garcia@icloud.com,9.66511E+12,Jizan,Al-Bahah Region,5/23/2025,Male,32,Regular,Inactive,2025
CUST-004878,Fatima Rao,fatima.rao@outlook.com,9.66554E+12,Buraidah,Najran Region,8/2/2020,Male,62,VIP,Inactive,2020
CUST-004879,Robert Reddy,robert.reddy@icloud.com,9.66599E+12,Khobar,Asir Region,1/23/2024,Female,64,VIP,Active,2024
CUST-004880,Mohammed Al-Shehri,mohammed.alshehri@gmail.com,9.6652E+12,Najran,Al-Jawf Region,6/24/2023,Female,37,VIP,Active,2023
CUST-004881,Evelyn Al-Farsi,evelyn.alfarsi@gmail.com,9.66575E+12,Jeddah,Hail Region,3/5/2021,Female,18,Regular,Active,2021
CUST-004882,Sara Al-Zahrani,sara.alzahrani@outlook.com,9.66575E+12,Sakaka,Al-Qassim Region,8/11/2020,Male,40,VIP,Inactive,2020
CUST-004883,Isabella Garcia,isabella.garcia@icloud.com,9.66511E+12,Tabuk,Eastern Province,1/26/2020,Female,24,New,Active,2020
CUST-004884,Raj Li,raj.li@yahoo.com,9.66582E+12,Jeddah,Eastern Province,2/2/2025,Male,56,VIP,Active,2025
CUST-004885,John Patel,john.patel@gmail.com,9.66527E+12,Tabuk,Jazan Region,8/16/2020,Male,49,Loyal,Active,2020
CUST-004886,Noura Al-Mutairi,noura.almutairi@gmail.com,9.66523E+12,Najran,Makkah Region,3/27/2025,Female,45,Loyal,Inactive,2025
CUST-004887,Abigail Zhou,abigail.zhou@yahoo.com,9.66513E+12,Jubail,Tabuk Region,9/7/2024,Male,24,Regular,Active,2024
CUST-004888,Dana Sharma,dana.sharma@icloud.com,9.66559E+12,Khobar,Al-Jawf Region,2/14/2024,Female,40,Loyal,Active,2024
CUST-004889,Khalid Zhao,khalid.zhao@yahoo.com,9.66595E+12,Sakaka,Riyadh Region,5/29/2023,Female,22,VIP,Active,2023
CUST-004890,James Brown,james.brown@outlook.com,9.66564E+12,Al-Ahsa,Najran Region,12/19/2021,Female,44,VIP,Inactive,2021
CUST-004891,David Chen,david.chen@outlook.com,9.66548E+12,Yanbu,Northern Borders,1/6/2024,Female,61,Loyal,Active,2024
CUST-004892,Amit Al-Rashid,amit.alrashid@hotmail.com,9.66519E+12,Yanbu,Hail Region,8/2/2020,Female,47,Loyal,Active,2020
CUST-004893,Liu Singh,liu.singh@gmail.com,9.66516E+12,Al-Kharj,Al-Jawf Region,1/22/2020,Female,57,Regular,Active,2020
CUST-004894,Richard Zhang,richard.zhang@outlook.com,9.66505E+12,Khobar,Northern Borders,12/10/2022,Female,57,Loyal,Inactive,2022
CUST-004895,David Al-Harbi,david.alharbi@icloud.com,9.66505E+12,Jizan,Northern Borders,1/28/2020,Female,32,Regular,Inactive,2020
CUST-004896,James Al-Harbi,james.alharbi@hotmail.com,9.66517E+12,Dammam,Jazan Region,9/14/2023,Male,58,Regular,Active,2023
CUST-004897,Raj Zhou,raj.zhou@yahoo.com,9.66525E+12,Khobar,Makkah Region,1/25/2022,Male,53,New,Active,2022
CUST-004898,Harper Al-Dosari,harper.aldosari@hotmail.com,9.66546E+12,Dammam,Jazan Region,3/28/2024,Male,38,New,Active,2024
CUST-004899,Sophia Mehta,sophia.mehta@hotmail.com,9.66597E+12,Mecca,Hail Region,2/3/2021,Male,61,VIP,Active,2021
CUST-004900,James Al-Nasser,james.alnasser@icloud.com,9.66594E+12,Qassim,Hail Region,7/4/2022,Male,39,VIP,Inactive,2022
CUST-004901,Evelyn Al-Saud,evelyn.alsaud@icloud.com,9.66592E+12,Yanbu,Al-Qassim Region,11/24/2023,Male,40,VIP,Active,2023
CUST-004902,Yousef Yang,yousef.yang@outlook.com,9.66552E+12,Dammam,Riyadh Region,6/29/2020,Male,53,New,Active,2020
CUST-004903,Arjun Martinez,arjun.martinez@icloud.com,9.66574E+12,Mecca,Makkah Region,11/21/2020,Female,56,Loyal,Active,2020
CUST-004904,Noura Iyer,noura.iyer@gmail.com,9.66598E+12,Sakaka,Al-Bahah Region,1/29/2021,Male,38,New,Active,2021
CUST-004905,Karan Al-Nasser,karan.alnasser@hotmail.com,9.66596E+12,Medina,Al-Qassim Region,1/26/2025,Female,21,New,Active,2025
CUST-004906,Abigail Li,abigail.li@hotmail.com,9.66584E+12,Taif,Al-Jawf Region,4/6/2023,Female,56,VIP,Active,2023
CUST-004907,Fahad Al-Otaibi,fahad.alotaibi@hotmail.com,9.66521E+12,Khamis Mushait,Tabuk Region,1/2/2021,Male,52,Loyal,Active,2021
CUST-004908,Maha Huang,maha.huang@gmail.com,9.66578E+12,Al-Ahsa,Eastern Province,8/21/2023,Female,20,VIP,Active,2023
CUST-004909,Abdullah Singh,abdullah.singh@gmail.com,9.66592E+12,Al-Kharj,Asir Region,2/18/2025,Female,46,Loyal,Active,2025
CUST-004910,Wang Rao,wang.rao@icloud.com,9.6657E+12,Riyadh,Al-Jawf Region,7/4/2024,Male,60,Loyal,Inactive,2024
CUST-004911,Maha Al-Ahmari,maha.alahmari@yahoo.com,9.66552E+12,Khobar,Najran Region,12/11/2022,Male,42,VIP,Active,2022
CUST-004912,Harper Sharma,harper.sharma@icloud.com,9.66528E+12,Al-Ahsa,Al-Bahah Region,9/9/2020,Female,55,Regular,Active,2020
CUST-004913,Richard Wu,richard.wu@gmail.com,9.66556E+12,Al-Kharj,Al-Jawf Region,10/28/2022,Male,45,New,Inactive,2022
CUST-004914,Vikram Johnson,vikram.johnson@outlook.com,9.66563E+12,Riyadh,Riyadh Region,11/26/2021,Male,40,New,Active,2021
CUST-004915,Mohammed Zhou,mohammed.zhou@hotmail.com,9.66559E+12,Jizan,Al-Qassim Region,3/25/2021,Female,48,Regular,Active,2021
CUST-004916,Evelyn Miller,evelyn.miller@yahoo.com,9.66586E+12,Yanbu,Asir Region,4/17/2022,Female,40,VIP,Inactive,2022
CUST-004917,Ravi Al-Qahtani,ravi.alqahtani@yahoo.com,9.66587E+12,Khamis Mushait,Jazan Region,1/12/2020,Male,53,New,Active,2020
CUST-004918,Abdullah Al-Mahmoud,abdullah.almahmoud@yahoo.com,9.66537E+12,Sakaka,Hail Region,10/16/2021,Male,30,New,Active,2021
CUST-004919,Huda Smith,huda.smith@hotmail.com,9.66519E+12,Al-Ahsa,Riyadh Region,3/20/2025,Male,27,Loyal,Inactive,2025
CUST-004920,Olivia Al-Jaber,olivia.aljaber@icloud.com,9.66564E+12,Abha,Al-Bahah Region,9/19/2025,Female,57,New,Inactive,2025
CUST-004921,Amit Al-Shehri,amit.alshehri@yahoo.com,9.66523E+12,Jeddah,Najran Region,8/3/2021,Male,21,VIP,Active,2021
CUST-004922,Isabella Rodriguez,isabella.rodriguez@yahoo.com,9.66553E+12,Sakaka,Jazan Region,10/10/2025,Male,44,VIP,Inactive,2025
CUST-004923,David Wang,david.wang@gmail.com,9.66505E+12,Dammam,Al-Jawf Region,10/27/2023,Male,18,Regular,Inactive,2023
CUST-004924,Reem Smith,reem.smith@yahoo.com,9.66542E+12,Jubail,Riyadh Region,5/24/2021,Male,58,New,Active,2021
CUST-004925,Olivia Li,olivia.li@hotmail.com,9.66534E+12,Jeddah,Asir Region,8/30/2020,Female,65,Loyal,Inactive,2020
CUST-004926,Sara Singh,sara.singh@gmail.com,9.66574E+12,Abha,Asir Region,11/24/2023,Male,32,Loyal,Inactive,2023
CUST-004927,Sara Al-Nasser,sara.alnasser@yahoo.com,9.66502E+12,Hail,Eastern Province,6/15/2025,Female,53,VIP,Active,2025
CUST-004928,William Johnson,william.johnson@gmail.com,9.66516E+12,Al-Ahsa,Riyadh Region,8/7/2020,Female,28,New,Inactive,2020
CUST-004929,Yousef Al-Zahrani,yousef.alzahrani@yahoo.com,9.66541E+12,Al-Ahsa,Al-Jawf Region,3/26/2024,Female,36,VIP,Active,2024
CUST-004930,Robert Al-Farsi,robert.alfarsi@icloud.com,9.66523E+12,Abha,Al-Bahah Region,9/24/2023,Male,58,New,Active,2023
CUST-004931,Huda Davis,huda.davis@hotmail.com,9.66596E+12,Qassim,Al-Bahah Region,8/29/2023,Male,55,Regular,Inactive,2023
CUST-004932,Fahad Liu,fahad.liu@hotmail.com,9.66589E+12,Al-Kharj,Tabuk Region,12/29/2023,Female,60,VIP,Inactive,2023
CUST-004933,Daniel Al-Farsi,daniel.alfarsi@hotmail.com,9.66547E+12,Dammam,Al-Jawf Region,8/13/2020,Female,49,VIP,Active,2020
CUST-004934,Yousef Al-Dosari,yousef.aldosari@gmail.com,9.66576E+12,Yanbu,Asir Region,11/19/2022,Male,34,Loyal,Active,2022
CUST-004935,Saad Rodriguez,saad.rodriguez@hotmail.com,9.66545E+12,Yanbu,Al-Bahah Region,1/27/2024,Female,37,New,Active,2024
CUST-004936,Sanjay Kumar,sanjay.kumar@yahoo.com,9.66553E+12,Khamis Mushait,Najran Region,12/27/2025,Female,37,Loyal,Active,2025
CUST-004937,Liu Al-Otaibi,liu.alotaibi@icloud.com,9.66594E+12,Riyadh,Tabuk Region,9/2/2022,Male,48,VIP,Active,2022
CUST-004938,Khalid Garcia,khalid.garcia@icloud.com,9.66514E+12,Yanbu,Al-Bahah Region,8/6/2025,Female,34,Regular,Inactive,2025
CUST-004939,Noura Li,noura.li@outlook.com,9.66573E+12,Al-Ahsa,Al-Bahah Region,5/14/2021,Female,34,Regular,Active,2021
CUST-004940,Rana Al-Ahmari,rana.alahmari@yahoo.com,9.66551E+12,Tabuk,Najran Region,5/12/2022,Female,24,Regular,Active,2022
CUST-004941,Emma Al-Malki,emma.almalki@yahoo.com,9.66537E+12,Dammam,Riyadh Region,12/25/2024,Female,22,Loyal,Active,2024
CUST-004942,Noura Wang,noura.wang@gmail.com,9.66507E+12,Abha,Eastern Province,8/19/2022,Female,47,Regular,Active,2022
CUST-004943,James Smith,james.smith@gmail.com,9.66508E+12,Hail,Najran Region,2/13/2022,Female,41,VIP,Inactive,2022
CUST-004944,Huang Johnson,huang.johnson@outlook.com,9.66533E+12,Mecca,Najran Region,2/25/2023,Female,24,New,Inactive,2023
CUST-004945,Isabella Patel,isabella.patel@icloud.com,9.66599E+12,Khamis Mushait,Al-Bahah Region,1/17/2021,Male,24,VIP,Active,2021
CUST-004946,Charlotte Al-Ahmari,charlotte.alahmari@outlook.com,9.66584E+12,Buraidah,Eastern Province,1/9/2020,Female,34,Regular,Active,2020
CUST-004947,Arjun Zhao,arjun.zhao@hotmail.com,9.66554E+12,Buraidah,Asir Region,2/7/2022,Female,54,Loyal,Active,2022
CUST-004948,Nikhil Wu,nikhil.wu@outlook.com,9.66529E+12,Riyadh,Tabuk Region,7/25/2020,Male,29,VIP,Active,2020
CUST-004949,Maha Al-Jaber,maha.aljaber@yahoo.com,9.66501E+12,Sakaka,Al-Jawf Region,11/27/2020,Female,32,New,Active,2020
CUST-004950,Aisha Jones,aisha.jones@yahoo.com,9.6655E+12,Abha,Riyadh Region,10/13/2025,Female,28,VIP,Active,2025
CUST-004951,Emma Zhang,emma.zhang@yahoo.com,9.66591E+12,Jubail,Makkah Region,7/8/2021,Male,28,VIP,Active,2021
CUST-004952,Abigail Chen,abigail.chen@icloud.com,9.66569E+12,Mecca,Riyadh Region,8/23/2021,Female,25,Regular,Active,2021
CUST-004953,Pavan Smith,pavan.smith@hotmail.com,9.6655E+12,Sakaka,Hail Region,12/23/2021,Male,46,Loyal,Inactive,2021
CUST-004954,Harper Al-Saud,harper.alsaud@gmail.com,9.66553E+12,Qassim,Asir Region,12/15/2020,Male,54,Loyal,Active,2020
CUST-004955,Sophia Huang,sophia.huang@hotmail.com,9.66517E+12,Jizan,Hail Region,8/18/2020,Male,52,New,Active,2020
CUST-004956,James Davis,james.davis@hotmail.com,9.66503E+12,Al-Ahsa,Jazan Region,5/15/2024,Male,25,Regular,Active,2024
CUST-004957,Saad Gupta,saad.gupta@yahoo.com,9.66557E+12,Najran,Makkah Region,4/10/2020,Male,19,Regular,Active,2020
CUST-004958,Liu Nair,liu.nair@icloud.com,9.66557E+12,Buraidah,Asir Region,4/28/2025,Male,53,VIP,Active,2025
CUST-004959,Raj Al-Qahtani,raj.alqahtani@icloud.com,9.66546E+12,Khamis Mushait,Makkah Region,5/9/2024,Male,21,Regular,Active,2024
CUST-004960,Fatima Zhao,fatima.zhao@gmail.com,9.66583E+12,Tabuk,Northern Borders,3/4/2022,Female,26,VIP,Active,2022
CUST-004961,Fahad Al-Malki,fahad.almalki@icloud.com,9.66581E+12,Tabuk,Al-Bahah Region,12/20/2020,Male,27,Loyal,Active,2020
CUST-004962,Lina Rao,lina.rao@gmail.com,9.66551E+12,Jizan,Jazan Region,4/22/2023,Male,61,VIP,Active,2023
CUST-004963,Liu Al-Farsi,liu.alfarsi@icloud.com,9.66525E+12,Buraidah,Northern Borders,10/10/2023,Female,49,Loyal,Active,2023
CUST-004964,Li Al-Shehri,li.alshehri@outlook.com,9.66592E+12,Buraidah,Hail Region,12/20/2023,Male,31,Loyal,Active,2023
CUST-004965,Lina Patel,lina.patel@hotmail.com,9.66524E+12,Al-Ahsa,Eastern Province,11/13/2022,Female,45,Loyal,Active,2022
CUST-004966,Sanjay Al-Malki,sanjay.almalki@yahoo.com,9.66567E+12,Jizan,Makkah Region,7/12/2025,Female,59,Loyal,Inactive,2025
CUST-004967,Ahmed Davis,ahmed.davis@hotmail.com,9.66553E+12,Dammam,Tabuk Region,11/30/2021,Male,41,Loyal,Active,2021
CUST-004968,Ibrahim Sharma,ibrahim.sharma@hotmail.com,9.66597E+12,Qassim,Riyadh Region,3/17/2024,Female,32,Loyal,Active,2024
CUST-004969,Abigail Al-Faisal,abigail.alfaisal@outlook.com,9.6651E+12,Tabuk,Tabuk Region,9/26/2025,Female,32,New,Active,2025
CUST-004970,Thomas Al-Harbi,thomas.alharbi@gmail.com,9.66556E+12,Hail,Asir Region,2/26/2024,Male,23,New,Active,2024
CUST-004971,Maha Johnson,maha.johnson@hotmail.com,9.66502E+12,Najran,Riyadh Region,12/5/2022,Male,58,Loyal,Inactive,2022
CUST-004972,Wei Al-Ghamdi,wei.alghamdi@icloud.com,9.66568E+12,Riyadh,Najran Region,9/27/2025,Male,39,VIP,Active,2025
CUST-004973,Sophia Al-Faisal,sophia.alfaisal@yahoo.com,9.66565E+12,Hail,Tabuk Region,1/10/2025,Female,57,Loyal,Inactive,2025
CUST-004974,Amelia Al-Jaber,amelia.aljaber@outlook.com,9.66543E+12,Najran,Al-Bahah Region,4/12/2023,Male,58,New,Active,2023
CUST-004975,Noura Gupta,noura.gupta@icloud.com,9.66527E+12,Hail,Northern Borders,10/10/2025,Female,55,Loyal,Inactive,2025
CUST-004976,John Al-Ghamdi,john.alghamdi@outlook.com,9.6659E+12,Yanbu,Jazan Region,1/12/2022,Female,32,New,Inactive,2022
CUST-004977,Saad Singh,saad.singh@icloud.com,9.66508E+12,Jizan,Jazan Region,11/9/2025,Female,41,New,Active,2025
CUST-004978,Zhang Wu,zhang.wu@yahoo.com,9.66525E+12,Yanbu,Jazan Region,10/17/2020,Male,47,VIP,Active,2020
CUST-004979,Noura Rao,noura.rao@gmail.com,9.66501E+12,Dammam,Al-Bahah Region,2/16/2024,Female,30,VIP,Active,2024
CUST-004980,Li Al-Jaber,li.aljaber@icloud.com,9.66576E+12,Al-Ahsa,Riyadh Region,2/9/2024,Male,29,New,Inactive,2024
CUST-004981,Sunil Garcia,sunil.garcia@outlook.com,9.66514E+12,Riyadh,Makkah Region,3/27/2023,Female,44,VIP,Active,2023
CUST-004982,Abigail Wang,abigail.wang@yahoo.com,9.666E+12,Buraidah,Makkah Region,8/22/2020,Male,45,Loyal,Active,2020
CUST-004983,Isabella Al-Rashid,isabella.alrashid@outlook.com,9.66594E+12,Dammam,Al-Bahah Region,11/17/2025,Female,20,New,Active,2025
CUST-004984,Matthew Al-Shehri,matthew.alshehri@yahoo.com,9.66504E+12,Jubail,Riyadh Region,2/26/2025,Male,51,VIP,Active,2025
CUST-004985,Wang Mehta,wang.mehta@icloud.com,9.66508E+12,Al-Ahsa,Jazan Region,8/16/2022,Female,31,New,Active,2022
CUST-004986,Li Huang,li.huang@yahoo.com,9.66576E+12,Sakaka,Eastern Province,7/1/2025,Female,44,New,Active,2025
CUST-004987,Ali Al-Otaibi,ali.alotaibi@outlook.com,9.666E+12,Al-Ahsa,Jazan Region,4/11/2023,Male,18,Loyal,Active,2023
CUST-004988,Khalid Zhang,khalid.zhang@yahoo.com,9.66526E+12,Jizan,Northern Borders,10/19/2020,Male,42,New,Active,2020
CUST-004989,Isabella Singh,isabella.singh@yahoo.com,9.66572E+12,Riyadh,Jazan Region,9/12/2020,Male,24,New,Active,2020
CUST-004990,Pavan Al-Malki,pavan.almalki@yahoo.com,9.66513E+12,Jizan,Najran Region,6/12/2022,Male,38,New,Active,2022
CUST-004991,Abdullah Al-Shehri,abdullah.alshehri@icloud.com,9.66516E+12,Al-Kharj,Asir Region,1/5/2023,Male,18,Loyal,Active,2023
CUST-004992,Thomas Zhou,thomas.zhou@icloud.com,9.66572E+12,Jeddah,Makkah Region,2/27/2023,Female,23,New,Active,2023
CUST-004993,Lina Johnson,lina.johnson@icloud.com,9.66523E+12,Najran,Makkah Region,4/10/2024,Female,26,VIP,Inactive,2024
CUST-004994,Raj Gupta,raj.gupta@gmail.com,9.66567E+12,Dammam,Makkah Region,9/14/2020,Female,19,Regular,Active,2020
CUST-004995,Rana Martinez,rana.martinez@icloud.com,9.66565E+12,Hail,Riyadh Region,10/5/2021,Female,65,Regular,Active,2021
CUST-004996,Zhang Liu,zhang.liu@yahoo.com,9.66555E+12,Khamis Mushait,Riyadh Region,9/19/2023,Female,40,VIP,Active,2023
CUST-004997,Yang Smith,yang.smith@hotmail.com,9.66524E+12,Dammam,Northern Borders,5/31/2022,Male,41,Regular,Active,2022
CUST-004998,Abdullah Al-Turki,abdullah.alturki@outlook.com,9.66555E+12,Khamis Mushait,Jazan Region,7/31/2025,Male,61,Regular,Active,2025
CUST-004999,Ahmed Al-Farsi,ahmed.alfarsi@gmail.com,9.66562E+12,Tabuk,Al-Qassim Region,6/17/2021,Male,33,New,Inactive,2021
CUST-005000,Richard Rao,richard.rao@outlook.com,9.66575E+12,Buraidah,Najran Region,11/15/2021,Male,50,Loyal,Inactive,2021
